timestamp,admissions,discharges,staff_count,flu_cases,bed_occupancy
2019-01-01 00:00:00,11,18,31,4,55.39
2019-01-01 01:00:00,37,14,56,6,79.96
2019-01-01 02:00:00,32,25,37,15,63.39
2019-01-01 03:00:00,24,30,56,1,72.59
2019-01-01 04:00:00,24,15,50,1,71.99
2019-01-01 05:00:00,40,34,37,5,67.61
2019-01-01 06:00:00,11,29,47,10,55.0
2019-01-01 07:00:00,34,12,31,14,75.39
2019-01-01 08:00:00,15,40,55,10,55.0
2019-01-01 09:00:00,11,7,41,8,55.8
2019-01-01 10:00:00,28,30,44,15,63.58
2019-01-01 11:00:00,45,22,35,3,75.72
2019-01-01 12:00:00,35,30,43,16,61.22
2019-01-01 13:00:00,36,34,44,5,59.62
2019-01-01 14:00:00,35,31,38,4,55.0
2019-01-01 15:00:00,37,30,66,17,61.23
2019-01-01 16:00:00,27,37,40,11,57.26
2019-01-01 17:00:00,12,31,36,7,55.73
2019-01-01 18:00:00,39,36,50,5,68.5
2019-01-01 19:00:00,25,20,41,7,66.65
2019-01-01 20:00:00,27,13,46,14,81.19
2019-01-01 21:00:00,22,14,56,2,76.14
2019-01-01 22:00:00,14,28,32,3,56.76
2019-01-01 23:00:00,43,25,48,5,86.71
2019-01-02 00:00:00,37,8,30,8,78.24
2019-01-02 01:00:00,32,13,31,14,71.18
2019-01-02 02:00:00,23,41,33,3,55.0
2019-01-02 03:00:00,39,32,35,14,66.67
2019-01-02 04:00:00,28,33,42,16,61.41
2019-01-02 05:00:00,24,13,64,7,75.98
2019-01-02 06:00:00,25,8,63,17,74.68
2019-01-02 07:00:00,16,16,33,16,61.27
2019-01-02 08:00:00,11,37,66,14,55.0
2019-01-02 09:00:00,29,24,53,6,55.0
2019-01-02 10:00:00,41,35,50,5,57.51
2019-01-02 11:00:00,10,24,59,15,55.0
2019-01-02 12:00:00,40,24,47,7,64.8
2019-01-02 13:00:00,39,28,39,0,63.85
2019-01-02 14:00:00,18,41,49,12,55.0
2019-01-02 15:00:00,32,22,56,6,66.79
2019-01-02 16:00:00,14,28,55,16,55.0
2019-01-02 17:00:00,36,40,36,15,56.23
2019-01-02 18:00:00,34,19,64,1,80.66
2019-01-02 19:00:00,21,37,40,16,61.66
2019-01-02 20:00:00,10,25,60,17,61.55
2019-01-02 21:00:00,44,38,41,13,63.5
2019-01-02 22:00:00,24,23,32,4,68.04
2019-01-02 23:00:00,41,29,66,12,78.25
2019-01-03 00:00:00,33,17,51,15,77.02
2019-01-03 01:00:00,37,29,37,14,68.69
2019-01-03 02:00:00,36,18,30,7,73.87
2019-01-03 03:00:00,15,28,34,12,55.39
2019-01-03 04:00:00,21,35,36,6,55.0
2019-01-03 05:00:00,25,22,64,4,73.2
2019-01-03 06:00:00,26,21,36,12,68.4
2019-01-03 07:00:00,9,17,35,8,55.32
2019-01-03 08:00:00,28,33,60,4,60.93
2019-01-03 09:00:00,13,27,62,11,55.4
2019-01-03 10:00:00,36,25,37,5,73.75
2019-01-03 11:00:00,33,6,54,10,77.91
2019-01-03 12:00:00,43,10,49,6,80.41
2019-01-03 13:00:00,36,6,51,15,75.93
2019-01-03 14:00:00,21,37,41,15,55.0
2019-01-03 15:00:00,44,37,57,8,70.42
2019-01-03 16:00:00,23,8,62,12,73.33
2019-01-03 17:00:00,20,7,56,3,66.79
2019-01-03 18:00:00,42,34,63,17,71.04
2019-01-03 19:00:00,22,25,34,3,64.78
2019-01-03 20:00:00,10,17,54,15,55.0
2019-01-03 21:00:00,25,28,66,15,62.96
2019-01-03 22:00:00,38,14,49,3,81.97
2019-01-03 23:00:00,15,13,64,0,62.67
2019-01-04 00:00:00,25,19,42,13,62.41
2019-01-04 01:00:00,12,39,63,15,55.0
2019-01-04 02:00:00,34,34,64,12,69.74
2019-01-04 03:00:00,26,13,53,1,75.26
2019-01-04 04:00:00,20,26,56,11,68.36
2019-01-04 05:00:00,16,38,49,7,55.0
2019-01-04 06:00:00,29,41,41,16,55.0
2019-01-04 07:00:00,33,34,49,14,55.44
2019-01-04 08:00:00,43,10,65,14,78.34
2019-01-04 09:00:00,24,14,30,7,65.63
2019-01-04 10:00:00,14,14,37,5,60.29
2019-01-04 11:00:00,39,11,48,14,74.39
2019-01-04 12:00:00,31,12,42,2,69.82
2019-01-04 13:00:00,34,17,53,1,72.89
2019-01-04 14:00:00,11,26,43,1,55.0
2019-01-04 15:00:00,19,20,54,9,64.62
2019-01-04 16:00:00,37,21,33,1,64.42
2019-01-04 17:00:00,39,15,42,10,73.42
2019-01-04 18:00:00,24,11,55,3,68.21
2019-01-04 19:00:00,38,42,47,16,64.31
2019-01-04 20:00:00,39,28,56,7,67.32
2019-01-04 21:00:00,22,14,53,1,69.07
2019-01-04 22:00:00,42,35,42,12,61.99
2019-01-04 23:00:00,18,36,45,6,58.8
2019-01-05 00:00:00,17,41,65,4,59.62
2019-01-05 01:00:00,33,11,65,11,83.42
2019-01-05 02:00:00,32,29,31,17,68.73
2019-01-05 03:00:00,13,42,56,17,55.0
2019-01-05 04:00:00,39,35,48,7,68.88
2019-01-05 05:00:00,15,14,30,15,64.0
2019-01-05 06:00:00,38,39,53,3,64.3
2019-01-05 07:00:00,8,21,30,15,55.0
2019-01-05 08:00:00,38,24,41,16,65.58
2019-01-05 09:00:00,37,26,55,9,65.48
2019-01-05 10:00:00,37,34,60,9,59.24
2019-01-05 11:00:00,33,10,45,10,63.37
2019-01-05 12:00:00,25,25,59,1,55.0
2019-01-05 13:00:00,34,36,61,15,58.4
2019-01-05 14:00:00,18,26,46,13,56.76
2019-01-05 15:00:00,37,16,36,15,68.84
2019-01-05 16:00:00,29,8,54,2,82.59
2019-01-05 17:00:00,25,26,30,14,55.0
2019-01-05 18:00:00,27,32,63,6,62.16
2019-01-05 19:00:00,29,26,44,14,69.21
2019-01-05 20:00:00,9,42,58,17,55.0
2019-01-05 21:00:00,13,28,57,15,60.08
2019-01-05 22:00:00,17,24,47,16,65.86
2019-01-05 23:00:00,12,8,65,2,70.1
2019-01-06 00:00:00,24,26,59,5,73.01
2019-01-06 01:00:00,33,12,62,5,84.29
2019-01-06 02:00:00,32,32,33,9,60.85
2019-01-06 03:00:00,25,11,47,17,73.93
2019-01-06 04:00:00,40,39,65,12,60.17
2019-01-06 05:00:00,29,17,60,9,76.91
2019-01-06 06:00:00,11,22,46,14,56.51
2019-01-06 07:00:00,37,11,32,3,78.79
2019-01-06 08:00:00,29,13,40,11,67.17
2019-01-06 09:00:00,32,40,51,9,55.0
2019-01-06 10:00:00,29,16,53,3,76.16
2019-01-06 11:00:00,29,24,64,11,62.39
2019-01-06 12:00:00,11,42,33,15,55.0
2019-01-06 13:00:00,29,29,44,14,61.7
2019-01-06 14:00:00,38,7,40,15,82.36
2019-01-06 15:00:00,19,19,65,14,59.57
2019-01-06 16:00:00,30,20,36,8,63.51
2019-01-06 17:00:00,9,16,38,0,56.8
2019-01-06 18:00:00,21,14,41,17,60.57
2019-01-06 19:00:00,24,24,33,8,58.76
2019-01-06 20:00:00,45,19,53,11,86.04
2019-01-06 21:00:00,16,16,49,0,64.61
2019-01-06 22:00:00,18,21,50,15,60.96
2019-01-06 23:00:00,23,18,63,15,68.65
2019-01-07 00:00:00,45,14,46,16,88.44
2019-01-07 01:00:00,40,22,41,3,68.44
2019-01-07 02:00:00,9,40,43,15,55.0
2019-01-07 03:00:00,16,24,59,11,72.53
2019-01-07 04:00:00,39,28,49,2,79.32
2019-01-07 05:00:00,10,42,36,10,55.0
2019-01-07 06:00:00,40,28,55,8,75.37
2019-01-07 07:00:00,18,14,57,11,69.96
2019-01-07 08:00:00,42,20,39,1,71.25
2019-01-07 09:00:00,19,24,50,10,60.77
2019-01-07 10:00:00,24,23,50,12,66.81
2019-01-07 11:00:00,33,11,36,12,64.3
2019-01-07 12:00:00,12,9,30,13,60.46
2019-01-07 13:00:00,29,18,56,11,66.75
2019-01-07 14:00:00,27,39,52,12,55.0
2019-01-07 15:00:00,37,32,56,1,63.23
2019-01-07 16:00:00,45,37,43,14,65.38
2019-01-07 17:00:00,33,12,49,6,74.55
2019-01-07 18:00:00,23,21,66,9,70.17
2019-01-07 19:00:00,23,27,38,9,62.67
2019-01-07 20:00:00,23,22,54,17,65.49
2019-01-07 21:00:00,38,21,34,5,70.57
2019-01-07 22:00:00,20,19,32,6,63.76
2019-01-07 23:00:00,14,7,65,13,73.74
2019-01-08 00:00:00,20,37,34,11,55.0
2019-01-08 01:00:00,8,40,54,5,55.0
2019-01-08 02:00:00,12,8,49,6,71.66
2019-01-08 03:00:00,11,21,59,14,67.09
2019-01-08 04:00:00,37,25,50,15,70.23
2019-01-08 05:00:00,35,35,55,2,62.28
2019-01-08 06:00:00,34,42,63,7,65.38
2019-01-08 07:00:00,25,21,60,13,66.49
2019-01-08 08:00:00,35,33,56,2,62.58
2019-01-08 09:00:00,14,40,36,3,55.0
2019-01-08 10:00:00,42,36,36,2,64.59
2019-01-08 11:00:00,27,16,48,9,60.42
2019-01-08 12:00:00,43,36,54,8,69.23
2019-01-08 13:00:00,13,21,54,5,55.0
2019-01-08 14:00:00,26,6,59,2,78.74
2019-01-08 15:00:00,34,34,33,11,55.0
2019-01-08 16:00:00,26,36,36,14,56.06
2019-01-08 17:00:00,24,18,35,3,63.83
2019-01-08 18:00:00,14,22,50,11,55.0
2019-01-08 19:00:00,22,19,53,14,69.69
2019-01-08 20:00:00,17,10,34,10,60.74
2019-01-08 21:00:00,19,42,62,10,55.0
2019-01-08 22:00:00,33,6,41,3,86.2
2019-01-08 23:00:00,31,26,54,17,69.31
2019-01-09 00:00:00,31,6,57,17,79.5
2019-01-09 01:00:00,21,31,31,12,64.32
2019-01-09 02:00:00,44,39,61,16,70.92
2019-01-09 03:00:00,11,29,65,10,57.33
2019-01-09 04:00:00,21,28,65,11,69.17
2019-01-09 05:00:00,12,36,35,14,55.0
2019-01-09 06:00:00,20,42,44,0,55.0
2019-01-09 07:00:00,44,37,38,3,69.12
2019-01-09 08:00:00,21,14,46,3,60.44
2019-01-09 09:00:00,42,26,66,11,78.49
2019-01-09 10:00:00,26,36,58,4,55.0
2019-01-09 11:00:00,34,16,58,7,74.02
2019-01-09 12:00:00,25,30,45,8,59.91
2019-01-09 13:00:00,18,6,64,13,67.21
2019-01-09 14:00:00,37,38,64,9,59.21
2019-01-09 15:00:00,44,28,59,0,70.52
2019-01-09 16:00:00,18,33,60,12,57.52
2019-01-09 17:00:00,37,36,54,7,60.01
2019-01-09 18:00:00,17,14,33,2,59.31
2019-01-09 19:00:00,35,22,40,11,77.42
2019-01-09 20:00:00,37,37,58,4,64.28
2019-01-09 21:00:00,25,12,42,8,75.12
2019-01-09 22:00:00,36,36,36,17,65.86
2019-01-09 23:00:00,18,16,65,4,70.49
2019-01-10 00:00:00,11,27,48,15,64.74
2019-01-10 01:00:00,11,24,61,8,61.48
2019-01-10 02:00:00,24,31,40,16,61.14
2019-01-10 03:00:00,42,36,43,15,68.22
2019-01-10 04:00:00,12,18,42,14,59.66
2019-01-10 05:00:00,25,12,43,3,68.45
2019-01-10 06:00:00,34,21,46,14,68.27
2019-01-10 07:00:00,15,28,41,6,60.96
2019-01-10 08:00:00,35,33,60,16,66.22
2019-01-10 09:00:00,19,33,42,17,55.0
2019-01-10 10:00:00,38,18,46,11,74.15
2019-01-10 11:00:00,30,40,61,16,55.0
2019-01-10 12:00:00,28,9,46,9,74.57
2019-01-10 13:00:00,14,10,30,0,64.55
2019-01-10 14:00:00,25,6,30,15,77.02
2019-01-10 15:00:00,40,40,46,9,63.98
2019-01-10 16:00:00,8,12,53,0,61.12
2019-01-10 17:00:00,36,28,64,1,73.32
2019-01-10 18:00:00,26,36,34,13,55.0
2019-01-10 19:00:00,35,34,50,16,63.65
2019-01-10 20:00:00,33,41,40,12,60.11
2019-01-10 21:00:00,24,7,46,7,81.13
2019-01-10 22:00:00,19,21,46,5,62.49
2019-01-10 23:00:00,31,24,41,7,66.97
2019-01-11 00:00:00,13,31,30,5,56.03
2019-01-11 01:00:00,30,29,32,4,68.45
2019-01-11 02:00:00,11,26,49,2,55.21
2019-01-11 03:00:00,32,17,38,10,75.39
2019-01-11 04:00:00,31,9,42,3,81.5
2019-01-11 05:00:00,11,21,33,2,61.25
2019-01-11 06:00:00,36,15,31,4,73.54
2019-01-11 07:00:00,23,26,34,14,57.7
2019-01-11 08:00:00,37,35,43,10,67.57
2019-01-11 09:00:00,9,26,36,8,55.0
2019-01-11 10:00:00,14,27,38,10,55.0
2019-01-11 11:00:00,26,7,41,10,75.52
2019-01-11 12:00:00,15,29,40,8,55.0
2019-01-11 13:00:00,20,22,30,15,55.0
2019-01-11 14:00:00,33,10,34,13,64.68
2019-01-11 15:00:00,13,13,65,3,59.61
2019-01-11 16:00:00,33,34,54,14,62.92
2019-01-11 17:00:00,11,39,34,3,55.0
2019-01-11 18:00:00,14,24,40,1,64.81
2019-01-11 19:00:00,30,42,44,7,58.18
2019-01-11 20:00:00,38,12,63,7,79.02
2019-01-11 21:00:00,14,17,62,14,60.68
2019-01-11 22:00:00,19,40,58,12,60.35
2019-01-11 23:00:00,43,12,33,1,82.15
2019-01-12 00:00:00,45,30,48,8,68.36
2019-01-12 01:00:00,30,14,47,14,74.77
2019-01-12 02:00:00,24,18,53,13,65.34
2019-01-12 03:00:00,21,23,61,9,63.31
2019-01-12 04:00:00,31,19,41,11,69.8
2019-01-12 05:00:00,30,38,50,10,55.0
2019-01-12 06:00:00,19,41,39,4,55.0
2019-01-12 07:00:00,8,24,37,10,55.0
2019-01-12 08:00:00,13,25,41,12,55.0
2019-01-12 09:00:00,44,8,57,1,75.12
2019-01-12 10:00:00,23,14,46,12,60.55
2019-01-12 11:00:00,26,7,55,4,64.85
2019-01-12 12:00:00,25,37,55,0,55.0
2019-01-12 13:00:00,37,14,43,13,70.24
2019-01-12 14:00:00,10,18,65,7,59.81
2019-01-12 15:00:00,11,37,31,7,55.0
2019-01-12 16:00:00,18,32,63,11,55.89
2019-01-12 17:00:00,26,28,30,10,59.36
2019-01-12 18:00:00,33,7,44,11,78.49
2019-01-12 19:00:00,26,26,60,17,65.86
2019-01-12 20:00:00,24,26,55,11,63.68
2019-01-12 21:00:00,43,17,41,0,78.29
2019-01-12 22:00:00,14,33,62,4,55.0
2019-01-12 23:00:00,29,40,35,8,61.98
2019-01-13 00:00:00,28,15,54,8,73.99
2019-01-13 01:00:00,25,18,49,6,75.96
2019-01-13 02:00:00,38,17,37,3,79.87
2019-01-13 03:00:00,18,36,64,1,55.0
2019-01-13 04:00:00,44,8,58,2,89.9
2019-01-13 05:00:00,20,39,30,17,55.0
2019-01-13 06:00:00,28,34,33,7,64.78
2019-01-13 07:00:00,27,23,32,17,55.94
2019-01-13 08:00:00,40,27,45,6,68.44
2019-01-13 09:00:00,24,39,45,5,55.0
2019-01-13 10:00:00,18,34,56,8,55.0
2019-01-13 11:00:00,8,16,55,17,55.0
2019-01-13 12:00:00,21,7,30,10,55.0
2019-01-13 13:00:00,39,30,47,0,61.06
2019-01-13 14:00:00,8,11,59,4,56.54
2019-01-13 15:00:00,42,9,63,17,70.13
2019-01-13 16:00:00,28,42,40,2,55.0
2019-01-13 17:00:00,13,23,31,15,55.0
2019-01-13 18:00:00,19,30,35,16,57.11
2019-01-13 19:00:00,29,14,42,3,69.69
2019-01-13 20:00:00,19,9,46,10,77.26
2019-01-13 21:00:00,12,8,42,10,65.62
2019-01-13 22:00:00,33,19,33,14,73.68
2019-01-13 23:00:00,33,6,42,14,79.61
2019-01-14 00:00:00,12,21,40,1,55.06
2019-01-14 01:00:00,18,18,48,5,66.33
2019-01-14 02:00:00,17,25,32,16,63.71
2019-01-14 03:00:00,33,27,59,6,72.79
2019-01-14 04:00:00,35,17,45,4,73.48
2019-01-14 05:00:00,35,22,41,11,64.59
2019-01-14 06:00:00,43,8,63,3,86.13
2019-01-14 07:00:00,37,17,57,2,75.21
2019-01-14 08:00:00,20,42,35,14,55.0
2019-01-14 09:00:00,12,42,35,2,55.0
2019-01-14 10:00:00,31,23,30,16,55.0
2019-01-14 11:00:00,42,40,50,4,61.89
2019-01-14 12:00:00,45,24,43,1,69.31
2019-01-14 13:00:00,16,10,43,13,66.82
2019-01-14 14:00:00,16,38,48,3,55.0
2019-01-14 15:00:00,9,21,49,6,55.0
2019-01-14 16:00:00,13,28,30,6,55.0
2019-01-14 17:00:00,29,30,33,9,57.2
2019-01-14 18:00:00,28,17,59,8,67.37
2019-01-14 19:00:00,22,33,65,3,59.22
2019-01-14 20:00:00,19,24,60,4,59.82
2019-01-14 21:00:00,39,19,63,3,77.57
2019-01-14 22:00:00,25,17,47,0,78.76
2019-01-14 23:00:00,38,33,60,11,75.27
2019-01-15 00:00:00,44,15,62,8,86.82
2019-01-15 01:00:00,20,10,63,1,81.29
2019-01-15 02:00:00,15,38,35,5,55.0
2019-01-15 03:00:00,44,18,35,12,89.88
2019-01-15 04:00:00,32,29,44,5,65.4
2019-01-15 05:00:00,19,32,48,7,65.77
2019-01-15 06:00:00,31,37,65,13,70.14
2019-01-15 07:00:00,27,29,41,12,55.0
2019-01-15 08:00:00,42,32,60,12,74.06
2019-01-15 09:00:00,17,36,62,6,55.0
2019-01-15 10:00:00,45,40,65,8,62.02
2019-01-15 11:00:00,43,7,37,15,80.19
2019-01-15 12:00:00,14,33,38,15,55.0
2019-01-15 13:00:00,14,12,38,1,61.5
2019-01-15 14:00:00,28,38,57,15,55.0
2019-01-15 15:00:00,9,7,55,16,63.06
2019-01-15 16:00:00,19,15,45,16,68.73
2019-01-15 17:00:00,24,13,33,4,68.67
2019-01-15 18:00:00,44,28,49,9,71.2
2019-01-15 19:00:00,45,6,57,0,89.42
2019-01-15 20:00:00,13,6,47,1,64.11
2019-01-15 21:00:00,41,24,39,10,72.01
2019-01-15 22:00:00,11,41,51,3,55.0
2019-01-15 23:00:00,36,25,54,4,77.88
2019-01-16 00:00:00,40,22,51,5,80.29
2019-01-16 01:00:00,41,30,62,8,77.91
2019-01-16 02:00:00,16,26,41,2,61.56
2019-01-16 03:00:00,41,20,52,14,75.95
2019-01-16 04:00:00,12,27,61,12,65.22
2019-01-16 05:00:00,27,6,37,14,72.79
2019-01-16 06:00:00,25,15,40,16,70.35
2019-01-16 07:00:00,20,30,31,10,55.16
2019-01-16 08:00:00,8,18,43,6,57.97
2019-01-16 09:00:00,37,8,31,17,72.62
2019-01-16 10:00:00,20,10,57,10,70.68
2019-01-16 11:00:00,33,38,33,8,60.89
2019-01-16 12:00:00,23,18,55,7,66.89
2019-01-16 13:00:00,22,6,51,0,69.35
2019-01-16 14:00:00,41,32,66,17,65.08
2019-01-16 15:00:00,11,25,42,14,63.78
2019-01-16 16:00:00,35,22,42,12,64.3
2019-01-16 17:00:00,36,39,38,3,63.68
2019-01-16 18:00:00,22,17,49,16,68.15
2019-01-16 19:00:00,17,27,38,3,58.38
2019-01-16 20:00:00,8,33,34,4,55.0
2019-01-16 21:00:00,43,28,65,1,75.06
2019-01-16 22:00:00,44,13,55,5,87.33
2019-01-16 23:00:00,17,31,34,5,60.48
2019-01-17 00:00:00,9,33,52,14,65.73
2019-01-17 01:00:00,12,10,41,5,72.35
2019-01-17 02:00:00,10,12,36,17,66.98
2019-01-17 03:00:00,39,30,47,5,73.65
2019-01-17 04:00:00,41,10,59,9,91.08
2019-01-17 05:00:00,13,38,30,10,55.0
2019-01-17 06:00:00,36,10,43,14,76.39
2019-01-17 07:00:00,14,42,64,13,55.0
2019-01-17 08:00:00,21,30,44,15,57.96
2019-01-17 09:00:00,30,22,33,16,66.43
2019-01-17 10:00:00,35,15,45,2,66.14
2019-01-17 11:00:00,41,18,55,1,78.06
2019-01-17 12:00:00,9,33,66,8,55.0
2019-01-17 13:00:00,15,33,53,2,55.0
2019-01-17 14:00:00,18,13,31,8,60.95
2019-01-17 15:00:00,19,26,59,10,63.77
2019-01-17 16:00:00,45,42,58,4,60.29
2019-01-17 17:00:00,37,15,54,1,76.02
2019-01-17 18:00:00,20,31,63,17,61.87
2019-01-17 19:00:00,44,12,58,6,85.36
2019-01-17 20:00:00,26,36,38,15,61.49
2019-01-17 21:00:00,27,12,45,11,77.5
2019-01-17 22:00:00,24,17,48,11,68.85
2019-01-17 23:00:00,13,22,48,14,69.47
2019-01-18 00:00:00,43,19,53,4,80.03
2019-01-18 01:00:00,8,12,55,3,64.15
2019-01-18 02:00:00,14,29,33,17,61.82
2019-01-18 03:00:00,16,6,51,12,68.74
2019-01-18 04:00:00,18,42,31,5,55.0
2019-01-18 05:00:00,13,7,48,11,63.85
2019-01-18 06:00:00,8,18,45,7,66.56
2019-01-18 07:00:00,33,40,37,15,65.4
2019-01-18 08:00:00,44,11,66,9,79.54
2019-01-18 09:00:00,12,8,39,5,62.48
2019-01-18 10:00:00,19,33,32,12,55.0
2019-01-18 11:00:00,27,8,43,13,66.49
2019-01-18 12:00:00,43,39,58,6,61.46
2019-01-18 13:00:00,34,22,30,13,62.57
2019-01-18 14:00:00,37,38,48,4,55.0
2019-01-18 15:00:00,30,15,45,4,68.1
2019-01-18 16:00:00,23,11,62,14,67.86
2019-01-18 17:00:00,15,41,30,11,55.0
2019-01-18 18:00:00,40,34,30,0,63.47
2019-01-18 19:00:00,38,39,50,12,61.65
2019-01-18 20:00:00,8,17,36,5,61.88
2019-01-18 21:00:00,35,20,56,4,76.64
2019-01-18 22:00:00,11,27,40,7,62.16
2019-01-18 23:00:00,36,22,50,8,76.5
2019-01-19 00:00:00,39,14,31,16,77.39
2019-01-19 01:00:00,12,19,55,7,65.29
2019-01-19 02:00:00,24,28,49,5,55.5
2019-01-19 03:00:00,12,7,30,13,74.18
2019-01-19 04:00:00,29,18,39,9,70.13
2019-01-19 05:00:00,43,16,32,0,84.78
2019-01-19 06:00:00,11,8,31,11,58.1
2019-01-19 07:00:00,23,10,55,9,63.84
2019-01-19 08:00:00,44,24,45,10,71.54
2019-01-19 09:00:00,19,9,59,3,66.5
2019-01-19 10:00:00,13,18,39,8,55.44
2019-01-19 11:00:00,26,26,56,11,58.83
2019-01-19 12:00:00,27,38,52,12,55.0
2019-01-19 13:00:00,33,9,54,12,65.14
2019-01-19 14:00:00,19,22,60,17,58.42
2019-01-19 15:00:00,44,9,56,9,73.37
2019-01-19 16:00:00,27,21,57,7,58.07
2019-01-19 17:00:00,18,23,57,9,57.09
2019-01-19 18:00:00,44,35,46,5,68.1
2019-01-19 19:00:00,43,22,56,5,83.1
2019-01-19 20:00:00,26,40,61,12,61.4
2019-01-19 21:00:00,8,11,57,5,69.79
2019-01-19 22:00:00,30,7,52,13,81.19
2019-01-19 23:00:00,29,6,32,13,78.49
2019-01-20 00:00:00,13,19,46,17,72.88
2019-01-20 01:00:00,32,13,32,2,69.77
2019-01-20 02:00:00,39,9,33,6,79.11
2019-01-20 03:00:00,12,14,43,13,62.1
2019-01-20 04:00:00,35,42,47,7,63.74
2019-01-20 05:00:00,13,35,49,11,55.0
2019-01-20 06:00:00,36,6,63,13,82.92
2019-01-20 07:00:00,23,39,58,15,55.22
2019-01-20 08:00:00,8,13,45,4,59.82
2019-01-20 09:00:00,44,21,42,4,73.91
2019-01-20 10:00:00,14,18,56,8,62.72
2019-01-20 11:00:00,30,20,40,9,62.02
2019-01-20 12:00:00,14,34,62,16,55.0
2019-01-20 13:00:00,43,32,58,0,61.62
2019-01-20 14:00:00,36,27,55,4,59.76
2019-01-20 15:00:00,38,29,39,16,69.79
2019-01-20 16:00:00,24,32,53,11,55.0
2019-01-20 17:00:00,25,12,60,12,71.61
2019-01-20 18:00:00,32,20,32,4,68.99
2019-01-20 19:00:00,37,9,36,11,81.93
2019-01-20 20:00:00,40,32,49,6,61.98
2019-01-20 21:00:00,8,22,43,13,60.41
2019-01-20 22:00:00,33,29,56,1,68.53
2019-01-20 23:00:00,12,26,44,5,55.71
2019-01-21 00:00:00,18,16,66,11,69.2
2019-01-21 01:00:00,39,11,41,10,85.99
2019-01-21 02:00:00,17,41,43,15,55.92
2019-01-21 03:00:00,38,16,30,14,75.77
2019-01-21 04:00:00,25,10,39,0,67.84
2019-01-21 05:00:00,16,17,38,1,58.14
2019-01-21 06:00:00,20,39,58,6,56.36
2019-01-21 07:00:00,28,15,42,17,63.07
2019-01-21 08:00:00,37,42,37,8,56.23
2019-01-21 09:00:00,31,23,41,16,74.04
2019-01-21 10:00:00,43,37,50,1,64.24
2019-01-21 11:00:00,40,30,59,17,68.02
2019-01-21 12:00:00,36,7,66,1,71.81
2019-01-21 13:00:00,30,24,31,14,55.14
2019-01-21 14:00:00,19,21,61,15,62.29
2019-01-21 15:00:00,23,13,44,5,63.59
2019-01-21 16:00:00,12,26,59,5,58.64
2019-01-21 17:00:00,22,9,31,10,67.66
2019-01-21 18:00:00,43,31,53,12,84.13
2019-01-21 19:00:00,24,36,64,2,57.08
2019-01-21 20:00:00,12,9,31,4,66.56
2019-01-21 21:00:00,32,23,59,13,68.86
2019-01-21 22:00:00,44,30,34,14,77.53
2019-01-21 23:00:00,40,8,66,2,88.71
2019-01-22 00:00:00,18,20,57,16,64.59
2019-01-22 01:00:00,25,15,63,15,74.22
2019-01-22 02:00:00,28,7,63,15,86.57
2019-01-22 03:00:00,17,35,41,4,61.73
2019-01-22 04:00:00,18,22,45,12,58.23
2019-01-22 05:00:00,16,33,55,2,55.0
2019-01-22 06:00:00,45,27,36,3,80.12
2019-01-22 07:00:00,36,38,41,1,60.5
2019-01-22 08:00:00,39,42,33,8,59.47
2019-01-22 09:00:00,39,28,62,12,72.51
2019-01-22 10:00:00,44,19,39,3,67.76
2019-01-22 11:00:00,12,21,45,3,55.0
2019-01-22 12:00:00,41,36,46,4,60.89
2019-01-22 13:00:00,10,21,43,3,58.06
2019-01-22 14:00:00,26,25,58,14,65.87
2019-01-22 15:00:00,30,13,63,3,74.69
2019-01-22 16:00:00,21,42,51,5,55.0
2019-01-22 17:00:00,13,30,60,5,59.34
2019-01-22 18:00:00,15,18,34,3,60.48
2019-01-22 19:00:00,39,27,65,16,75.91
2019-01-22 20:00:00,20,20,34,3,68.64
2019-01-22 21:00:00,19,11,32,8,76.91
2019-01-22 22:00:00,43,38,30,10,68.76
2019-01-22 23:00:00,13,38,39,4,55.0
2019-01-23 00:00:00,42,36,60,8,78.55
2019-01-23 01:00:00,42,19,41,3,86.15
2019-01-23 02:00:00,30,15,59,8,75.44
2019-01-23 03:00:00,14,7,45,0,66.68
2019-01-23 04:00:00,13,33,33,7,59.0
2019-01-23 05:00:00,18,18,47,6,58.87
2019-01-23 06:00:00,29,39,38,6,55.0
2019-01-23 07:00:00,13,38,40,1,55.0
2019-01-23 08:00:00,25,10,49,17,70.48
2019-01-23 09:00:00,12,39,59,0,55.0
2019-01-23 10:00:00,28,11,51,2,70.61
2019-01-23 11:00:00,8,24,38,1,55.0
2019-01-23 12:00:00,34,23,56,17,64.4
2019-01-23 13:00:00,10,41,55,5,55.0
2019-01-23 14:00:00,15,30,38,7,55.0
2019-01-23 15:00:00,14,38,61,13,55.0
2019-01-23 16:00:00,39,28,61,0,63.25
2019-01-23 17:00:00,10,36,52,1,55.0
2019-01-23 18:00:00,24,37,40,3,57.86
2019-01-23 19:00:00,30,37,43,12,68.2
2019-01-23 20:00:00,27,21,46,17,65.28
2019-01-23 21:00:00,33,20,36,11,73.68
2019-01-23 22:00:00,38,42,41,15,60.03
2019-01-23 23:00:00,22,33,34,15,57.99
2019-01-24 00:00:00,39,39,35,4,67.29
2019-01-24 01:00:00,20,27,57,3,62.75
2019-01-24 02:00:00,45,40,34,2,63.35
2019-01-24 03:00:00,27,32,47,14,58.34
2019-01-24 04:00:00,35,33,45,12,58.83
2019-01-24 05:00:00,41,12,31,15,80.64
2019-01-24 06:00:00,38,26,60,9,73.51
2019-01-24 07:00:00,40,33,66,17,70.18
2019-01-24 08:00:00,28,34,53,16,55.0
2019-01-24 09:00:00,9,41,54,14,55.0
2019-01-24 10:00:00,26,18,38,14,65.65
2019-01-24 11:00:00,14,17,61,2,58.65
2019-01-24 12:00:00,41,41,59,13,59.29
2019-01-24 13:00:00,16,42,46,17,55.0
2019-01-24 14:00:00,16,12,56,5,63.19
2019-01-24 15:00:00,17,19,65,14,67.21
2019-01-24 16:00:00,32,41,52,6,61.07
2019-01-24 17:00:00,29,13,37,3,68.83
2019-01-24 18:00:00,44,34,42,13,70.38
2019-01-24 19:00:00,23,10,36,2,66.03
2019-01-24 20:00:00,18,12,42,8,71.19
2019-01-24 21:00:00,9,35,62,16,55.0
2019-01-24 22:00:00,8,28,37,2,57.88
2019-01-24 23:00:00,22,26,62,2,78.74
2019-01-25 00:00:00,43,37,40,16,67.0
2019-01-25 01:00:00,27,17,48,13,83.82
2019-01-25 02:00:00,41,24,49,8,77.59
2019-01-25 03:00:00,11,28,34,7,55.0
2019-01-25 04:00:00,11,33,36,17,55.0
2019-01-25 05:00:00,39,18,41,13,83.75
2019-01-25 06:00:00,12,29,32,16,55.0
2019-01-25 07:00:00,9,22,57,1,55.0
2019-01-25 08:00:00,23,26,50,9,57.77
2019-01-25 09:00:00,43,37,61,13,65.42
2019-01-25 10:00:00,34,20,61,0,67.35
2019-01-25 11:00:00,11,30,42,9,55.0
2019-01-25 12:00:00,39,40,60,1,65.52
2019-01-25 13:00:00,40,34,32,16,55.12
2019-01-25 14:00:00,38,42,45,12,58.46
2019-01-25 15:00:00,42,27,54,3,67.66
2019-01-25 16:00:00,17,16,47,9,58.48
2019-01-25 17:00:00,45,42,57,1,67.95
2019-01-25 18:00:00,20,29,61,14,55.0
2019-01-25 19:00:00,38,14,45,3,66.88
2019-01-25 20:00:00,30,17,40,10,71.78
2019-01-25 21:00:00,37,15,51,1,77.31
2019-01-25 22:00:00,31,36,62,2,59.42
2019-01-25 23:00:00,32,9,66,17,74.23
2019-01-26 00:00:00,31,33,60,6,73.95
2019-01-26 01:00:00,37,26,39,2,72.98
2019-01-26 02:00:00,36,8,37,12,79.91
2019-01-26 03:00:00,13,28,51,3,65.64
2019-01-26 04:00:00,39,33,44,10,70.87
2019-01-26 05:00:00,28,32,52,14,68.07
2019-01-26 06:00:00,20,25,64,12,55.76
2019-01-26 07:00:00,27,18,50,4,60.75
2019-01-26 08:00:00,44,12,43,4,78.95
2019-01-26 09:00:00,40,6,62,4,80.21
2019-01-26 10:00:00,39,19,46,11,73.53
2019-01-26 11:00:00,25,29,52,12,55.0
2019-01-26 12:00:00,37,7,35,9,75.14
2019-01-26 13:00:00,22,42,48,7,55.0
2019-01-26 14:00:00,34,27,45,1,65.03
2019-01-26 15:00:00,32,16,34,15,64.22
2019-01-26 16:00:00,17,41,37,11,55.0
2019-01-26 17:00:00,18,12,56,11,61.46
2019-01-26 18:00:00,10,41,36,1,55.0
2019-01-26 19:00:00,13,16,34,5,55.57
2019-01-26 20:00:00,24,20,32,5,61.45
2019-01-26 21:00:00,26,21,30,10,64.8
2019-01-26 22:00:00,14,42,46,14,55.0
2019-01-26 23:00:00,23,15,48,15,67.34
2019-01-27 00:00:00,30,41,53,9,55.61
2019-01-27 01:00:00,16,18,51,6,73.25
2019-01-27 02:00:00,20,16,49,7,66.06
2019-01-27 03:00:00,21,29,66,13,63.76
2019-01-27 04:00:00,27,31,39,5,55.0
2019-01-27 05:00:00,21,18,56,7,70.91
2019-01-27 06:00:00,36,10,32,14,75.23
2019-01-27 07:00:00,20,20,61,9,60.22
2019-01-27 08:00:00,24,25,43,8,56.82
2019-01-27 09:00:00,22,7,42,13,69.81
2019-01-27 10:00:00,14,8,35,5,55.0
2019-01-27 11:00:00,34,39,48,1,55.0
2019-01-27 12:00:00,16,7,44,14,61.44
2019-01-27 13:00:00,19,21,66,8,57.69
2019-01-27 14:00:00,38,34,36,5,68.99
2019-01-27 15:00:00,44,18,45,1,71.33
2019-01-27 16:00:00,33,24,63,16,70.02
2019-01-27 17:00:00,42,9,59,13,87.19
2019-01-27 18:00:00,40,35,58,4,68.29
2019-01-27 19:00:00,26,29,49,10,58.78
2019-01-27 20:00:00,37,37,62,8,60.37
2019-01-27 21:00:00,20,37,38,5,57.68
2019-01-27 22:00:00,25,18,59,5,77.29
2019-01-27 23:00:00,28,7,51,1,80.24
2019-01-28 00:00:00,44,18,42,17,85.93
2019-01-28 01:00:00,40,11,38,16,92.46
2019-01-28 02:00:00,26,25,49,15,70.7
2019-01-28 03:00:00,32,11,30,5,71.33
2019-01-28 04:00:00,15,40,56,17,55.0
2019-01-28 05:00:00,38,28,38,4,73.95
2019-01-28 06:00:00,29,15,44,14,69.1
2019-01-28 07:00:00,28,40,37,1,59.96
2019-01-28 08:00:00,37,34,47,5,61.83
2019-01-28 09:00:00,32,22,43,10,65.96
2019-01-28 10:00:00,10,11,36,17,55.75
2019-01-28 11:00:00,18,18,62,4,60.49
2019-01-28 12:00:00,14,27,58,7,55.0
2019-01-28 13:00:00,35,34,44,15,55.0
2019-01-28 14:00:00,9,15,32,8,55.0
2019-01-28 15:00:00,15,33,61,12,55.0
2019-01-28 16:00:00,30,16,55,7,67.32
2019-01-28 17:00:00,34,15,50,0,69.1
2019-01-28 18:00:00,27,22,52,5,70.0
2019-01-28 19:00:00,40,11,30,10,82.21
2019-01-28 20:00:00,42,20,47,0,79.29
2019-01-28 21:00:00,13,19,36,4,56.41
2019-01-28 22:00:00,44,16,54,17,82.3
2019-01-28 23:00:00,31,34,64,0,61.71
2019-01-29 00:00:00,32,18,49,4,75.45
2019-01-29 01:00:00,11,31,52,11,60.07
2019-01-29 02:00:00,31,32,54,10,71.65
2019-01-29 03:00:00,35,30,64,3,73.16
2019-01-29 04:00:00,30,15,31,1,77.57
2019-01-29 05:00:00,11,36,41,16,55.0
2019-01-29 06:00:00,27,14,39,9,69.05
2019-01-29 07:00:00,43,16,56,10,81.72
2019-01-29 08:00:00,35,38,46,1,63.26
2019-01-29 09:00:00,13,18,58,3,56.71
2019-01-29 10:00:00,44,31,47,1,68.41
2019-01-29 11:00:00,44,7,66,17,80.36
2019-01-29 12:00:00,14,28,58,13,55.0
2019-01-29 13:00:00,38,38,30,9,59.35
2019-01-29 14:00:00,23,32,66,12,55.0
2019-01-29 15:00:00,30,27,65,2,65.22
2019-01-29 16:00:00,24,37,31,17,55.0
2019-01-29 17:00:00,37,17,44,9,70.29
2019-01-29 18:00:00,45,19,65,9,78.0
2019-01-29 19:00:00,38,8,61,17,87.51
2019-01-29 20:00:00,43,31,47,1,70.35
2019-01-29 21:00:00,43,32,50,7,68.87
2019-01-29 22:00:00,11,33,31,1,55.29
2019-01-29 23:00:00,17,33,50,7,58.62
2019-01-30 00:00:00,35,10,54,4,85.98
2019-01-30 01:00:00,30,30,43,8,63.77
2019-01-30 02:00:00,9,34,41,12,55.0
2019-01-30 03:00:00,11,13,60,5,77.13
2019-01-30 04:00:00,27,23,46,0,67.26
2019-01-30 05:00:00,31,39,39,2,60.58
2019-01-30 06:00:00,14,21,43,12,55.0
2019-01-30 07:00:00,14,33,48,10,55.0
2019-01-30 08:00:00,12,25,39,17,55.51
2019-01-30 09:00:00,29,30,50,16,59.12
2019-01-30 10:00:00,8,29,61,2,55.0
2019-01-30 11:00:00,29,30,57,13,61.67
2019-01-30 12:00:00,26,34,38,1,55.0
2019-01-30 13:00:00,25,39,47,1,55.88
2019-01-30 14:00:00,33,16,50,14,64.65
2019-01-30 15:00:00,27,40,55,7,55.0
2019-01-30 16:00:00,35,29,57,17,66.84
2019-01-30 17:00:00,37,28,47,0,73.92
2019-01-30 18:00:00,42,18,41,9,72.45
2019-01-30 19:00:00,38,21,54,5,75.68
2019-01-30 20:00:00,27,30,34,17,63.79
2019-01-30 21:00:00,26,19,54,12,74.23
2019-01-30 22:00:00,16,16,63,13,74.1
2019-01-30 23:00:00,30,36,56,5,64.2
2019-01-31 00:00:00,13,21,46,16,67.27
2019-01-31 01:00:00,43,29,60,15,81.89
2019-01-31 02:00:00,40,7,49,14,92.6
2019-01-31 03:00:00,12,8,50,8,70.91
2019-01-31 04:00:00,37,37,61,16,67.5
2019-01-31 05:00:00,12,11,37,12,62.04
2019-01-31 06:00:00,35,35,58,1,58.48
2019-01-31 07:00:00,11,39,55,15,55.0
2019-01-31 08:00:00,26,23,49,0,63.27
2019-01-31 09:00:00,32,38,32,12,55.0
2019-01-31 10:00:00,35,21,58,4,70.51
2019-01-31 11:00:00,23,41,38,16,55.0
2019-01-31 12:00:00,43,14,63,13,75.54
2019-01-31 13:00:00,37,21,59,14,76.85
2019-01-31 14:00:00,15,20,43,12,60.16
2019-01-31 15:00:00,33,35,46,10,61.3
2019-01-31 16:00:00,35,7,30,15,76.23
2019-01-31 17:00:00,20,36,48,5,55.0
2019-01-31 18:00:00,36,6,32,9,71.2
2019-01-31 19:00:00,42,17,66,5,81.86
2019-01-31 20:00:00,39,28,53,2,62.33
2019-01-31 21:00:00,36,11,38,15,77.95
2019-01-31 22:00:00,32,24,59,8,72.7
2019-01-31 23:00:00,18,42,30,0,55.0
2019-02-01 00:00:00,38,36,50,14,76.76
2019-02-01 01:00:00,21,7,34,16,80.22
2019-02-01 02:00:00,28,27,32,11,69.26
2019-02-01 03:00:00,19,28,39,5,55.91
2019-02-01 04:00:00,19,8,40,15,77.47
2019-02-01 05:00:00,13,30,56,13,57.37
2019-02-01 06:00:00,44,25,62,5,70.36
2019-02-01 07:00:00,13,31,58,5,55.0
2019-02-01 08:00:00,11,17,57,17,61.46
2019-02-01 09:00:00,43,15,50,17,72.3
2019-02-01 10:00:00,29,33,43,12,56.24
2019-02-01 11:00:00,24,32,39,0,55.0
2019-02-01 12:00:00,36,11,64,4,68.73
2019-02-01 13:00:00,22,14,49,6,61.35
2019-02-01 14:00:00,12,27,50,9,55.0
2019-02-01 15:00:00,35,36,30,15,60.22
2019-02-01 16:00:00,14,13,46,15,56.75
2019-02-01 17:00:00,29,14,55,4,71.23
2019-02-01 18:00:00,44,35,48,1,61.67
2019-02-01 19:00:00,43,31,52,4,65.91
2019-02-01 20:00:00,21,39,59,4,55.0
2019-02-01 21:00:00,37,34,30,16,64.15
2019-02-01 22:00:00,31,41,63,0,62.9
2019-02-01 23:00:00,26,12,60,14,76.99
2019-02-02 00:00:00,13,16,45,11,57.09
2019-02-02 01:00:00,22,14,58,1,70.7
2019-02-02 02:00:00,32,8,32,12,74.12
2019-02-02 03:00:00,45,34,41,10,72.3
2019-02-02 04:00:00,8,30,33,0,55.0
2019-02-02 05:00:00,35,9,53,4,77.27
2019-02-02 06:00:00,40,13,61,6,74.8
2019-02-02 07:00:00,44,13,52,3,84.81
2019-02-02 08:00:00,24,20,56,10,57.25
2019-02-02 09:00:00,12,22,35,11,55.0
2019-02-02 10:00:00,18,16,64,3,60.86
2019-02-02 11:00:00,40,40,37,2,55.18
2019-02-02 12:00:00,41,13,49,11,69.57
2019-02-02 13:00:00,32,26,55,8,55.0
2019-02-02 14:00:00,12,22,61,4,55.0
2019-02-02 15:00:00,12,20,64,4,55.0
2019-02-02 16:00:00,26,36,52,0,61.0
2019-02-02 17:00:00,30,42,51,15,63.22
2019-02-02 18:00:00,9,6,45,15,62.78
2019-02-02 19:00:00,34,23,51,9,63.53
2019-02-02 20:00:00,28,10,54,6,77.33
2019-02-02 21:00:00,8,22,53,3,55.0
2019-02-02 22:00:00,11,28,51,5,55.0
2019-02-02 23:00:00,25,21,46,16,65.46
2019-02-03 00:00:00,35,17,37,1,73.16
2019-02-03 01:00:00,39,17,32,14,75.29
2019-02-03 02:00:00,24,17,45,5,64.05
2019-02-03 03:00:00,19,18,44,4,62.39
2019-02-03 04:00:00,44,19,52,14,82.34
2019-02-03 05:00:00,25,31,63,17,61.09
2019-02-03 06:00:00,19,9,55,17,68.56
2019-02-03 07:00:00,24,7,59,4,62.22
2019-02-03 08:00:00,8,25,51,10,55.0
2019-02-03 09:00:00,19,31,64,5,55.0
2019-02-03 10:00:00,27,15,64,3,70.66
2019-02-03 11:00:00,42,13,35,6,72.78
2019-02-03 12:00:00,36,29,53,1,59.46
2019-02-03 13:00:00,37,20,48,2,60.15
2019-02-03 14:00:00,28,33,65,10,65.61
2019-02-03 15:00:00,12,11,51,12,62.74
2019-02-03 16:00:00,22,10,30,4,67.86
2019-02-03 17:00:00,45,26,37,10,77.32
2019-02-03 18:00:00,9,20,34,13,55.31
2019-02-03 19:00:00,41,32,37,16,72.29
2019-02-03 20:00:00,34,24,33,10,66.2
2019-02-03 21:00:00,18,19,58,4,68.44
2019-02-03 22:00:00,37,11,48,12,77.54
2019-02-03 23:00:00,39,12,54,3,79.64
2019-02-04 00:00:00,9,33,66,2,56.29
2019-02-04 01:00:00,12,14,53,6,61.48
2019-02-04 02:00:00,33,24,47,5,72.86
2019-02-04 03:00:00,45,36,39,2,68.78
2019-02-04 04:00:00,8,39,57,0,55.0
2019-02-04 05:00:00,33,15,48,17,72.03
2019-02-04 06:00:00,13,10,58,12,64.07
2019-02-04 07:00:00,32,34,30,12,62.15
2019-02-04 08:00:00,31,31,36,1,60.49
2019-02-04 09:00:00,11,18,34,14,60.16
2019-02-04 10:00:00,33,27,55,6,64.98
2019-02-04 11:00:00,42,12,49,13,72.84
2019-02-04 12:00:00,40,31,41,8,62.32
2019-02-04 13:00:00,9,32,41,4,55.0
2019-02-04 14:00:00,17,17,52,4,61.25
2019-02-04 15:00:00,17,23,65,2,58.26
2019-02-04 16:00:00,25,18,66,14,63.69
2019-02-04 17:00:00,13,7,47,7,64.87
2019-02-04 18:00:00,40,10,54,14,81.74
2019-02-04 19:00:00,37,41,33,14,56.24
2019-02-04 20:00:00,38,22,64,3,76.72
2019-02-04 21:00:00,15,11,30,5,60.07
2019-02-04 22:00:00,8,7,42,2,71.07
2019-02-04 23:00:00,42,19,56,0,82.71
2019-02-05 00:00:00,18,42,65,17,63.26
2019-02-05 01:00:00,32,20,36,11,69.02
2019-02-05 02:00:00,42,42,54,8,72.77
2019-02-05 03:00:00,9,24,36,3,61.21
2019-02-05 04:00:00,8,34,31,10,55.0
2019-02-05 05:00:00,8,35,45,9,55.0
2019-02-05 06:00:00,13,7,51,4,63.0
2019-02-05 07:00:00,9,6,39,0,57.94
2019-02-05 08:00:00,39,40,66,8,59.73
2019-02-05 09:00:00,31,40,52,9,55.0
2019-02-05 10:00:00,45,10,46,14,85.27
2019-02-05 11:00:00,38,29,47,7,58.23
2019-02-05 12:00:00,44,40,47,1,61.93
2019-02-05 13:00:00,17,41,34,15,55.0
2019-02-05 14:00:00,18,16,52,7,62.77
2019-02-05 15:00:00,40,36,59,12,65.64
2019-02-05 16:00:00,17,29,45,0,58.37
2019-02-05 17:00:00,10,40,45,0,55.0
2019-02-05 18:00:00,33,11,63,0,77.69
2019-02-05 19:00:00,38,28,52,14,69.63
2019-02-05 20:00:00,44,6,41,4,91.4
2019-02-05 21:00:00,43,19,30,14,86.72
2019-02-05 22:00:00,12,6,60,17,67.36
2019-02-05 23:00:00,37,22,53,11,68.71
2019-02-06 00:00:00,40,36,53,17,73.45
2019-02-06 01:00:00,34,30,40,16,74.0
2019-02-06 02:00:00,39,17,36,13,86.59
2019-02-06 03:00:00,39,21,48,14,80.0
2019-02-06 04:00:00,24,19,58,10,75.55
2019-02-06 05:00:00,9,33,41,3,57.87
2019-02-06 06:00:00,25,15,49,1,75.43
2019-02-06 07:00:00,15,9,66,6,71.43
2019-02-06 08:00:00,12,24,38,8,55.0
2019-02-06 09:00:00,12,36,38,6,55.0
2019-02-06 10:00:00,34,23,38,1,66.32
2019-02-06 11:00:00,27,13,63,9,68.42
2019-02-06 12:00:00,28,7,49,8,70.97
2019-02-06 13:00:00,36,40,63,17,65.19
2019-02-06 14:00:00,28,34,65,17,55.45
2019-02-06 15:00:00,31,11,45,11,74.68
2019-02-06 16:00:00,11,8,32,15,63.04
2019-02-06 17:00:00,40,10,41,5,75.18
2019-02-06 18:00:00,25,19,50,17,63.16
2019-02-06 19:00:00,13,36,44,16,55.0
2019-02-06 20:00:00,38,11,30,2,81.21
2019-02-06 21:00:00,35,36,66,12,68.15
2019-02-06 22:00:00,10,6,41,8,66.06
2019-02-06 23:00:00,15,33,52,4,55.0
2019-02-07 00:00:00,8,16,65,7,66.85
2019-02-07 01:00:00,18,41,50,16,55.0
2019-02-07 02:00:00,11,23,55,16,58.46
2019-02-07 03:00:00,34,16,31,6,70.85
2019-02-07 04:00:00,27,14,55,8,72.47
2019-02-07 05:00:00,45,36,61,9,72.62
2019-02-07 06:00:00,36,20,63,13,72.3
2019-02-07 07:00:00,31,19,33,8,62.5
2019-02-07 08:00:00,27,33,38,7,56.54
2019-02-07 09:00:00,10,25,31,16,55.0
2019-02-07 10:00:00,10,30,63,6,55.0
2019-02-07 11:00:00,31,22,40,4,63.4
2019-02-07 12:00:00,8,8,49,5,57.62
2019-02-07 13:00:00,9,6,47,5,56.97
2019-02-07 14:00:00,16,7,55,9,61.38
2019-02-07 15:00:00,41,27,63,11,62.69
2019-02-07 16:00:00,25,25,41,2,65.1
2019-02-07 17:00:00,34,33,59,15,65.66
2019-02-07 18:00:00,23,39,40,4,55.0
2019-02-07 19:00:00,14,12,37,2,65.67
2019-02-07 20:00:00,22,41,33,12,55.0
2019-02-07 21:00:00,11,40,43,3,55.0
2019-02-07 22:00:00,37,28,50,13,71.07
2019-02-07 23:00:00,14,25,58,17,60.72
2019-02-08 00:00:00,22,12,61,12,83.63
2019-02-08 01:00:00,45,12,49,13,88.96
2019-02-08 02:00:00,30,6,45,8,79.75
2019-02-08 03:00:00,25,29,36,6,67.53
2019-02-08 04:00:00,28,22,63,11,74.29
2019-02-08 05:00:00,37,13,44,6,70.72
2019-02-08 06:00:00,17,10,58,15,66.24
2019-02-08 07:00:00,32,8,53,8,74.75
2019-02-08 08:00:00,41,29,64,8,70.68
2019-02-08 09:00:00,29,31,66,12,58.9
2019-02-08 10:00:00,24,29,56,3,56.04
2019-02-08 11:00:00,13,10,54,10,58.34
2019-02-08 12:00:00,17,7,35,13,66.18
2019-02-08 13:00:00,43,9,30,13,69.06
2019-02-08 14:00:00,28,33,50,4,55.0
2019-02-08 15:00:00,19,33,56,0,55.0
2019-02-08 16:00:00,23,16,57,3,60.66
2019-02-08 17:00:00,29,8,39,14,73.03
2019-02-08 18:00:00,28,17,48,4,69.67
2019-02-08 19:00:00,34,35,61,1,62.94
2019-02-08 20:00:00,17,11,33,10,70.83
2019-02-08 21:00:00,32,35,44,15,68.83
2019-02-08 22:00:00,24,23,64,4,68.05
2019-02-08 23:00:00,43,11,37,0,84.13
2019-02-09 00:00:00,14,40,41,2,55.0
2019-02-09 01:00:00,13,25,47,2,61.78
2019-02-09 02:00:00,25,30,55,3,58.7
2019-02-09 03:00:00,27,9,39,3,81.0
2019-02-09 04:00:00,34,19,59,11,77.79
2019-02-09 05:00:00,23,29,38,4,55.0
2019-02-09 06:00:00,42,29,43,9,65.12
2019-02-09 07:00:00,26,8,51,7,72.35
2019-02-09 08:00:00,12,28,30,11,55.0
2019-02-09 09:00:00,12,40,58,11,55.0
2019-02-09 10:00:00,44,35,54,10,61.85
2019-02-09 11:00:00,13,13,60,16,64.58
2019-02-09 12:00:00,44,39,40,3,59.11
2019-02-09 13:00:00,18,31,44,9,59.42
2019-02-09 14:00:00,11,8,63,7,63.29
2019-02-09 15:00:00,19,10,32,9,56.4
2019-02-09 16:00:00,31,40,48,2,62.78
2019-02-09 17:00:00,24,13,47,5,70.81
2019-02-09 18:00:00,37,9,46,16,78.35
2019-02-09 19:00:00,31,22,46,14,70.13
2019-02-09 20:00:00,23,25,57,7,58.92
2019-02-09 21:00:00,32,27,37,1,59.24
2019-02-09 22:00:00,44,30,62,11,74.46
2019-02-09 23:00:00,23,42,63,5,62.54
2019-02-10 00:00:00,13,34,36,5,55.19
2019-02-10 01:00:00,23,6,66,1,84.2
2019-02-10 02:00:00,39,9,39,5,86.64
2019-02-10 03:00:00,16,6,31,3,68.93
2019-02-10 04:00:00,44,20,44,0,81.65
2019-02-10 05:00:00,30,18,59,10,76.82
2019-02-10 06:00:00,30,40,61,17,57.34
2019-02-10 07:00:00,20,19,53,2,60.89
2019-02-10 08:00:00,42,7,60,0,80.62
2019-02-10 09:00:00,9,38,39,1,55.0
2019-02-10 10:00:00,19,15,62,9,62.69
2019-02-10 11:00:00,23,39,53,14,55.0
2019-02-10 12:00:00,26,34,34,5,55.0
2019-02-10 13:00:00,26,38,34,2,55.0
2019-02-10 14:00:00,13,36,39,1,55.0
2019-02-10 15:00:00,16,11,32,10,55.0
2019-02-10 16:00:00,11,29,40,6,55.56
2019-02-10 17:00:00,29,21,66,6,65.43
2019-02-10 18:00:00,21,29,38,4,55.0
2019-02-10 19:00:00,29,33,53,16,66.76
2019-02-10 20:00:00,30,24,66,6,73.13
2019-02-10 21:00:00,34,17,39,12,74.59
2019-02-10 22:00:00,28,39,55,13,63.49
2019-02-10 23:00:00,32,30,46,1,62.49
2019-02-11 00:00:00,30,38,40,4,61.78
2019-02-11 01:00:00,32,14,65,16,83.93
2019-02-11 02:00:00,31,37,54,15,61.29
2019-02-11 03:00:00,20,17,46,7,63.44
2019-02-11 04:00:00,17,23,60,2,63.26
2019-02-11 05:00:00,37,37,63,5,65.87
2019-02-11 06:00:00,21,19,58,17,67.49
2019-02-11 07:00:00,28,15,62,12,64.67
2019-02-11 08:00:00,15,39,41,1,55.0
2019-02-11 09:00:00,24,41,42,12,55.0
2019-02-11 10:00:00,28,17,38,2,59.62
2019-02-11 11:00:00,31,17,55,5,64.41
2019-02-11 12:00:00,28,14,59,8,58.37
2019-02-11 13:00:00,21,6,54,6,71.39
2019-02-11 14:00:00,44,26,52,12,70.6
2019-02-11 15:00:00,27,15,58,2,68.46
2019-02-11 16:00:00,38,37,36,15,61.11
2019-02-11 17:00:00,35,12,43,10,65.54
2019-02-11 18:00:00,29,29,56,5,59.66
2019-02-11 19:00:00,41,24,31,17,69.81
2019-02-11 20:00:00,12,28,63,8,55.0
2019-02-11 21:00:00,43,10,36,7,81.85
2019-02-11 22:00:00,40,23,59,0,78.13
2019-02-11 23:00:00,27,29,52,17,70.47
2019-02-12 00:00:00,35,18,61,15,72.97
2019-02-12 01:00:00,27,38,58,3,63.0
2019-02-12 02:00:00,18,25,49,17,66.73
2019-02-12 03:00:00,38,19,57,14,74.57
2019-02-12 04:00:00,17,7,42,7,70.12
2019-02-12 05:00:00,19,12,51,16,70.92
2019-02-12 06:00:00,27,23,63,10,67.48
2019-02-12 07:00:00,39,20,33,12,74.22
2019-02-12 08:00:00,22,38,43,3,55.0
2019-02-12 09:00:00,26,35,30,1,55.0
2019-02-12 10:00:00,9,11,49,9,55.0
2019-02-12 11:00:00,12,27,58,5,55.0
2019-02-12 12:00:00,10,22,31,17,55.0
2019-02-12 13:00:00,10,9,50,1,56.17
2019-02-12 14:00:00,41,30,45,13,67.92
2019-02-12 15:00:00,39,25,58,10,74.33
2019-02-12 16:00:00,39,9,38,15,74.35
2019-02-12 17:00:00,10,23,36,17,55.0
2019-02-12 18:00:00,10,33,33,15,55.0
2019-02-12 19:00:00,18,18,45,6,57.89
2019-02-12 20:00:00,29,19,48,12,79.51
2019-02-12 21:00:00,20,10,64,2,72.22
2019-02-12 22:00:00,26,13,47,8,71.25
2019-02-12 23:00:00,14,42,36,4,55.0
2019-02-13 00:00:00,35,28,55,4,71.47
2019-02-13 01:00:00,19,12,32,10,67.79
2019-02-13 02:00:00,10,23,42,2,65.87
2019-02-13 03:00:00,36,13,54,10,75.41
2019-02-13 04:00:00,42,22,39,7,70.17
2019-02-13 05:00:00,8,11,51,4,65.99
2019-02-13 06:00:00,24,28,46,10,61.14
2019-02-13 07:00:00,39,27,65,13,70.21
2019-02-13 08:00:00,34,29,40,10,65.91
2019-02-13 09:00:00,40,22,63,1,72.73
2019-02-13 10:00:00,23,16,53,10,64.24
2019-02-13 11:00:00,22,15,57,11,58.75
2019-02-13 12:00:00,34,13,36,12,63.15
2019-02-13 13:00:00,13,21,30,7,55.0
2019-02-13 14:00:00,17,22,57,1,55.0
2019-02-13 15:00:00,30,30,47,2,61.76
2019-02-13 16:00:00,33,7,41,5,68.13
2019-02-13 17:00:00,12,16,63,11,60.32
2019-02-13 18:00:00,27,37,42,13,57.18
2019-02-13 19:00:00,21,39,46,12,55.0
2019-02-13 20:00:00,27,40,56,5,61.47
2019-02-13 21:00:00,44,17,65,7,82.4
2019-02-13 22:00:00,10,11,63,0,66.15
2019-02-13 23:00:00,45,13,54,14,91.49
2019-02-14 00:00:00,25,10,34,6,73.39
2019-02-14 01:00:00,37,41,34,9,69.74
2019-02-14 02:00:00,24,38,55,8,58.92
2019-02-14 03:00:00,19,35,48,5,57.64
2019-02-14 04:00:00,37,33,34,3,65.82
2019-02-14 05:00:00,34,18,55,17,74.91
2019-02-14 06:00:00,13,23,64,2,57.74
2019-02-14 07:00:00,34,37,32,16,59.29
2019-02-14 08:00:00,36,36,60,2,68.39
2019-02-14 09:00:00,22,25,42,1,62.08
2019-02-14 10:00:00,43,36,44,16,67.1
2019-02-14 11:00:00,32,18,56,17,62.11
2019-02-14 12:00:00,20,21,39,16,55.0
2019-02-14 13:00:00,8,37,35,13,55.0
2019-02-14 14:00:00,33,19,65,8,71.91
2019-02-14 15:00:00,15,33,42,1,55.0
2019-02-14 16:00:00,36,22,36,10,64.78
2019-02-14 17:00:00,27,17,55,9,73.93
2019-02-14 18:00:00,25,14,38,13,71.11
2019-02-14 19:00:00,14,28,58,0,62.02
2019-02-14 20:00:00,35,23,32,1,68.8
2019-02-14 21:00:00,14,19,49,10,61.77
2019-02-14 22:00:00,23,33,44,15,65.11
2019-02-14 23:00:00,39,6,65,16,86.47
2019-02-15 00:00:00,42,9,49,10,82.59
2019-02-15 01:00:00,45,41,64,6,66.77
2019-02-15 02:00:00,44,30,39,8,70.93
2019-02-15 03:00:00,29,26,47,9,70.51
2019-02-15 04:00:00,15,6,60,11,64.64
2019-02-15 05:00:00,39,28,35,4,70.71
2019-02-15 06:00:00,38,22,64,6,69.85
2019-02-15 07:00:00,45,28,58,9,70.62
2019-02-15 08:00:00,32,7,55,15,73.89
2019-02-15 09:00:00,13,26,38,14,55.0
2019-02-15 10:00:00,27,27,60,13,58.43
2019-02-15 11:00:00,25,16,61,3,62.41
2019-02-15 12:00:00,40,8,40,7,72.29
2019-02-15 13:00:00,22,41,51,9,55.0
2019-02-15 14:00:00,20,32,32,17,55.0
2019-02-15 15:00:00,11,29,44,6,55.0
2019-02-15 16:00:00,39,34,35,16,58.9
2019-02-15 17:00:00,36,30,50,13,62.98
2019-02-15 18:00:00,9,10,50,11,59.36
2019-02-15 19:00:00,24,22,49,12,67.71
2019-02-15 20:00:00,26,38,55,14,55.61
2019-02-15 21:00:00,25,16,64,12,63.03
2019-02-15 22:00:00,42,41,37,12,65.86
2019-02-15 23:00:00,13,8,37,6,67.16
2019-02-16 00:00:00,19,18,37,7,63.24
2019-02-16 01:00:00,14,18,64,10,69.02
2019-02-16 02:00:00,17,28,33,15,55.0
2019-02-16 03:00:00,42,12,31,11,85.92
2019-02-16 04:00:00,43,14,35,17,82.75
2019-02-16 05:00:00,9,30,58,12,55.0
2019-02-16 06:00:00,32,16,51,7,68.93
2019-02-16 07:00:00,16,38,64,10,55.0
2019-02-16 08:00:00,15,38,37,11,55.0
2019-02-16 09:00:00,19,17,44,15,56.61
2019-02-16 10:00:00,15,26,50,4,55.0
2019-02-16 11:00:00,26,18,32,4,68.54
2019-02-16 12:00:00,45,18,63,3,77.3
2019-02-16 13:00:00,30,30,59,1,59.01
2019-02-16 14:00:00,35,16,35,12,67.59
2019-02-16 15:00:00,26,11,61,17,70.48
2019-02-16 16:00:00,8,15,46,11,58.29
2019-02-16 17:00:00,11,40,42,1,55.0
2019-02-16 18:00:00,18,15,65,6,63.58
2019-02-16 19:00:00,17,19,49,16,59.98
2019-02-16 20:00:00,39,29,38,0,67.73
2019-02-16 21:00:00,40,9,59,11,86.05
2019-02-16 22:00:00,40,15,56,7,72.92
2019-02-16 23:00:00,32,12,37,16,70.48
2019-02-17 00:00:00,29,40,55,9,58.28
2019-02-17 01:00:00,32,40,53,10,62.93
2019-02-17 02:00:00,23,33,40,13,62.79
2019-02-17 03:00:00,33,15,45,14,81.17
2019-02-17 04:00:00,38,28,61,9,69.77
2019-02-17 05:00:00,36,30,36,12,68.45
2019-02-17 06:00:00,31,38,56,14,61.65
2019-02-17 07:00:00,10,11,60,9,63.51
2019-02-17 08:00:00,35,33,64,12,62.21
2019-02-17 09:00:00,21,13,42,6,60.88
2019-02-17 10:00:00,36,27,39,6,57.75
2019-02-17 11:00:00,28,38,64,0,55.0
2019-02-17 12:00:00,41,8,47,12,76.8
2019-02-17 13:00:00,20,11,51,4,62.55
2019-02-17 14:00:00,43,36,48,14,60.15
2019-02-17 15:00:00,40,6,49,17,80.14
2019-02-17 16:00:00,20,31,53,15,55.0
2019-02-17 17:00:00,26,24,45,4,57.84
2019-02-17 18:00:00,28,18,44,11,65.9
2019-02-17 19:00:00,37,37,44,13,65.91
2019-02-17 20:00:00,34,37,54,9,58.97
2019-02-17 21:00:00,40,18,60,9,79.18
2019-02-17 22:00:00,22,6,50,7,74.54
2019-02-17 23:00:00,27,10,55,5,73.22
2019-02-18 00:00:00,24,9,45,10,74.08
2019-02-18 01:00:00,42,42,58,17,61.86
2019-02-18 02:00:00,19,28,44,3,61.79
2019-02-18 03:00:00,30,31,45,0,59.67
2019-02-18 04:00:00,12,14,32,1,66.64
2019-02-18 05:00:00,40,37,39,10,64.35
2019-02-18 06:00:00,22,32,57,4,55.91
2019-02-18 07:00:00,20,33,33,8,57.63
2019-02-18 08:00:00,30,23,38,17,59.27
2019-02-18 09:00:00,26,31,58,1,55.0
2019-02-18 10:00:00,40,26,62,3,60.69
2019-02-18 11:00:00,28,20,45,3,67.79
2019-02-18 12:00:00,27,27,45,8,65.49
2019-02-18 13:00:00,11,18,48,12,55.0
2019-02-18 14:00:00,8,41,58,3,55.0
2019-02-18 15:00:00,23,32,47,1,55.0
2019-02-18 16:00:00,45,33,36,1,63.89
2019-02-18 17:00:00,42,32,45,14,66.71
2019-02-18 18:00:00,31,22,39,0,66.38
2019-02-18 19:00:00,31,41,55,11,60.79
2019-02-18 20:00:00,22,13,35,10,64.86
2019-02-18 21:00:00,14,27,52,1,60.0
2019-02-18 22:00:00,8,8,34,9,60.83
2019-02-18 23:00:00,20,16,65,5,69.4
2019-02-19 00:00:00,20,27,53,9,57.94
2019-02-19 01:00:00,15,24,35,2,60.22
2019-02-19 02:00:00,17,40,65,12,55.0
2019-02-19 03:00:00,8,28,51,14,59.99
2019-02-19 04:00:00,31,21,52,0,71.65
2019-02-19 05:00:00,43,21,32,9,75.89
2019-02-19 06:00:00,34,28,36,11,65.75
2019-02-19 07:00:00,25,35,59,0,55.0
2019-02-19 08:00:00,23,16,47,13,57.25
2019-02-19 09:00:00,19,27,52,9,55.28
2019-02-19 10:00:00,13,27,66,5,55.06
2019-02-19 11:00:00,30,6,45,8,71.35
2019-02-19 12:00:00,29,39,44,12,55.0
2019-02-19 13:00:00,8,27,59,11,55.0
2019-02-19 14:00:00,23,14,32,13,61.88
2019-02-19 15:00:00,18,29,46,0,57.42
2019-02-19 16:00:00,14,31,61,14,56.33
2019-02-19 17:00:00,34,39,38,0,56.61
2019-02-19 18:00:00,27,7,41,11,73.84
2019-02-19 19:00:00,32,21,47,6,71.96
2019-02-19 20:00:00,35,12,32,1,78.74
2019-02-19 21:00:00,45,27,32,12,81.83
2019-02-19 22:00:00,38,24,39,9,74.32
2019-02-19 23:00:00,31,23,63,11,78.66
2019-02-20 00:00:00,41,42,38,6,62.28
2019-02-20 01:00:00,26,25,57,5,67.22
2019-02-20 02:00:00,45,21,45,11,72.22
2019-02-20 03:00:00,36,8,58,3,84.16
2019-02-20 04:00:00,32,16,42,14,77.01
2019-02-20 05:00:00,42,39,62,12,57.96
2019-02-20 06:00:00,27,22,43,17,66.97
2019-02-20 07:00:00,35,39,59,0,64.12
2019-02-20 08:00:00,18,25,60,10,61.26
2019-02-20 09:00:00,44,26,45,10,65.6
2019-02-20 10:00:00,31,21,54,15,69.27
2019-02-20 11:00:00,37,26,34,7,64.31
2019-02-20 12:00:00,25,8,48,16,71.18
2019-02-20 13:00:00,40,8,43,4,76.22
2019-02-20 14:00:00,10,23,65,15,56.15
2019-02-20 15:00:00,12,28,64,9,58.02
2019-02-20 16:00:00,27,26,58,16,62.45
2019-02-20 17:00:00,35,21,65,3,73.34
2019-02-20 18:00:00,38,16,66,4,82.87
2019-02-20 19:00:00,24,32,58,10,61.2
2019-02-20 20:00:00,32,28,51,9,64.22
2019-02-20 21:00:00,29,7,37,2,80.86
2019-02-20 22:00:00,44,22,60,11,86.91
2019-02-20 23:00:00,32,32,37,7,72.37
2019-02-21 00:00:00,23,35,36,2,62.88
2019-02-21 01:00:00,44,16,62,9,75.09
2019-02-21 02:00:00,12,40,34,12,55.0
2019-02-21 03:00:00,45,30,35,0,71.11
2019-02-21 04:00:00,13,22,48,16,60.8
2019-02-21 05:00:00,18,29,51,10,65.49
2019-02-21 06:00:00,39,38,31,4,57.85
2019-02-21 07:00:00,35,14,43,13,82.17
2019-02-21 08:00:00,44,11,38,15,76.69
2019-02-21 09:00:00,36,22,41,17,64.07
2019-02-21 10:00:00,32,9,36,14,74.25
2019-02-21 11:00:00,21,36,55,3,55.12
2019-02-21 12:00:00,8,41,47,2,55.0
2019-02-21 13:00:00,12,28,65,3,55.0
2019-02-21 14:00:00,19,42,30,15,55.0
2019-02-21 15:00:00,9,8,58,5,57.55
2019-02-21 16:00:00,27,29,63,5,58.28
2019-02-21 17:00:00,37,22,47,16,69.93
2019-02-21 18:00:00,44,16,55,3,76.14
2019-02-21 19:00:00,26,17,46,7,73.45
2019-02-21 20:00:00,41,26,52,5,71.91
2019-02-21 21:00:00,45,29,63,5,75.92
2019-02-21 22:00:00,40,12,49,10,79.2
2019-02-21 23:00:00,25,28,51,13,70.47
2019-02-22 00:00:00,20,40,66,4,55.0
2019-02-22 01:00:00,45,6,48,0,92.64
2019-02-22 02:00:00,17,38,36,11,57.7
2019-02-22 03:00:00,23,28,55,9,61.63
2019-02-22 04:00:00,10,18,55,11,60.95
2019-02-22 05:00:00,38,33,38,8,63.3
2019-02-22 06:00:00,32,28,56,13,67.46
2019-02-22 07:00:00,11,34,32,11,55.0
2019-02-22 08:00:00,16,9,41,13,61.51
2019-02-22 09:00:00,29,8,61,13,72.13
2019-02-22 10:00:00,28,29,52,8,55.0
2019-02-22 11:00:00,38,17,52,5,69.58
2019-02-22 12:00:00,18,14,52,10,62.98
2019-02-22 13:00:00,43,21,36,11,69.38
2019-02-22 14:00:00,24,32,65,10,59.49
2019-02-22 15:00:00,39,12,41,9,71.74
2019-02-22 16:00:00,17,42,59,6,55.0
2019-02-22 17:00:00,9,21,66,2,55.0
2019-02-22 18:00:00,10,11,38,7,59.11
2019-02-22 19:00:00,22,8,53,15,79.51
2019-02-22 20:00:00,44,37,31,12,67.78
2019-02-22 21:00:00,9,10,53,13,63.07
2019-02-22 22:00:00,22,21,46,13,62.5
2019-02-22 23:00:00,12,30,32,16,55.0
2019-02-23 00:00:00,43,24,54,4,73.86
2019-02-23 01:00:00,33,15,65,12,80.61
2019-02-23 02:00:00,36,9,33,1,77.17
2019-02-23 03:00:00,35,32,63,4,64.13
2019-02-23 04:00:00,32,24,61,0,66.19
2019-02-23 05:00:00,37,7,50,7,82.09
2019-02-23 06:00:00,8,12,63,2,60.61
2019-02-23 07:00:00,40,26,41,6,64.96
2019-02-23 08:00:00,36,12,56,2,72.15
2019-02-23 09:00:00,36,20,55,0,76.77
2019-02-23 10:00:00,22,10,51,8,69.51
2019-02-23 11:00:00,38,35,60,7,66.01
2019-02-23 12:00:00,22,29,62,7,55.0
2019-02-23 13:00:00,9,35,59,6,55.0
2019-02-23 14:00:00,42,7,51,7,74.7
2019-02-23 15:00:00,16,19,66,0,60.77
2019-02-23 16:00:00,11,15,50,8,61.62
2019-02-23 17:00:00,31,29,53,15,63.37
2019-02-23 18:00:00,16,36,36,2,55.0
2019-02-23 19:00:00,40,14,41,2,73.75
2019-02-23 20:00:00,24,34,63,14,62.36
2019-02-23 21:00:00,8,27,48,9,57.24
2019-02-23 22:00:00,44,36,48,4,70.49
2019-02-23 23:00:00,27,9,60,14,77.6
2019-02-24 00:00:00,17,42,42,5,55.0
2019-02-24 01:00:00,33,22,39,10,72.43
2019-02-24 02:00:00,28,16,30,10,73.42
2019-02-24 03:00:00,9,12,38,3,64.91
2019-02-24 04:00:00,36,42,48,13,60.91
2019-02-24 05:00:00,23,38,56,11,55.38
2019-02-24 06:00:00,34,10,42,3,74.11
2019-02-24 07:00:00,42,22,46,13,68.38
2019-02-24 08:00:00,31,33,38,11,55.0
2019-02-24 09:00:00,33,27,60,15,65.36
2019-02-24 10:00:00,17,12,49,14,57.96
2019-02-24 11:00:00,17,19,35,5,58.37
2019-02-24 12:00:00,23,19,52,16,59.76
2019-02-24 13:00:00,40,16,42,0,73.39
2019-02-24 14:00:00,27,41,62,6,55.0
2019-02-24 15:00:00,21,13,39,10,65.55
2019-02-24 16:00:00,37,32,61,9,61.76
2019-02-24 17:00:00,40,39,55,4,63.58
2019-02-24 18:00:00,42,35,35,3,67.36
2019-02-24 19:00:00,19,35,58,14,55.0
2019-02-24 20:00:00,34,11,56,15,84.37
2019-02-24 21:00:00,30,10,46,12,84.91
2019-02-24 22:00:00,25,34,35,9,63.3
2019-02-24 23:00:00,23,33,47,13,63.83
2019-02-25 00:00:00,12,33,52,4,58.51
2019-02-25 01:00:00,18,21,34,17,62.8
2019-02-25 02:00:00,28,25,42,2,67.31
2019-02-25 03:00:00,41,6,55,10,89.79
2019-02-25 04:00:00,40,16,50,6,74.56
2019-02-25 05:00:00,15,25,66,16,56.02
2019-02-25 06:00:00,33,10,38,4,72.86
2019-02-25 07:00:00,11,10,58,11,65.81
2019-02-25 08:00:00,33,7,45,2,71.09
2019-02-25 09:00:00,20,13,38,3,61.57
2019-02-25 10:00:00,25,42,65,7,55.0
2019-02-25 11:00:00,35,31,53,14,57.11
2019-02-25 12:00:00,24,41,49,5,55.0
2019-02-25 13:00:00,38,15,40,12,66.2
2019-02-25 14:00:00,28,28,62,10,61.35
2019-02-25 15:00:00,45,38,31,17,63.71
2019-02-25 16:00:00,32,19,34,5,68.28
2019-02-25 17:00:00,19,30,36,4,56.82
2019-02-25 18:00:00,37,31,54,16,64.19
2019-02-25 19:00:00,23,36,33,5,55.0
2019-02-25 20:00:00,28,41,59,3,60.5
2019-02-25 21:00:00,13,28,37,14,55.78
2019-02-25 22:00:00,12,27,55,14,62.78
2019-02-25 23:00:00,29,38,59,1,64.82
2019-02-26 00:00:00,15,31,62,15,65.97
2019-02-26 01:00:00,45,19,40,11,79.72
2019-02-26 02:00:00,40,29,32,5,76.36
2019-02-26 03:00:00,34,26,58,9,80.46
2019-02-26 04:00:00,35,14,46,4,77.55
2019-02-26 05:00:00,30,25,65,3,71.35
2019-02-26 06:00:00,10,29,36,2,55.0
2019-02-26 07:00:00,22,39,51,2,57.1
2019-02-26 08:00:00,26,27,34,10,64.05
2019-02-26 09:00:00,42,12,47,14,74.98
2019-02-26 10:00:00,16,42,30,8,55.0
2019-02-26 11:00:00,26,27,57,0,60.86
2019-02-26 12:00:00,21,16,52,7,63.95
2019-02-26 13:00:00,13,33,33,13,55.0
2019-02-26 14:00:00,11,20,48,15,56.97
2019-02-26 15:00:00,21,19,45,13,60.8
2019-02-26 16:00:00,11,37,54,6,55.0
2019-02-26 17:00:00,10,38,48,11,55.0
2019-02-26 18:00:00,21,25,46,1,59.12
2019-02-26 19:00:00,15,19,60,7,63.9
2019-02-26 20:00:00,29,37,49,9,55.0
2019-02-26 21:00:00,8,12,60,0,68.25
2019-02-26 22:00:00,19,33,62,0,66.23
2019-02-26 23:00:00,25,27,61,14,67.26
2019-02-27 00:00:00,44,37,65,3,74.55
2019-02-27 01:00:00,32,21,55,2,74.19
2019-02-27 02:00:00,41,36,50,10,69.28
2019-02-27 03:00:00,21,6,49,5,76.43
2019-02-27 04:00:00,25,34,37,17,57.03
2019-02-27 05:00:00,23,8,60,17,73.64
2019-02-27 06:00:00,41,29,55,14,67.65
2019-02-27 07:00:00,44,13,62,5,83.61
2019-02-27 08:00:00,44,41,55,15,65.03
2019-02-27 09:00:00,36,34,47,4,60.06
2019-02-27 10:00:00,27,9,40,4,69.32
2019-02-27 11:00:00,28,39,66,17,55.0
2019-02-27 12:00:00,45,15,57,12,81.45
2019-02-27 13:00:00,18,26,62,1,55.0
2019-02-27 14:00:00,21,9,51,15,69.51
2019-02-27 15:00:00,42,9,48,2,76.12
2019-02-27 16:00:00,22,14,31,12,67.68
2019-02-27 17:00:00,16,25,32,7,60.4
2019-02-27 18:00:00,29,26,56,0,70.76
2019-02-27 19:00:00,20,37,38,14,60.67
2019-02-27 20:00:00,41,12,33,12,81.84
2019-02-27 21:00:00,42,33,58,15,78.05
2019-02-27 22:00:00,19,6,52,11,81.91
2019-02-27 23:00:00,28,16,34,13,69.03
2019-02-28 00:00:00,45,12,48,16,83.56
2019-02-28 01:00:00,36,10,47,17,75.88
2019-02-28 02:00:00,16,27,30,10,63.61
2019-02-28 03:00:00,30,39,52,0,55.92
2019-02-28 04:00:00,31,30,44,6,58.6
2019-02-28 05:00:00,32,37,62,11,58.75
2019-02-28 06:00:00,8,27,34,1,55.0
2019-02-28 07:00:00,19,7,61,2,71.14
2019-02-28 08:00:00,40,18,30,7,67.03
2019-02-28 09:00:00,17,36,58,16,55.0
2019-02-28 10:00:00,19,7,58,5,66.86
2019-02-28 11:00:00,20,9,45,16,64.79
2019-02-28 12:00:00,14,36,40,14,55.0
2019-02-28 13:00:00,13,8,35,5,57.57
2019-02-28 14:00:00,21,41,42,4,55.0
2019-02-28 15:00:00,41,34,54,14,63.16
2019-02-28 16:00:00,8,30,56,13,55.0
2019-02-28 17:00:00,18,25,36,11,61.82
2019-02-28 18:00:00,10,9,30,17,70.66
2019-02-28 19:00:00,29,21,50,1,67.83
2019-02-28 20:00:00,17,35,51,6,55.0
2019-02-28 21:00:00,38,39,66,10,66.81
2019-02-28 22:00:00,30,22,58,1,73.39
2019-02-28 23:00:00,37,37,50,17,67.65
2019-03-01 00:00:00,32,34,51,10,68.42
2019-03-01 01:00:00,24,8,53,5,84.77
2019-03-01 02:00:00,40,28,46,4,65.72
2019-03-01 03:00:00,26,28,55,0,63.03
2019-03-01 04:00:00,44,26,37,10,79.49
2019-03-01 05:00:00,45,34,60,17,68.61
2019-03-01 06:00:00,30,38,61,0,62.34
2019-03-01 07:00:00,33,26,46,7,67.29
2019-03-01 08:00:00,17,17,46,11,64.78
2019-03-01 09:00:00,38,42,48,7,64.55
2019-03-01 10:00:00,33,41,60,11,56.51
2019-03-01 11:00:00,42,31,36,12,55.8
2019-03-01 12:00:00,18,29,42,17,55.0
2019-03-01 13:00:00,37,9,52,10,82.48
2019-03-01 14:00:00,25,20,55,12,56.18
2019-03-01 15:00:00,15,13,40,5,61.38
2019-03-01 16:00:00,14,25,34,2,55.0
2019-03-01 17:00:00,29,36,48,1,55.0
2019-03-01 18:00:00,20,14,53,1,69.63
2019-03-01 19:00:00,11,42,58,14,55.0
2019-03-01 20:00:00,24,10,30,0,68.92
2019-03-01 21:00:00,32,9,30,8,73.05
2019-03-01 22:00:00,20,42,44,11,55.0
2019-03-01 23:00:00,44,9,50,12,88.85
2019-03-02 00:00:00,37,33,30,1,65.4
2019-03-02 01:00:00,27,34,36,15,55.0
2019-03-02 02:00:00,43,18,45,7,79.1
2019-03-02 03:00:00,24,8,40,0,75.14
2019-03-02 04:00:00,13,17,56,2,61.68
2019-03-02 05:00:00,9,8,31,15,62.11
2019-03-02 06:00:00,43,30,62,16,70.33
2019-03-02 07:00:00,44,38,36,13,59.74
2019-03-02 08:00:00,36,42,46,6,56.1
2019-03-02 09:00:00,11,35,66,17,55.0
2019-03-02 10:00:00,19,34,54,4,55.0
2019-03-02 11:00:00,9,38,66,4,55.0
2019-03-02 12:00:00,9,34,30,13,55.0
2019-03-02 13:00:00,17,30,56,5,55.0
2019-03-02 14:00:00,29,42,32,9,55.0
2019-03-02 15:00:00,10,17,52,11,55.0
2019-03-02 16:00:00,45,21,42,2,70.12
2019-03-02 17:00:00,25,39,58,16,56.48
2019-03-02 18:00:00,18,17,34,2,66.29
2019-03-02 19:00:00,27,17,63,17,62.55
2019-03-02 20:00:00,38,11,47,4,85.19
2019-03-02 21:00:00,19,16,49,7,71.22
2019-03-02 22:00:00,9,27,51,4,56.72
2019-03-02 23:00:00,9,38,31,9,55.0
2019-03-03 00:00:00,40,11,41,0,83.17
2019-03-03 01:00:00,12,31,56,3,55.0
2019-03-03 02:00:00,32,34,65,9,65.65
2019-03-03 03:00:00,22,39,66,12,55.0
2019-03-03 04:00:00,37,33,49,17,59.45
2019-03-03 05:00:00,10,11,39,15,70.91
2019-03-03 06:00:00,42,24,47,16,71.91
2019-03-03 07:00:00,34,41,47,14,57.56
2019-03-03 08:00:00,25,39,44,13,55.0
2019-03-03 09:00:00,15,28,43,6,55.0
2019-03-03 10:00:00,45,41,62,16,60.34
2019-03-03 11:00:00,19,30,44,17,55.0
2019-03-03 12:00:00,26,8,31,9,64.78
2019-03-03 13:00:00,22,39,56,2,55.0
2019-03-03 14:00:00,16,12,54,0,62.68
2019-03-03 15:00:00,23,20,44,8,60.68
2019-03-03 16:00:00,13,14,53,11,61.13
2019-03-03 17:00:00,8,32,64,9,55.0
2019-03-03 18:00:00,19,7,64,16,69.38
2019-03-03 19:00:00,12,29,59,9,55.0
2019-03-03 20:00:00,23,37,51,11,62.64
2019-03-03 21:00:00,40,35,31,13,62.32
2019-03-03 22:00:00,14,17,48,16,56.61
2019-03-03 23:00:00,8,39,60,10,55.0
2019-03-04 00:00:00,12,19,61,10,62.23
2019-03-04 01:00:00,27,31,58,1,61.64
2019-03-04 02:00:00,18,24,66,11,68.74
2019-03-04 03:00:00,26,8,49,3,75.4
2019-03-04 04:00:00,9,6,34,6,60.25
2019-03-04 05:00:00,20,12,48,9,76.1
2019-03-04 06:00:00,23,40,41,1,55.0
2019-03-04 07:00:00,24,41,60,12,55.0
2019-03-04 08:00:00,28,21,58,5,57.84
2019-03-04 09:00:00,37,41,45,9,58.2
2019-03-04 10:00:00,25,7,44,6,65.84
2019-03-04 11:00:00,39,41,35,6,59.33
2019-03-04 12:00:00,28,14,31,7,64.23
2019-03-04 13:00:00,17,7,41,0,68.66
2019-03-04 14:00:00,16,34,38,3,55.0
2019-03-04 15:00:00,20,20,39,14,55.0
2019-03-04 16:00:00,30,16,66,2,71.0
2019-03-04 17:00:00,17,34,55,8,55.0
2019-03-04 18:00:00,42,18,50,2,68.92
2019-03-04 19:00:00,26,33,36,9,55.0
2019-03-04 20:00:00,40,13,61,11,78.25
2019-03-04 21:00:00,33,9,53,8,85.9
2019-03-04 22:00:00,20,18,49,13,70.73
2019-03-04 23:00:00,16,28,47,4,59.06
2019-03-05 00:00:00,36,14,50,10,82.42
2019-03-05 01:00:00,20,11,61,4,66.18
2019-03-05 02:00:00,17,33,56,9,57.38
2019-03-05 03:00:00,43,24,47,1,78.87
2019-03-05 04:00:00,26,21,54,4,70.0
2019-03-05 05:00:00,9,14,64,12,61.6
2019-03-05 06:00:00,26,6,42,14,73.98
2019-03-05 07:00:00,25,7,63,4,75.33
2019-03-05 08:00:00,40,31,52,4,66.8
2019-03-05 09:00:00,35,8,36,5,77.65
2019-03-05 10:00:00,15,15,65,5,62.82
2019-03-05 11:00:00,13,39,55,17,55.0
2019-03-05 12:00:00,30,18,44,11,72.29
2019-03-05 13:00:00,9,33,37,6,55.0
2019-03-05 14:00:00,20,18,63,8,69.4
2019-03-05 15:00:00,13,40,60,9,55.0
2019-03-05 16:00:00,8,36,31,9,55.0
2019-03-05 17:00:00,42,23,53,6,72.96
2019-03-05 18:00:00,11,31,34,17,55.0
2019-03-05 19:00:00,8,21,40,5,62.79
2019-03-05 20:00:00,43,40,51,7,63.42
2019-03-05 21:00:00,15,19,39,0,63.5
2019-03-05 22:00:00,39,36,48,8,70.91
2019-03-05 23:00:00,9,28,45,15,57.74
2019-03-06 00:00:00,13,29,51,17,59.28
2019-03-06 01:00:00,12,19,59,8,67.0
2019-03-06 02:00:00,34,36,35,2,69.78
2019-03-06 03:00:00,31,33,59,12,73.29
2019-03-06 04:00:00,26,36,38,11,59.85
2019-03-06 05:00:00,17,35,31,17,55.0
2019-03-06 06:00:00,11,11,46,9,69.91
2019-03-06 07:00:00,29,38,41,0,55.0
2019-03-06 08:00:00,16,37,36,16,56.13
2019-03-06 09:00:00,30,14,45,12,74.66
2019-03-06 10:00:00,34,42,62,14,63.03
2019-03-06 11:00:00,40,25,51,2,70.91
2019-03-06 12:00:00,26,17,56,8,56.77
2019-03-06 13:00:00,8,14,35,8,55.0
2019-03-06 14:00:00,18,19,32,4,59.15
2019-03-06 15:00:00,40,7,42,15,75.64
2019-03-06 16:00:00,28,31,58,3,59.81
2019-03-06 17:00:00,31,32,62,1,66.11
2019-03-06 18:00:00,25,30,33,4,59.04
2019-03-06 19:00:00,14,26,47,17,55.0
2019-03-06 20:00:00,42,19,44,2,82.01
2019-03-06 21:00:00,37,32,57,10,72.86
2019-03-06 22:00:00,45,38,37,3,69.62
2019-03-06 23:00:00,40,9,47,7,88.11
2019-03-07 00:00:00,19,20,61,9,68.95
2019-03-07 01:00:00,17,42,47,0,59.14
2019-03-07 02:00:00,17,37,58,4,57.82
2019-03-07 03:00:00,42,42,53,10,72.3
2019-03-07 04:00:00,29,12,52,0,67.83
2019-03-07 05:00:00,25,23,39,8,66.52
2019-03-07 06:00:00,44,10,66,10,82.23
2019-03-07 07:00:00,30,38,39,3,55.0
2019-03-07 08:00:00,42,25,64,2,76.65
2019-03-07 09:00:00,45,15,66,8,82.0
2019-03-07 10:00:00,11,9,48,12,55.0
2019-03-07 11:00:00,21,33,62,0,56.64
2019-03-07 12:00:00,35,36,56,6,61.45
2019-03-07 13:00:00,38,38,57,17,56.98
2019-03-07 14:00:00,13,41,32,6,55.0
2019-03-07 15:00:00,20,36,35,5,55.0
2019-03-07 16:00:00,28,35,32,13,55.0
2019-03-07 17:00:00,38,36,31,8,60.85
2019-03-07 18:00:00,12,42,60,7,55.0
2019-03-07 19:00:00,30,23,36,14,68.21
2019-03-07 20:00:00,19,34,30,0,55.0
2019-03-07 21:00:00,16,36,64,12,58.06
2019-03-07 22:00:00,27,10,40,6,74.75
2019-03-07 23:00:00,23,31,60,15,60.73
2019-03-08 00:00:00,32,18,65,13,69.82
2019-03-08 01:00:00,20,10,49,16,74.73
2019-03-08 02:00:00,39,12,64,2,84.41
2019-03-08 03:00:00,10,10,65,3,69.39
2019-03-08 04:00:00,40,39,35,16,60.87
2019-03-08 05:00:00,9,34,35,7,55.0
2019-03-08 06:00:00,35,9,43,14,70.58
2019-03-08 07:00:00,21,29,50,12,55.0
2019-03-08 08:00:00,22,30,59,8,56.86
2019-03-08 09:00:00,8,25,36,0,55.0
2019-03-08 10:00:00,34,28,37,1,55.0
2019-03-08 11:00:00,14,39,41,12,55.0
2019-03-08 12:00:00,33,25,40,1,59.92
2019-03-08 13:00:00,35,30,64,0,66.12
2019-03-08 14:00:00,40,27,44,3,61.88
2019-03-08 15:00:00,34,20,62,16,68.76
2019-03-08 16:00:00,19,38,32,11,55.0
2019-03-08 17:00:00,36,21,33,12,66.87
2019-03-08 18:00:00,39,35,59,11,66.65
2019-03-08 19:00:00,20,28,39,10,55.0
2019-03-08 20:00:00,12,31,33,4,55.0
2019-03-08 21:00:00,41,34,51,7,75.35
2019-03-08 22:00:00,13,33,35,9,59.9
2019-03-08 23:00:00,30,26,32,17,70.6
2019-03-09 00:00:00,16,28,45,16,63.63
2019-03-09 01:00:00,12,24,50,13,55.0
2019-03-09 02:00:00,37,18,49,14,72.28
2019-03-09 03:00:00,13,32,51,14,55.0
2019-03-09 04:00:00,33,38,30,12,68.99
2019-03-09 05:00:00,34,32,40,14,61.84
2019-03-09 06:00:00,10,34,42,1,55.0
2019-03-09 07:00:00,14,36,40,0,55.0
2019-03-09 08:00:00,38,19,50,7,71.45
2019-03-09 09:00:00,27,8,38,0,67.8
2019-03-09 10:00:00,12,18,53,6,55.0
2019-03-09 11:00:00,45,33,64,3,55.0
2019-03-09 12:00:00,18,36,54,17,55.0
2019-03-09 13:00:00,8,25,44,11,55.0
2019-03-09 14:00:00,43,34,46,0,55.01
2019-03-09 15:00:00,8,8,51,11,60.5
2019-03-09 16:00:00,29,29,56,13,61.86
2019-03-09 17:00:00,45,31,41,5,70.54
2019-03-09 18:00:00,29,24,31,15,67.14
2019-03-09 19:00:00,30,32,55,17,58.72
2019-03-09 20:00:00,22,24,54,17,59.88
2019-03-09 21:00:00,12,25,33,1,55.0
2019-03-09 22:00:00,29,28,53,8,69.86
2019-03-09 23:00:00,42,35,32,13,59.82
2019-03-10 00:00:00,11,15,53,7,65.17
2019-03-10 01:00:00,41,17,57,8,84.04
2019-03-10 02:00:00,23,21,30,5,68.62
2019-03-10 03:00:00,28,13,56,7,76.93
2019-03-10 04:00:00,14,18,34,12,64.76
2019-03-10 05:00:00,31,18,39,0,58.29
2019-03-10 06:00:00,14,17,56,14,67.47
2019-03-10 07:00:00,18,21,43,13,59.87
2019-03-10 08:00:00,35,24,66,2,72.8
2019-03-10 09:00:00,9,31,65,13,55.0
2019-03-10 10:00:00,24,17,66,9,56.6
2019-03-10 11:00:00,30,37,33,5,59.31
2019-03-10 12:00:00,13,23,36,8,55.0
2019-03-10 13:00:00,19,32,36,9,55.0
2019-03-10 14:00:00,21,10,51,3,66.42
2019-03-10 15:00:00,33,12,45,10,73.02
2019-03-10 16:00:00,45,22,57,11,77.48
2019-03-10 17:00:00,39,19,40,6,71.79
2019-03-10 18:00:00,15,24,37,8,55.0
2019-03-10 19:00:00,8,11,54,11,64.8
2019-03-10 20:00:00,9,23,52,9,59.7
2019-03-10 21:00:00,30,31,55,7,57.93
2019-03-10 22:00:00,13,32,41,17,60.28
2019-03-10 23:00:00,16,15,49,15,56.91
2019-03-11 00:00:00,40,18,64,6,85.14
2019-03-11 01:00:00,41,25,52,12,73.81
2019-03-11 02:00:00,39,25,64,14,78.82
2019-03-11 03:00:00,17,35,46,1,57.92
2019-03-11 04:00:00,31,20,31,10,69.25
2019-03-11 05:00:00,31,30,58,14,67.32
2019-03-11 06:00:00,15,38,47,1,55.0
2019-03-11 07:00:00,29,17,31,6,69.39
2019-03-11 08:00:00,27,36,35,14,63.04
2019-03-11 09:00:00,23,18,41,16,56.3
2019-03-11 10:00:00,36,18,37,17,55.0
2019-03-11 11:00:00,33,30,55,10,59.14
2019-03-11 12:00:00,28,29,52,0,56.21
2019-03-11 13:00:00,35,26,42,0,61.29
2019-03-11 14:00:00,36,14,33,14,65.8
2019-03-11 15:00:00,29,9,32,13,72.51
2019-03-11 16:00:00,18,39,64,3,55.0
2019-03-11 17:00:00,36,38,42,2,61.74
2019-03-11 18:00:00,35,38,33,2,62.2
2019-03-11 19:00:00,45,24,56,15,77.58
2019-03-11 20:00:00,13,38,62,13,55.0
2019-03-11 21:00:00,23,23,34,17,68.38
2019-03-11 22:00:00,43,8,64,2,87.76
2019-03-11 23:00:00,27,13,56,12,74.26
2019-03-12 00:00:00,43,16,39,16,84.13
2019-03-12 01:00:00,8,19,58,9,65.44
2019-03-12 02:00:00,9,40,45,13,55.0
2019-03-12 03:00:00,38,18,53,10,71.57
2019-03-12 04:00:00,21,28,34,0,60.0
2019-03-12 05:00:00,27,16,39,7,65.79
2019-03-12 06:00:00,24,29,58,4,64.23
2019-03-12 07:00:00,23,26,59,1,64.93
2019-03-12 08:00:00,43,11,30,10,76.19
2019-03-12 09:00:00,11,23,37,16,55.0
2019-03-12 10:00:00,37,9,52,0,78.03
2019-03-12 11:00:00,41,38,63,5,62.01
2019-03-12 12:00:00,32,32,54,12,65.54
2019-03-12 13:00:00,23,40,56,5,57.93
2019-03-12 14:00:00,14,38,44,2,55.0
2019-03-12 15:00:00,33,14,32,3,70.34
2019-03-12 16:00:00,25,32,58,0,65.94
2019-03-12 17:00:00,13,9,59,17,66.84
2019-03-12 18:00:00,21,41,46,8,55.0
2019-03-12 19:00:00,44,35,48,16,67.15
2019-03-12 20:00:00,18,31,38,12,55.02
2019-03-12 21:00:00,14,42,46,6,55.0
2019-03-12 22:00:00,33,37,38,16,66.29
2019-03-12 23:00:00,15,37,45,4,55.0
2019-03-13 00:00:00,42,9,34,3,83.42
2019-03-13 01:00:00,40,6,52,14,88.27
2019-03-13 02:00:00,45,41,39,9,71.74
2019-03-13 03:00:00,42,15,56,7,82.7
2019-03-13 04:00:00,17,21,49,10,65.1
2019-03-13 05:00:00,16,7,63,17,66.63
2019-03-13 06:00:00,21,29,38,5,55.0
2019-03-13 07:00:00,25,36,40,16,55.71
2019-03-13 08:00:00,41,37,38,16,64.96
2019-03-13 09:00:00,35,27,53,13,66.61
2019-03-13 10:00:00,32,30,33,2,56.28
2019-03-13 11:00:00,41,25,55,1,68.18
2019-03-13 12:00:00,32,22,60,2,72.22
2019-03-13 13:00:00,22,26,54,12,60.2
2019-03-13 14:00:00,23,40,34,7,55.0
2019-03-13 15:00:00,27,15,48,17,63.28
2019-03-13 16:00:00,11,23,49,0,55.0
2019-03-13 17:00:00,36,28,44,6,66.83
2019-03-13 18:00:00,32,27,47,4,67.72
2019-03-13 19:00:00,35,7,58,15,83.8
2019-03-13 20:00:00,28,16,60,2,75.57
2019-03-13 21:00:00,37,29,41,7,69.37
2019-03-13 22:00:00,44,31,42,15,72.37
2019-03-13 23:00:00,29,33,37,17,73.2
2019-03-14 00:00:00,24,42,44,16,55.29
2019-03-14 01:00:00,11,30,50,11,55.0
2019-03-14 02:00:00,37,27,56,2,66.96
2019-03-14 03:00:00,42,18,39,1,77.39
2019-03-14 04:00:00,34,19,38,7,76.58
2019-03-14 05:00:00,40,36,31,8,62.68
2019-03-14 06:00:00,40,23,33,9,77.08
2019-03-14 07:00:00,38,32,31,0,63.73
2019-03-14 08:00:00,27,10,37,12,73.76
2019-03-14 09:00:00,11,10,55,7,58.36
2019-03-14 10:00:00,8,13,58,1,55.0
2019-03-14 11:00:00,15,13,66,16,62.24
2019-03-14 12:00:00,24,28,50,6,58.75
2019-03-14 13:00:00,36,29,46,4,61.91
2019-03-14 14:00:00,25,26,63,8,61.54
2019-03-14 15:00:00,8,16,35,17,56.79
2019-03-14 16:00:00,15,27,53,14,55.0
2019-03-14 17:00:00,45,10,60,1,81.24
2019-03-14 18:00:00,45,23,48,12,73.35
2019-03-14 19:00:00,22,11,39,11,67.75
2019-03-14 20:00:00,38,8,52,15,84.1
2019-03-14 21:00:00,35,12,66,17,78.93
2019-03-14 22:00:00,43,10,38,13,76.35
2019-03-14 23:00:00,41,23,50,11,76.82
2019-03-15 00:00:00,31,26,31,6,63.57
2019-03-15 01:00:00,22,28,38,16,64.31
2019-03-15 02:00:00,31,22,58,16,75.35
2019-03-15 03:00:00,20,12,48,17,61.16
2019-03-15 04:00:00,21,6,37,17,68.58
2019-03-15 05:00:00,31,32,42,11,63.71
2019-03-15 06:00:00,29,42,34,17,55.0
2019-03-15 07:00:00,30,16,58,14,72.95
2019-03-15 08:00:00,22,13,64,4,70.78
2019-03-15 09:00:00,23,17,33,0,60.25
2019-03-15 10:00:00,8,13,38,17,55.0
2019-03-15 11:00:00,30,14,61,7,58.79
2019-03-15 12:00:00,29,24,62,15,65.19
2019-03-15 13:00:00,43,35,58,5,71.34
2019-03-15 14:00:00,27,32,56,6,63.61
2019-03-15 15:00:00,25,41,61,14,55.0
2019-03-15 16:00:00,10,19,43,9,55.0
2019-03-15 17:00:00,15,24,63,12,61.02
2019-03-15 18:00:00,20,20,62,5,63.17
2019-03-15 19:00:00,22,7,38,11,72.61
2019-03-15 20:00:00,21,20,32,8,64.69
2019-03-15 21:00:00,22,15,49,16,69.78
2019-03-15 22:00:00,37,23,58,8,78.99
2019-03-15 23:00:00,12,11,61,1,72.74
2019-03-16 00:00:00,20,33,35,13,55.59
2019-03-16 01:00:00,14,37,43,17,55.0
2019-03-16 02:00:00,19,41,58,15,55.0
2019-03-16 03:00:00,34,9,32,1,75.58
2019-03-16 04:00:00,9,10,56,17,59.76
2019-03-16 05:00:00,20,41,40,6,55.0
2019-03-16 06:00:00,8,37,30,15,55.0
2019-03-16 07:00:00,44,27,38,11,67.91
2019-03-16 08:00:00,35,17,57,17,73.43
2019-03-16 09:00:00,17,25,62,6,57.04
2019-03-16 10:00:00,15,25,33,10,55.0
2019-03-16 11:00:00,11,37,47,12,55.0
2019-03-16 12:00:00,25,25,37,2,58.98
2019-03-16 13:00:00,36,7,55,13,72.27
2019-03-16 14:00:00,30,31,58,2,56.7
2019-03-16 15:00:00,41,34,65,14,67.15
2019-03-16 16:00:00,21,17,43,2,61.89
2019-03-16 17:00:00,18,10,41,3,59.68
2019-03-16 18:00:00,26,11,41,8,72.76
2019-03-16 19:00:00,15,37,58,3,56.72
2019-03-16 20:00:00,45,22,46,1,81.06
2019-03-16 21:00:00,15,25,30,0,63.68
2019-03-16 22:00:00,26,41,65,5,67.25
2019-03-16 23:00:00,27,8,33,8,81.85
2019-03-17 00:00:00,10,13,64,0,67.67
2019-03-17 01:00:00,25,36,35,2,58.02
2019-03-17 02:00:00,25,25,49,11,58.54
2019-03-17 03:00:00,17,7,41,5,69.89
2019-03-17 04:00:00,12,32,55,13,55.89
2019-03-17 05:00:00,9,11,44,15,61.7
2019-03-17 06:00:00,8,34,43,0,55.0
2019-03-17 07:00:00,26,35,47,17,55.0
2019-03-17 08:00:00,11,36,65,12,55.0
2019-03-17 09:00:00,44,23,39,14,65.23
2019-03-17 10:00:00,17,15,38,8,58.73
2019-03-17 11:00:00,32,38,32,0,55.0
2019-03-17 12:00:00,33,26,57,15,66.58
2019-03-17 13:00:00,26,29,55,10,63.42
2019-03-17 14:00:00,41,11,52,0,73.35
2019-03-17 15:00:00,12,29,30,2,55.0
2019-03-17 16:00:00,16,27,59,3,55.52
2019-03-17 17:00:00,17,16,59,6,64.94
2019-03-17 18:00:00,13,34,64,7,55.0
2019-03-17 19:00:00,19,10,64,7,75.28
2019-03-17 20:00:00,19,32,39,15,55.0
2019-03-17 21:00:00,37,41,56,16,65.32
2019-03-17 22:00:00,19,26,44,12,63.46
2019-03-17 23:00:00,41,9,52,11,83.27
2019-03-18 00:00:00,37,26,42,15,63.69
2019-03-18 01:00:00,42,25,54,4,76.85
2019-03-18 02:00:00,11,26,65,10,57.3
2019-03-18 03:00:00,45,16,54,11,89.24
2019-03-18 04:00:00,31,29,64,5,69.25
2019-03-18 05:00:00,45,15,64,17,78.88
2019-03-18 06:00:00,21,26,34,4,55.0
2019-03-18 07:00:00,44,27,65,1,75.05
2019-03-18 08:00:00,30,29,60,5,65.08
2019-03-18 09:00:00,10,35,45,14,55.0
2019-03-18 10:00:00,23,38,52,6,55.0
2019-03-18 11:00:00,13,34,52,3,55.0
2019-03-18 12:00:00,43,35,59,15,68.07
2019-03-18 13:00:00,19,38,59,2,55.0
2019-03-18 14:00:00,16,14,33,2,55.0
2019-03-18 15:00:00,29,16,30,16,59.39
2019-03-18 16:00:00,24,25,39,5,67.23
2019-03-18 17:00:00,11,23,49,0,58.86
2019-03-18 18:00:00,39,31,61,7,63.45
2019-03-18 19:00:00,40,6,54,13,76.98
2019-03-18 20:00:00,36,11,35,13,78.33
2019-03-18 21:00:00,31,33,56,1,61.11
2019-03-18 22:00:00,23,36,47,5,58.18
2019-03-18 23:00:00,28,17,43,11,72.51
2019-03-19 00:00:00,27,17,58,11,74.38
2019-03-19 01:00:00,14,26,40,11,65.19
2019-03-19 02:00:00,11,23,52,6,68.77
2019-03-19 03:00:00,17,12,36,15,66.55
2019-03-19 04:00:00,25,24,44,1,61.62
2019-03-19 05:00:00,14,36,50,14,55.0
2019-03-19 06:00:00,12,32,53,16,59.76
2019-03-19 07:00:00,40,36,64,12,64.76
2019-03-19 08:00:00,22,29,40,7,60.24
2019-03-19 09:00:00,30,38,63,6,55.0
2019-03-19 10:00:00,27,15,60,7,67.73
2019-03-19 11:00:00,35,7,43,2,69.64
2019-03-19 12:00:00,36,10,35,3,72.28
2019-03-19 13:00:00,19,42,39,11,55.0
2019-03-19 14:00:00,40,29,54,9,68.92
2019-03-19 15:00:00,22,15,59,8,72.62
2019-03-19 16:00:00,39,37,52,8,61.43
2019-03-19 17:00:00,23,17,56,1,58.67
2019-03-19 18:00:00,12,28,33,15,55.0
2019-03-19 19:00:00,36,15,48,17,77.65
2019-03-19 20:00:00,9,9,62,4,68.2
2019-03-19 21:00:00,37,15,44,5,77.99
2019-03-19 22:00:00,9,14,63,11,72.34
2019-03-19 23:00:00,15,26,34,0,61.18
2019-03-20 00:00:00,30,6,66,1,83.05
2019-03-20 01:00:00,43,14,59,16,82.26
2019-03-20 02:00:00,23,27,53,3,59.18
2019-03-20 03:00:00,12,20,52,10,64.47
2019-03-20 04:00:00,16,29,64,15,61.65
2019-03-20 05:00:00,42,30,43,13,67.0
2019-03-20 06:00:00,35,41,36,4,59.29
2019-03-20 07:00:00,11,36,63,2,55.0
2019-03-20 08:00:00,22,14,33,12,62.12
2019-03-20 09:00:00,18,31,54,7,55.0
2019-03-20 10:00:00,14,29,39,17,55.0
2019-03-20 11:00:00,40,27,64,11,67.47
2019-03-20 12:00:00,31,35,66,0,56.71
2019-03-20 13:00:00,14,11,47,4,57.73
2019-03-20 14:00:00,32,19,49,13,66.8
2019-03-20 15:00:00,23,36,46,12,57.14
2019-03-20 16:00:00,10,39,45,13,55.0
2019-03-20 17:00:00,25,7,64,4,73.36
2019-03-20 18:00:00,15,23,40,4,60.0
2019-03-20 19:00:00,17,15,65,3,73.39
2019-03-20 20:00:00,41,12,54,12,84.73
2019-03-20 21:00:00,34,8,65,0,84.19
2019-03-20 22:00:00,13,25,52,14,64.22
2019-03-20 23:00:00,40,30,60,5,74.38
2019-03-21 00:00:00,29,25,48,8,70.76
2019-03-21 01:00:00,41,19,47,4,77.71
2019-03-21 02:00:00,36,34,39,7,61.22
2019-03-21 03:00:00,20,30,37,13,61.27
2019-03-21 04:00:00,28,39,31,3,59.21
2019-03-21 05:00:00,28,18,44,10,68.43
2019-03-21 06:00:00,35,14,66,1,80.81
2019-03-21 07:00:00,17,22,64,3,58.12
2019-03-21 08:00:00,20,24,55,12,55.0
2019-03-21 09:00:00,17,22,43,10,55.0
2019-03-21 10:00:00,19,36,49,11,55.0
2019-03-21 11:00:00,14,7,57,4,65.08
2019-03-21 12:00:00,9,25,30,3,55.0
2019-03-21 13:00:00,43,21,64,7,76.61
2019-03-21 14:00:00,10,13,62,2,63.03
2019-03-21 15:00:00,41,29,65,15,64.74
2019-03-21 16:00:00,8,35,33,4,55.0
2019-03-21 17:00:00,37,26,65,12,72.04
2019-03-21 18:00:00,20,9,52,2,73.69
2019-03-21 19:00:00,27,8,50,11,67.08
2019-03-21 20:00:00,18,21,36,3,63.85
2019-03-21 21:00:00,26,30,48,5,55.51
2019-03-21 22:00:00,25,17,43,7,68.92
2019-03-21 23:00:00,28,17,66,2,79.89
2019-03-22 00:00:00,22,37,42,2,69.97
2019-03-22 01:00:00,28,6,38,13,76.77
2019-03-22 02:00:00,39,8,65,6,79.94
2019-03-22 03:00:00,24,11,36,10,69.36
2019-03-22 04:00:00,21,42,63,11,55.0
2019-03-22 05:00:00,13,24,65,11,56.41
2019-03-22 06:00:00,21,11,41,11,63.38
2019-03-22 07:00:00,12,17,55,17,57.36
2019-03-22 08:00:00,14,41,59,11,55.0
2019-03-22 09:00:00,44,31,49,6,65.67
2019-03-22 10:00:00,11,14,55,5,55.0
2019-03-22 11:00:00,26,14,34,14,60.45
2019-03-22 12:00:00,39,8,49,7,73.27
2019-03-22 13:00:00,44,34,48,10,59.43
2019-03-22 14:00:00,13,11,50,14,56.85
2019-03-22 15:00:00,14,16,64,4,62.17
2019-03-22 16:00:00,22,18,60,4,62.51
2019-03-22 17:00:00,29,28,52,0,55.05
2019-03-22 18:00:00,44,28,44,1,74.78
2019-03-22 19:00:00,15,35,44,11,55.0
2019-03-22 20:00:00,14,16,30,9,56.1
2019-03-22 21:00:00,17,20,50,5,62.55
2019-03-22 22:00:00,41,20,39,3,73.66
2019-03-22 23:00:00,9,7,62,12,71.83
2019-03-23 00:00:00,22,33,58,1,59.59
2019-03-23 01:00:00,12,25,63,12,60.04
2019-03-23 02:00:00,13,23,66,16,61.07
2019-03-23 03:00:00,42,42,44,8,58.49
2019-03-23 04:00:00,8,12,45,8,67.0
2019-03-23 05:00:00,20,41,52,9,55.0
2019-03-23 06:00:00,42,31,45,1,64.39
2019-03-23 07:00:00,31,14,40,11,69.78
2019-03-23 08:00:00,10,31,56,6,55.0
2019-03-23 09:00:00,25,33,46,8,55.0
2019-03-23 10:00:00,44,19,64,0,79.31
2019-03-23 11:00:00,23,18,38,15,70.7
2019-03-23 12:00:00,28,36,46,6,55.0
2019-03-23 13:00:00,28,11,49,1,64.4
2019-03-23 14:00:00,33,6,63,14,70.13
2019-03-23 15:00:00,15,30,51,17,55.0
2019-03-23 16:00:00,39,39,32,9,62.77
2019-03-23 17:00:00,45,24,42,0,70.0
2019-03-23 18:00:00,13,10,62,17,68.18
2019-03-23 19:00:00,39,25,40,3,74.0
2019-03-23 20:00:00,39,15,42,4,72.16
2019-03-23 21:00:00,36,36,35,12,59.79
2019-03-23 22:00:00,22,28,56,5,70.01
2019-03-23 23:00:00,25,18,35,1,68.25
2019-03-24 00:00:00,39,29,43,12,68.72
2019-03-24 01:00:00,13,30,56,4,55.0
2019-03-24 02:00:00,39,31,63,15,71.09
2019-03-24 03:00:00,42,19,38,2,82.73
2019-03-24 04:00:00,33,27,42,16,69.55
2019-03-24 05:00:00,20,7,34,13,69.5
2019-03-24 06:00:00,29,20,46,4,72.97
2019-03-24 07:00:00,9,19,66,10,62.58
2019-03-24 08:00:00,43,25,41,16,70.15
2019-03-24 09:00:00,21,41,39,1,57.88
2019-03-24 10:00:00,10,41,44,14,55.0
2019-03-24 11:00:00,38,23,63,8,71.66
2019-03-24 12:00:00,32,29,50,17,57.64
2019-03-24 13:00:00,31,10,52,3,73.08
2019-03-24 14:00:00,10,23,58,12,55.0
2019-03-24 15:00:00,36,31,56,17,64.08
2019-03-24 16:00:00,32,31,52,6,70.12
2019-03-24 17:00:00,38,41,50,1,63.05
2019-03-24 18:00:00,39,23,49,7,72.67
2019-03-24 19:00:00,16,39,36,10,55.0
2019-03-24 20:00:00,16,42,45,11,55.0
2019-03-24 21:00:00,43,27,61,8,71.11
2019-03-24 22:00:00,28,9,31,16,78.06
2019-03-24 23:00:00,24,19,60,10,73.61
2019-03-25 00:00:00,18,34,50,11,57.98
2019-03-25 01:00:00,32,27,42,17,75.95
2019-03-25 02:00:00,36,40,34,16,69.19
2019-03-25 03:00:00,8,36,58,6,55.0
2019-03-25 04:00:00,29,8,30,5,77.06
2019-03-25 05:00:00,45,37,50,13,66.21
2019-03-25 06:00:00,18,19,36,9,59.96
2019-03-25 07:00:00,18,36,63,8,55.0
2019-03-25 08:00:00,41,24,36,12,66.79
2019-03-25 09:00:00,10,22,59,11,55.0
2019-03-25 10:00:00,23,8,51,16,60.81
2019-03-25 11:00:00,25,10,31,6,67.31
2019-03-25 12:00:00,38,28,56,13,68.69
2019-03-25 13:00:00,12,27,62,4,55.0
2019-03-25 14:00:00,24,26,38,16,55.0
2019-03-25 15:00:00,13,11,65,1,61.41
2019-03-25 16:00:00,37,24,59,13,63.23
2019-03-25 17:00:00,32,8,57,1,73.3
2019-03-25 18:00:00,26,11,42,15,76.26
2019-03-25 19:00:00,22,24,34,17,55.0
2019-03-25 20:00:00,13,28,45,14,55.0
2019-03-25 21:00:00,43,30,59,14,77.55
2019-03-25 22:00:00,32,42,51,8,58.69
2019-03-25 23:00:00,20,37,53,4,55.18
2019-03-26 00:00:00,23,20,58,17,79.02
2019-03-26 01:00:00,35,34,42,9,69.55
2019-03-26 02:00:00,35,9,31,14,83.97
2019-03-26 03:00:00,25,37,62,12,63.7
2019-03-26 04:00:00,19,20,52,12,66.48
2019-03-26 05:00:00,33,34,50,6,69.61
2019-03-26 06:00:00,33,41,51,7,67.26
2019-03-26 07:00:00,30,32,61,7,56.04
2019-03-26 08:00:00,10,40,58,10,55.0
2019-03-26 09:00:00,25,6,54,12,71.43
2019-03-26 10:00:00,31,12,58,3,69.57
2019-03-26 11:00:00,44,29,40,4,70.77
2019-03-26 12:00:00,27,26,56,0,61.62
2019-03-26 13:00:00,21,10,66,9,74.94
2019-03-26 14:00:00,29,32,38,12,61.59
2019-03-26 15:00:00,14,8,51,3,69.62
2019-03-26 16:00:00,11,42,55,12,55.0
2019-03-26 17:00:00,33,11,49,0,71.55
2019-03-26 18:00:00,45,22,65,15,75.19
2019-03-26 19:00:00,40,36,44,12,72.0
2019-03-26 20:00:00,30,25,38,12,63.87
2019-03-26 21:00:00,9,33,35,12,55.0
2019-03-26 22:00:00,45,32,61,6,71.6
2019-03-26 23:00:00,25,41,55,17,71.0
2019-03-27 00:00:00,19,23,51,13,66.0
2019-03-27 01:00:00,41,42,45,3,69.59
2019-03-27 02:00:00,36,25,45,16,69.05
2019-03-27 03:00:00,36,39,64,13,70.94
2019-03-27 04:00:00,18,33,55,5,55.0
2019-03-27 05:00:00,45,10,65,17,82.17
2019-03-27 06:00:00,25,29,59,4,59.94
2019-03-27 07:00:00,28,38,58,11,59.18
2019-03-27 08:00:00,36,10,50,12,73.05
2019-03-27 09:00:00,33,37,38,17,63.68
2019-03-27 10:00:00,14,9,54,10,65.44
2019-03-27 11:00:00,19,38,56,17,55.0
2019-03-27 12:00:00,21,35,49,5,55.86
2019-03-27 13:00:00,44,11,30,14,74.4
2019-03-27 14:00:00,35,32,65,4,61.06
2019-03-27 15:00:00,21,10,60,17,71.62
2019-03-27 16:00:00,35,27,43,13,55.81
2019-03-27 17:00:00,36,40,48,11,63.54
2019-03-27 18:00:00,22,13,34,1,64.67
2019-03-27 19:00:00,23,12,64,8,69.93
2019-03-27 20:00:00,41,21,38,2,84.05
2019-03-27 21:00:00,29,19,43,16,70.03
2019-03-27 22:00:00,13,7,45,6,74.69
2019-03-27 23:00:00,35,22,39,14,75.68
2019-03-28 00:00:00,30,15,53,16,78.1
2019-03-28 01:00:00,27,10,66,1,77.82
2019-03-28 02:00:00,35,16,61,13,77.76
2019-03-28 03:00:00,42,6,49,5,92.51
2019-03-28 04:00:00,20,39,34,1,57.44
2019-03-28 05:00:00,23,42,61,4,55.0
2019-03-28 06:00:00,15,19,39,9,56.04
2019-03-28 07:00:00,32,38,63,15,58.02
2019-03-28 08:00:00,23,23,44,12,64.6
2019-03-28 09:00:00,21,39,49,4,55.05
2019-03-28 10:00:00,34,12,46,5,73.54
2019-03-28 11:00:00,23,16,46,5,56.16
2019-03-28 12:00:00,25,33,36,13,56.24
2019-03-28 13:00:00,24,14,50,9,69.89
2019-03-28 14:00:00,17,36,44,0,55.0
2019-03-28 15:00:00,12,21,61,1,64.41
2019-03-28 16:00:00,39,20,47,1,66.14
2019-03-28 17:00:00,11,22,65,17,60.55
2019-03-28 18:00:00,20,35,40,9,55.0
2019-03-28 19:00:00,33,6,42,8,82.97
2019-03-28 20:00:00,12,33,31,13,55.0
2019-03-28 21:00:00,32,34,57,3,73.51
2019-03-28 22:00:00,35,36,32,0,67.07
2019-03-28 23:00:00,33,42,40,4,60.3
2019-03-29 00:00:00,19,34,63,3,58.07
2019-03-29 01:00:00,8,25,52,14,56.68
2019-03-29 02:00:00,41,23,50,14,74.23
2019-03-29 03:00:00,20,20,59,11,71.95
2019-03-29 04:00:00,38,36,58,16,71.73
2019-03-29 05:00:00,15,20,62,8,56.11
2019-03-29 06:00:00,14,27,54,4,55.88
2019-03-29 07:00:00,37,9,46,5,76.56
2019-03-29 08:00:00,43,17,34,2,69.8
2019-03-29 09:00:00,40,15,43,16,74.1
2019-03-29 10:00:00,36,22,56,10,72.73
2019-03-29 11:00:00,17,24,39,13,56.75
2019-03-29 12:00:00,42,32,54,5,69.27
2019-03-29 13:00:00,33,21,34,12,60.26
2019-03-29 14:00:00,14,11,32,5,58.58
2019-03-29 15:00:00,12,26,43,8,55.0
2019-03-29 16:00:00,41,8,38,11,78.14
2019-03-29 17:00:00,18,37,62,17,55.0
2019-03-29 18:00:00,37,34,43,10,67.27
2019-03-29 19:00:00,13,14,45,12,67.85
2019-03-29 20:00:00,18,15,44,10,68.54
2019-03-29 21:00:00,18,7,41,7,67.37
2019-03-29 22:00:00,18,19,63,16,61.72
2019-03-29 23:00:00,33,7,57,17,83.91
2019-03-30 00:00:00,42,40,35,5,71.93
2019-03-30 01:00:00,42,10,37,16,82.38
2019-03-30 02:00:00,36,30,32,8,61.12
2019-03-30 03:00:00,15,27,39,13,65.65
2019-03-30 04:00:00,44,14,54,9,82.94
2019-03-30 05:00:00,28,35,64,13,61.23
2019-03-30 06:00:00,28,10,47,15,66.76
2019-03-30 07:00:00,34,38,33,7,56.83
2019-03-30 08:00:00,37,33,31,12,62.63
2019-03-30 09:00:00,44,29,45,9,68.41
2019-03-30 10:00:00,30,38,39,14,55.0
2019-03-30 11:00:00,31,20,51,3,63.41
2019-03-30 12:00:00,36,16,34,13,64.27
2019-03-30 13:00:00,17,11,38,10,66.24
2019-03-30 14:00:00,19,40,50,8,55.0
2019-03-30 15:00:00,31,20,40,6,61.6
2019-03-30 16:00:00,10,36,43,12,55.0
2019-03-30 17:00:00,20,18,38,6,61.68
2019-03-30 18:00:00,35,41,31,0,55.0
2019-03-30 19:00:00,45,38,42,17,64.37
2019-03-30 20:00:00,27,17,42,8,64.24
2019-03-30 21:00:00,23,24,63,2,61.72
2019-03-30 22:00:00,24,35,63,4,61.63
2019-03-30 23:00:00,34,14,45,14,75.61
2019-03-31 00:00:00,28,6,40,5,87.65
2019-03-31 01:00:00,8,16,45,5,63.89
2019-03-31 02:00:00,28,27,52,8,62.1
2019-03-31 03:00:00,23,11,44,0,65.1
2019-03-31 04:00:00,34,18,57,10,75.4
2019-03-31 05:00:00,41,39,65,0,64.24
2019-03-31 06:00:00,44,8,44,15,86.59
2019-03-31 07:00:00,31,7,34,7,73.62
2019-03-31 08:00:00,21,21,34,3,55.0
2019-03-31 09:00:00,24,6,62,8,65.9
2019-03-31 10:00:00,14,7,45,3,58.81
2019-03-31 11:00:00,43,12,42,5,75.73
2019-03-31 12:00:00,40,9,52,2,70.6
2019-03-31 13:00:00,40,36,65,12,62.03
2019-03-31 14:00:00,20,10,45,17,57.82
2019-03-31 15:00:00,20,25,41,8,55.25
2019-03-31 16:00:00,40,32,61,1,66.79
2019-03-31 17:00:00,28,29,33,1,64.49
2019-03-31 18:00:00,34,30,61,14,66.34
2019-03-31 19:00:00,26,19,49,6,63.71
2019-03-31 20:00:00,24,38,30,5,60.58
2019-03-31 21:00:00,32,8,38,1,76.51
2019-03-31 22:00:00,38,9,55,11,85.5
2019-03-31 23:00:00,20,37,57,1,55.31
2019-04-01 00:00:00,38,8,37,16,83.06
2019-04-01 01:00:00,17,13,54,3,66.74
2019-04-01 02:00:00,23,12,66,1,75.84
2019-04-01 03:00:00,42,7,55,12,89.15
2019-04-01 04:00:00,44,10,55,6,82.47
2019-04-01 05:00:00,43,27,37,12,69.46
2019-04-01 06:00:00,20,30,53,0,59.23
2019-04-01 07:00:00,40,9,56,15,76.19
2019-04-01 08:00:00,43,40,34,5,55.0
2019-04-01 09:00:00,45,9,41,13,80.13
2019-04-01 10:00:00,8,31,62,16,55.0
2019-04-01 11:00:00,36,35,66,9,60.29
2019-04-01 12:00:00,45,25,36,6,70.18
2019-04-01 13:00:00,37,24,57,5,69.15
2019-04-01 14:00:00,16,10,48,12,61.56
2019-04-01 15:00:00,36,14,51,0,67.53
2019-04-01 16:00:00,11,37,48,2,55.0
2019-04-01 17:00:00,26,18,62,11,69.78
2019-04-01 18:00:00,31,7,46,0,76.35
2019-04-01 19:00:00,25,32,51,5,58.22
2019-04-01 20:00:00,34,31,54,11,64.16
2019-04-01 21:00:00,17,8,50,4,73.6
2019-04-01 22:00:00,31,7,62,16,80.41
2019-04-01 23:00:00,32,10,38,17,81.26
2019-04-02 00:00:00,32,7,65,0,87.21
2019-04-02 01:00:00,18,28,55,3,62.03
2019-04-02 02:00:00,19,10,65,16,78.08
2019-04-02 03:00:00,17,28,43,0,60.92
2019-04-02 04:00:00,25,12,47,8,74.11
2019-04-02 05:00:00,30,41,31,17,55.0
2019-04-02 06:00:00,21,32,64,10,55.4
2019-04-02 07:00:00,23,19,60,5,62.31
2019-04-02 08:00:00,18,21,40,0,57.76
2019-04-02 09:00:00,16,8,31,7,63.71
2019-04-02 10:00:00,32,8,55,9,74.36
2019-04-02 11:00:00,39,25,54,1,68.83
2019-04-02 12:00:00,19,6,49,9,63.75
2019-04-02 13:00:00,40,29,35,7,66.91
2019-04-02 14:00:00,29,20,63,5,73.53
2019-04-02 15:00:00,14,11,46,17,60.59
2019-04-02 16:00:00,21,25,56,16,57.43
2019-04-02 17:00:00,8,26,61,12,55.0
2019-04-02 18:00:00,9,33,50,10,55.0
2019-04-02 19:00:00,20,13,33,8,65.15
2019-04-02 20:00:00,25,26,62,1,59.92
2019-04-02 21:00:00,38,37,54,5,62.24
2019-04-02 22:00:00,13,15,63,0,72.12
2019-04-02 23:00:00,39,36,52,6,75.26
2019-04-03 00:00:00,16,32,63,8,67.57
2019-04-03 01:00:00,13,21,62,11,66.22
2019-04-03 02:00:00,34,38,37,6,60.6
2019-04-03 03:00:00,37,41,36,4,62.0
2019-04-03 04:00:00,30,14,35,12,67.75
2019-04-03 05:00:00,12,42,59,2,55.0
2019-04-03 06:00:00,12,6,38,2,67.29
2019-04-03 07:00:00,22,10,46,12,71.36
2019-04-03 08:00:00,25,7,59,10,80.55
2019-04-03 09:00:00,45,19,45,15,74.46
2019-04-03 10:00:00,18,40,32,13,55.0
2019-04-03 11:00:00,15,28,43,16,55.0
2019-04-03 12:00:00,43,28,33,11,65.09
2019-04-03 13:00:00,13,9,44,15,59.46
2019-04-03 14:00:00,9,25,57,3,55.0
2019-04-03 15:00:00,24,20,49,9,58.23
2019-04-03 16:00:00,23,23,54,17,62.84
2019-04-03 17:00:00,31,15,33,14,72.71
2019-04-03 18:00:00,41,13,57,7,85.95
2019-04-03 19:00:00,43,41,45,16,67.18
2019-04-03 20:00:00,19,26,40,5,65.74
2019-04-03 21:00:00,45,21,54,0,79.18
2019-04-03 22:00:00,32,8,34,14,78.45
2019-04-03 23:00:00,10,34,48,7,60.51
2019-04-04 00:00:00,43,23,45,0,73.03
2019-04-04 01:00:00,13,20,36,3,61.0
2019-04-04 02:00:00,30,30,65,1,73.43
2019-04-04 03:00:00,38,10,43,17,80.56
2019-04-04 04:00:00,17,25,31,15,58.33
2019-04-04 05:00:00,18,37,46,16,55.0
2019-04-04 06:00:00,26,23,65,3,67.14
2019-04-04 07:00:00,41,6,54,14,86.35
2019-04-04 08:00:00,16,14,53,10,66.37
2019-04-04 09:00:00,33,8,63,5,75.43
2019-04-04 10:00:00,25,24,33,12,62.84
2019-04-04 11:00:00,12,19,50,17,56.69
2019-04-04 12:00:00,35,10,41,8,75.31
2019-04-04 13:00:00,39,31,55,0,59.96
2019-04-04 14:00:00,29,12,61,15,77.03
2019-04-04 15:00:00,14,18,32,3,57.22
2019-04-04 16:00:00,13,42,35,3,55.0
2019-04-04 17:00:00,24,8,65,11,79.29
2019-04-04 18:00:00,27,15,48,14,69.94
2019-04-04 19:00:00,28,17,41,14,68.25
2019-04-04 20:00:00,17,24,35,15,58.0
2019-04-04 21:00:00,27,15,43,15,74.36
2019-04-04 22:00:00,19,41,30,2,55.0
2019-04-04 23:00:00,34,6,38,5,79.76
2019-04-05 00:00:00,38,41,36,12,61.72
2019-04-05 01:00:00,32,25,33,7,67.81
2019-04-05 02:00:00,8,7,65,12,66.37
2019-04-05 03:00:00,45,10,59,8,89.22
2019-04-05 04:00:00,8,9,64,8,66.66
2019-04-05 05:00:00,45,16,38,0,79.97
2019-04-05 06:00:00,9,18,40,10,58.97
2019-04-05 07:00:00,27,29,40,15,58.84
2019-04-05 08:00:00,12,17,50,14,55.0
2019-04-05 09:00:00,11,32,36,6,55.0
2019-04-05 10:00:00,33,16,38,12,70.44
2019-04-05 11:00:00,35,15,66,3,77.18
2019-04-05 12:00:00,12,16,43,11,59.22
2019-04-05 13:00:00,45,18,58,7,71.94
2019-04-05 14:00:00,20,36,38,16,55.0
2019-04-05 15:00:00,20,15,64,12,58.53
2019-04-05 16:00:00,19,16,55,1,64.93
2019-04-05 17:00:00,25,41,61,15,55.0
2019-04-05 18:00:00,14,30,49,13,55.0
2019-04-05 19:00:00,24,13,63,3,61.01
2019-04-05 20:00:00,15,38,43,5,55.0
2019-04-05 21:00:00,9,12,47,3,59.38
2019-04-05 22:00:00,22,11,32,5,67.73
2019-04-05 23:00:00,33,22,36,16,74.88
2019-04-06 00:00:00,36,31,58,16,65.76
2019-04-06 01:00:00,21,13,42,9,66.04
2019-04-06 02:00:00,20,33,33,6,57.62
2019-04-06 03:00:00,37,11,40,6,81.8
2019-04-06 04:00:00,33,34,43,17,61.22
2019-04-06 05:00:00,39,9,56,3,85.96
2019-04-06 06:00:00,42,23,33,13,65.47
2019-04-06 07:00:00,39,29,30,17,58.35
2019-04-06 08:00:00,43,15,56,15,69.42
2019-04-06 09:00:00,23,28,35,12,55.0
2019-04-06 10:00:00,22,31,45,16,55.0
2019-04-06 11:00:00,20,30,55,3,55.0
2019-04-06 12:00:00,16,20,49,17,55.0
2019-04-06 13:00:00,36,34,34,1,58.5
2019-04-06 14:00:00,35,33,56,0,62.93
2019-04-06 15:00:00,38,18,31,3,71.95
2019-04-06 16:00:00,14,33,38,10,55.0
2019-04-06 17:00:00,26,39,34,4,55.0
2019-04-06 18:00:00,16,36,48,11,55.0
2019-04-06 19:00:00,41,33,55,1,69.88
2019-04-06 20:00:00,18,34,54,12,55.0
2019-04-06 21:00:00,13,35,35,4,55.0
2019-04-06 22:00:00,29,16,42,9,67.07
2019-04-06 23:00:00,41,32,35,2,67.12
2019-04-07 00:00:00,42,13,42,17,83.2
2019-04-07 01:00:00,11,19,38,6,66.84
2019-04-07 02:00:00,20,40,57,10,60.26
2019-04-07 03:00:00,13,16,57,8,66.94
2019-04-07 04:00:00,19,37,60,10,55.73
2019-04-07 05:00:00,28,21,37,8,65.48
2019-04-07 06:00:00,18,13,30,1,57.02
2019-04-07 07:00:00,10,9,31,14,56.21
2019-04-07 08:00:00,27,26,61,11,58.25
2019-04-07 09:00:00,10,22,63,4,55.88
2019-04-07 10:00:00,16,24,37,1,56.24
2019-04-07 11:00:00,8,7,62,15,62.41
2019-04-07 12:00:00,11,15,49,5,59.99
2019-04-07 13:00:00,24,6,36,16,66.5
2019-04-07 14:00:00,40,17,41,13,65.98
2019-04-07 15:00:00,37,40,39,17,55.93
2019-04-07 16:00:00,11,11,58,11,57.71
2019-04-07 17:00:00,9,31,36,3,55.0
2019-04-07 18:00:00,20,6,36,0,66.93
2019-04-07 19:00:00,32,26,56,4,66.73
2019-04-07 20:00:00,36,40,41,7,63.99
2019-04-07 21:00:00,39,18,39,11,72.73
2019-04-07 22:00:00,21,13,59,16,75.11
2019-04-07 23:00:00,14,27,64,2,55.27
2019-04-08 00:00:00,9,16,50,11,64.88
2019-04-08 01:00:00,13,38,60,1,55.0
2019-04-08 02:00:00,10,37,61,8,56.46
2019-04-08 03:00:00,40,30,51,1,66.28
2019-04-08 04:00:00,18,29,60,6,55.0
2019-04-08 05:00:00,39,28,30,10,71.21
2019-04-08 06:00:00,29,33,31,13,57.34
2019-04-08 07:00:00,28,23,62,14,65.42
2019-04-08 08:00:00,25,41,35,9,55.0
2019-04-08 09:00:00,39,18,56,4,75.62
2019-04-08 10:00:00,9,6,45,16,61.45
2019-04-08 11:00:00,11,31,59,16,55.0
2019-04-08 12:00:00,24,30,54,17,55.0
2019-04-08 13:00:00,22,42,32,14,55.0
2019-04-08 14:00:00,28,20,42,14,58.73
2019-04-08 15:00:00,36,21,56,1,66.03
2019-04-08 16:00:00,30,26,64,10,58.89
2019-04-08 17:00:00,17,20,59,7,60.46
2019-04-08 18:00:00,20,35,62,4,60.21
2019-04-08 19:00:00,36,21,65,1,74.82
2019-04-08 20:00:00,15,34,63,3,55.0
2019-04-08 21:00:00,27,21,51,16,70.02
2019-04-08 22:00:00,28,14,42,16,74.21
2019-04-08 23:00:00,36,42,48,13,64.11
2019-04-09 00:00:00,35,25,59,1,75.55
2019-04-09 01:00:00,25,32,45,12,59.77
2019-04-09 02:00:00,19,27,60,2,64.86
2019-04-09 03:00:00,21,19,55,12,61.7
2019-04-09 04:00:00,23,41,37,0,57.29
2019-04-09 05:00:00,16,19,64,5,60.44
2019-04-09 06:00:00,31,42,61,2,63.7
2019-04-09 07:00:00,15,21,52,16,55.0
2019-04-09 08:00:00,32,6,37,10,81.39
2019-04-09 09:00:00,36,7,38,16,68.95
2019-04-09 10:00:00,44,42,61,0,57.44
2019-04-09 11:00:00,12,25,30,13,55.0
2019-04-09 12:00:00,36,20,47,8,70.41
2019-04-09 13:00:00,11,36,52,8,55.0
2019-04-09 14:00:00,20,28,38,15,58.01
2019-04-09 15:00:00,14,30,61,0,55.0
2019-04-09 16:00:00,14,31,49,16,55.0
2019-04-09 17:00:00,14,13,32,0,60.32
2019-04-09 18:00:00,9,9,41,6,60.88
2019-04-09 19:00:00,39,32,44,2,60.62
2019-04-09 20:00:00,10,6,38,9,67.09
2019-04-09 21:00:00,23,32,64,10,63.11
2019-04-09 22:00:00,34,10,43,11,84.65
2019-04-09 23:00:00,45,15,48,14,79.44
2019-04-10 00:00:00,40,32,49,13,70.41
2019-04-10 01:00:00,13,29,38,17,63.33
2019-04-10 02:00:00,45,34,51,8,75.39
2019-04-10 03:00:00,32,28,43,3,71.05
2019-04-10 04:00:00,14,7,30,2,70.08
2019-04-10 05:00:00,25,37,45,4,60.07
2019-04-10 06:00:00,42,13,51,10,87.5
2019-04-10 07:00:00,22,11,34,0,67.82
2019-04-10 08:00:00,14,38,58,17,55.0
2019-04-10 09:00:00,41,13,54,17,79.34
2019-04-10 10:00:00,44,25,41,2,67.56
2019-04-10 11:00:00,45,23,51,14,71.58
2019-04-10 12:00:00,44,34,41,10,65.75
2019-04-10 13:00:00,41,7,53,8,75.54
2019-04-10 14:00:00,25,9,35,13,65.53
2019-04-10 15:00:00,15,21,52,10,59.79
2019-04-10 16:00:00,31,23,32,5,62.33
2019-04-10 17:00:00,16,35,30,10,55.0
2019-04-10 18:00:00,25,28,39,2,57.48
2019-04-10 19:00:00,32,11,36,4,71.53
2019-04-10 20:00:00,43,42,48,17,74.39
2019-04-10 21:00:00,18,23,36,3,57.08
2019-04-10 22:00:00,17,41,39,10,55.0
2019-04-10 23:00:00,35,42,33,5,70.37
2019-04-11 00:00:00,8,7,62,8,69.66
2019-04-11 01:00:00,29,24,57,4,76.7
2019-04-11 02:00:00,36,21,38,10,77.08
2019-04-11 03:00:00,28,24,34,10,67.27
2019-04-11 04:00:00,22,17,61,11,69.1
2019-04-11 05:00:00,39,26,54,5,63.76
2019-04-11 06:00:00,22,24,62,10,62.34
2019-04-11 07:00:00,35,12,36,13,74.53
2019-04-11 08:00:00,25,16,43,12,66.45
2019-04-11 09:00:00,9,11,34,10,67.5
2019-04-11 10:00:00,28,37,45,5,55.3
2019-04-11 11:00:00,9,31,36,9,55.0
2019-04-11 12:00:00,43,20,30,9,74.33
2019-04-11 13:00:00,30,20,48,17,66.64
2019-04-11 14:00:00,22,8,66,6,68.58
2019-04-11 15:00:00,26,16,53,5,65.81
2019-04-11 16:00:00,31,40,58,13,55.72
2019-04-11 17:00:00,17,7,60,11,70.63
2019-04-11 18:00:00,18,11,65,7,68.19
2019-04-11 19:00:00,23,37,34,0,57.89
2019-04-11 20:00:00,17,25,39,12,56.23
2019-04-11 21:00:00,36,7,52,13,83.44
2019-04-11 22:00:00,11,24,60,16,67.48
2019-04-11 23:00:00,39,33,58,9,71.07
2019-04-12 00:00:00,21,18,56,9,76.6
2019-04-12 01:00:00,29,20,41,3,71.53
2019-04-12 02:00:00,13,29,43,8,56.65
2019-04-12 03:00:00,22,28,32,0,61.03
2019-04-12 04:00:00,36,39,41,9,60.93
2019-04-12 05:00:00,18,15,35,12,55.87
2019-04-12 06:00:00,13,16,64,14,65.75
2019-04-12 07:00:00,27,11,33,11,77.19
2019-04-12 08:00:00,14,30,43,14,55.0
2019-04-12 09:00:00,19,25,62,11,59.36
2019-04-12 10:00:00,25,18,65,14,63.2
2019-04-12 11:00:00,29,31,43,7,60.96
2019-04-12 12:00:00,32,19,47,10,64.67
2019-04-12 13:00:00,33,13,49,11,70.1
2019-04-12 14:00:00,40,25,60,10,61.57
2019-04-12 15:00:00,10,22,58,10,55.0
2019-04-12 16:00:00,21,20,49,14,62.15
2019-04-12 17:00:00,8,22,43,4,56.54
2019-04-12 18:00:00,8,39,43,5,55.0
2019-04-12 19:00:00,16,13,54,9,59.38
2019-04-12 20:00:00,30,16,60,11,67.52
2019-04-12 21:00:00,41,26,32,9,74.45
2019-04-12 22:00:00,37,7,58,3,80.69
2019-04-12 23:00:00,32,11,47,14,81.65
2019-04-13 00:00:00,37,26,35,9,64.36
2019-04-13 01:00:00,14,24,33,7,58.58
2019-04-13 02:00:00,39,30,42,15,69.74
2019-04-13 03:00:00,41,10,39,7,82.88
2019-04-13 04:00:00,11,37,33,2,55.0
2019-04-13 05:00:00,25,23,40,17,55.23
2019-04-13 06:00:00,39,11,60,6,78.92
2019-04-13 07:00:00,26,17,56,16,68.32
2019-04-13 08:00:00,39,14,37,9,76.06
2019-04-13 09:00:00,43,22,54,4,69.16
2019-04-13 10:00:00,26,23,46,6,62.29
2019-04-13 11:00:00,10,22,57,16,55.0
2019-04-13 12:00:00,20,23,39,17,59.87
2019-04-13 13:00:00,16,39,32,2,55.0
2019-04-13 14:00:00,26,41,41,17,55.0
2019-04-13 15:00:00,30,24,66,15,63.28
2019-04-13 16:00:00,25,41,50,11,55.0
2019-04-13 17:00:00,15,36,32,3,55.0
2019-04-13 18:00:00,19,36,66,10,55.0
2019-04-13 19:00:00,33,14,60,7,73.2
2019-04-13 20:00:00,9,22,50,2,60.4
2019-04-13 21:00:00,16,19,57,17,63.65
2019-04-13 22:00:00,41,9,36,10,80.7
2019-04-13 23:00:00,11,8,51,1,75.55
2019-04-14 00:00:00,23,29,63,6,60.28
2019-04-14 01:00:00,15,21,46,15,67.64
2019-04-14 02:00:00,11,36,31,7,55.0
2019-04-14 03:00:00,24,30,58,8,61.84
2019-04-14 04:00:00,27,9,57,2,74.78
2019-04-14 05:00:00,14,37,57,1,55.0
2019-04-14 06:00:00,10,24,53,17,55.39
2019-04-14 07:00:00,13,26,35,17,55.0
2019-04-14 08:00:00,32,41,34,1,55.0
2019-04-14 09:00:00,40,29,59,9,64.41
2019-04-14 10:00:00,14,6,61,12,62.37
2019-04-14 11:00:00,20,12,32,15,59.07
2019-04-14 12:00:00,21,21,51,10,55.0
2019-04-14 13:00:00,21,7,48,15,65.61
2019-04-14 14:00:00,17,12,42,2,58.0
2019-04-14 15:00:00,10,35,53,0,55.0
2019-04-14 16:00:00,27,11,63,8,68.51
2019-04-14 17:00:00,21,12,60,4,65.32
2019-04-14 18:00:00,21,24,35,13,64.01
2019-04-14 19:00:00,18,9,47,6,65.72
2019-04-14 20:00:00,43,15,64,7,83.78
2019-04-14 21:00:00,31,40,38,9,64.63
2019-04-14 22:00:00,23,29,61,17,61.25
2019-04-14 23:00:00,15,41,48,1,55.0
2019-04-15 00:00:00,38,19,49,9,84.76
2019-04-15 01:00:00,41,28,39,7,74.31
2019-04-15 02:00:00,9,14,64,0,67.04
2019-04-15 03:00:00,43,20,49,14,77.1
2019-04-15 04:00:00,34,12,51,16,80.2
2019-04-15 05:00:00,11,36,47,3,55.0
2019-04-15 06:00:00,36,12,33,13,67.17
2019-04-15 07:00:00,12,13,58,12,60.66
2019-04-15 08:00:00,9,23,42,12,55.0
2019-04-15 09:00:00,12,21,38,8,55.0
2019-04-15 10:00:00,25,17,58,5,60.64
2019-04-15 11:00:00,31,19,37,1,65.87
2019-04-15 12:00:00,23,16,55,0,63.03
2019-04-15 13:00:00,12,39,47,3,55.0
2019-04-15 14:00:00,15,27,59,9,55.0
2019-04-15 15:00:00,40,40,31,2,60.4
2019-04-15 16:00:00,44,42,58,12,67.24
2019-04-15 17:00:00,36,30,38,11,60.33
2019-04-15 18:00:00,11,36,62,6,55.0
2019-04-15 19:00:00,39,10,43,1,87.22
2019-04-15 20:00:00,34,41,30,9,59.36
2019-04-15 21:00:00,27,23,48,14,68.55
2019-04-15 22:00:00,13,32,32,7,55.0
2019-04-15 23:00:00,45,15,39,14,83.61
2019-04-16 00:00:00,24,9,56,5,84.15
2019-04-16 01:00:00,9,38,50,1,55.0
2019-04-16 02:00:00,15,22,56,11,68.85
2019-04-16 03:00:00,23,11,62,15,75.04
2019-04-16 04:00:00,10,30,47,15,55.0
2019-04-16 05:00:00,20,8,50,17,68.97
2019-04-16 06:00:00,25,22,32,1,59.32
2019-04-16 07:00:00,44,32,40,0,69.24
2019-04-16 08:00:00,11,32,56,10,55.63
2019-04-16 09:00:00,29,22,32,17,63.45
2019-04-16 10:00:00,42,19,43,17,70.76
2019-04-16 11:00:00,38,37,35,5,55.48
2019-04-16 12:00:00,43,12,61,6,79.01
2019-04-16 13:00:00,14,8,50,11,57.94
2019-04-16 14:00:00,38,11,53,16,70.65
2019-04-16 15:00:00,45,35,55,3,70.36
2019-04-16 16:00:00,20,23,38,17,57.73
2019-04-16 17:00:00,26,7,31,14,70.13
2019-04-16 18:00:00,28,12,44,1,71.46
2019-04-16 19:00:00,26,7,36,15,77.06
2019-04-16 20:00:00,19,36,41,11,56.6
2019-04-16 21:00:00,44,23,41,17,74.8
2019-04-16 22:00:00,44,8,58,3,85.61
2019-04-16 23:00:00,22,14,41,17,71.0
2019-04-17 00:00:00,38,28,35,0,73.88
2019-04-17 01:00:00,23,27,65,1,67.67
2019-04-17 02:00:00,38,36,31,8,66.77
2019-04-17 03:00:00,30,6,37,11,79.44
2019-04-17 04:00:00,25,8,42,3,74.83
2019-04-17 05:00:00,12,7,32,4,63.16
2019-04-17 06:00:00,32,20,63,7,76.5
2019-04-17 07:00:00,20,32,43,2,55.0
2019-04-17 08:00:00,16,30,58,3,55.54
2019-04-17 09:00:00,15,13,34,2,55.0
2019-04-17 10:00:00,45,30,49,17,67.56
2019-04-17 11:00:00,11,30,34,16,55.0
2019-04-17 12:00:00,38,13,38,11,68.3
2019-04-17 13:00:00,40,33,45,12,72.86
2019-04-17 14:00:00,9,21,61,2,55.77
2019-04-17 15:00:00,30,8,41,0,77.09
2019-04-17 16:00:00,29,20,57,6,70.99
2019-04-17 17:00:00,21,34,33,17,58.09
2019-04-17 18:00:00,33,31,39,8,63.37
2019-04-17 19:00:00,23,15,52,14,76.36
2019-04-17 20:00:00,24,34,47,6,64.01
2019-04-17 21:00:00,24,20,48,5,69.52
2019-04-17 22:00:00,38,23,55,14,77.87
2019-04-17 23:00:00,32,9,32,8,78.82
2019-04-18 00:00:00,22,42,55,13,57.73
2019-04-18 01:00:00,43,37,61,13,72.09
2019-04-18 02:00:00,38,13,58,13,83.49
2019-04-18 03:00:00,43,26,40,12,82.01
2019-04-18 04:00:00,35,34,42,14,60.7
2019-04-18 05:00:00,22,24,65,8,69.65
2019-04-18 06:00:00,37,13,59,5,76.15
2019-04-18 07:00:00,20,41,64,9,57.28
2019-04-18 08:00:00,18,15,63,5,62.89
2019-04-18 09:00:00,25,18,46,0,65.44
2019-04-18 10:00:00,44,19,34,6,71.14
2019-04-18 11:00:00,29,38,38,9,55.0
2019-04-18 12:00:00,22,24,40,9,63.88
2019-04-18 13:00:00,25,32,60,6,55.0
2019-04-18 14:00:00,19,39,40,13,55.0
2019-04-18 15:00:00,33,40,43,5,55.0
2019-04-18 16:00:00,21,37,61,11,55.0
2019-04-18 17:00:00,29,39,36,4,55.0
2019-04-18 18:00:00,22,41,54,17,55.0
2019-04-18 19:00:00,20,42,50,11,55.0
2019-04-18 20:00:00,44,29,66,10,75.48
2019-04-18 21:00:00,21,10,48,7,66.63
2019-04-18 22:00:00,10,10,49,13,67.82
2019-04-18 23:00:00,22,35,61,7,61.31
2019-04-19 00:00:00,28,17,66,14,64.71
2019-04-19 01:00:00,11,35,56,2,55.0
2019-04-19 02:00:00,19,40,55,14,57.2
2019-04-19 03:00:00,14,29,62,17,55.0
2019-04-19 04:00:00,27,34,66,4,64.53
2019-04-19 05:00:00,35,16,57,4,76.52
2019-04-19 06:00:00,44,22,40,17,69.51
2019-04-19 07:00:00,22,41,53,7,55.0
2019-04-19 08:00:00,40,36,38,12,64.53
2019-04-19 09:00:00,16,13,48,3,57.24
2019-04-19 10:00:00,37,40,46,7,55.71
2019-04-19 11:00:00,29,24,66,12,67.08
2019-04-19 12:00:00,36,37,50,16,55.0
2019-04-19 13:00:00,36,25,65,7,67.52
2019-04-19 14:00:00,28,28,59,1,55.17
2019-04-19 15:00:00,17,11,61,7,63.05
2019-04-19 16:00:00,27,18,36,11,65.57
2019-04-19 17:00:00,39,32,58,15,56.35
2019-04-19 18:00:00,44,37,39,15,63.09
2019-04-19 19:00:00,43,9,51,13,84.16
2019-04-19 20:00:00,14,8,47,2,68.63
2019-04-19 21:00:00,30,31,39,9,61.92
2019-04-19 22:00:00,11,22,66,10,57.51
2019-04-19 23:00:00,33,37,62,8,68.34
2019-04-20 00:00:00,45,8,51,16,85.49
2019-04-20 01:00:00,9,18,30,17,61.41
2019-04-20 02:00:00,32,7,36,3,79.6
2019-04-20 03:00:00,43,32,38,17,68.07
2019-04-20 04:00:00,40,37,65,15,71.52
2019-04-20 05:00:00,22,11,44,12,66.07
2019-04-20 06:00:00,11,17,31,6,61.39
2019-04-20 07:00:00,43,37,51,13,69.35
2019-04-20 08:00:00,43,7,65,10,85.08
2019-04-20 09:00:00,30,41,50,16,55.0
2019-04-20 10:00:00,45,38,46,12,71.57
2019-04-20 11:00:00,8,11,36,17,55.04
2019-04-20 12:00:00,31,11,62,7,70.49
2019-04-20 13:00:00,9,31,33,1,55.0
2019-04-20 14:00:00,43,6,64,8,75.16
2019-04-20 15:00:00,33,24,38,17,67.58
2019-04-20 16:00:00,42,8,35,11,74.49
2019-04-20 17:00:00,29,25,42,12,65.74
2019-04-20 18:00:00,11,18,30,11,60.62
2019-04-20 19:00:00,9,32,30,10,55.0
2019-04-20 20:00:00,20,38,36,1,55.0
2019-04-20 21:00:00,36,24,55,7,70.75
2019-04-20 22:00:00,13,29,60,1,55.0
2019-04-20 23:00:00,40,28,39,6,71.21
2019-04-21 00:00:00,17,42,53,12,56.32
2019-04-21 01:00:00,26,14,43,14,71.36
2019-04-21 02:00:00,15,14,46,4,63.75
2019-04-21 03:00:00,25,20,42,11,66.0
2019-04-21 04:00:00,25,33,62,4,65.97
2019-04-21 05:00:00,8,38,48,3,55.0
2019-04-21 06:00:00,29,16,48,17,76.44
2019-04-21 07:00:00,37,10,61,10,74.56
2019-04-21 08:00:00,43,28,54,3,69.33
2019-04-21 09:00:00,20,28,35,2,55.0
2019-04-21 10:00:00,41,19,36,0,77.16
2019-04-21 11:00:00,41,12,42,8,73.58
2019-04-21 12:00:00,45,37,33,1,68.77
2019-04-21 13:00:00,22,37,55,10,55.0
2019-04-21 14:00:00,40,33,48,7,67.93
2019-04-21 15:00:00,29,27,31,11,58.55
2019-04-21 16:00:00,10,15,44,3,59.81
2019-04-21 17:00:00,18,20,60,2,55.92
2019-04-21 18:00:00,33,8,63,1,78.51
2019-04-21 19:00:00,14,15,65,1,59.9
2019-04-21 20:00:00,24,22,64,1,67.84
2019-04-21 21:00:00,37,22,52,4,67.62
2019-04-21 22:00:00,13,8,64,14,69.73
2019-04-21 23:00:00,26,41,65,10,64.04
2019-04-22 00:00:00,16,15,53,4,70.54
2019-04-22 01:00:00,28,24,45,16,64.11
2019-04-22 02:00:00,17,23,65,13,57.5
2019-04-22 03:00:00,44,23,45,14,79.22
2019-04-22 04:00:00,10,37,36,16,55.32
2019-04-22 05:00:00,44,33,33,13,64.66
2019-04-22 06:00:00,38,38,50,17,71.39
2019-04-22 07:00:00,40,20,31,5,70.91
2019-04-22 08:00:00,40,15,34,15,65.07
2019-04-22 09:00:00,15,21,39,2,55.0
2019-04-22 10:00:00,43,26,49,5,71.43
2019-04-22 11:00:00,30,18,47,16,65.47
2019-04-22 12:00:00,44,23,48,2,75.78
2019-04-22 13:00:00,41,11,48,9,70.16
2019-04-22 14:00:00,30,27,66,6,62.83
2019-04-22 15:00:00,22,32,38,1,55.0
2019-04-22 16:00:00,12,25,47,4,55.0
2019-04-22 17:00:00,11,38,52,9,55.0
2019-04-22 18:00:00,22,42,40,11,55.0
2019-04-22 19:00:00,38,39,36,12,62.91
2019-04-22 20:00:00,27,9,31,2,74.46
2019-04-22 21:00:00,26,38,42,5,59.79
2019-04-22 22:00:00,17,18,39,1,70.07
2019-04-22 23:00:00,29,22,37,0,65.09
2019-04-23 00:00:00,32,21,40,7,66.24
2019-04-23 01:00:00,45,16,55,11,88.8
2019-04-23 02:00:00,35,38,60,6,63.41
2019-04-23 03:00:00,31,29,49,0,66.6
2019-04-23 04:00:00,42,41,32,3,62.49
2019-04-23 05:00:00,24,41,57,7,55.0
2019-04-23 06:00:00,43,21,35,6,68.71
2019-04-23 07:00:00,22,32,32,14,55.0
2019-04-23 08:00:00,12,24,51,10,57.79
2019-04-23 09:00:00,23,24,45,17,59.69
2019-04-23 10:00:00,12,33,41,3,55.0
2019-04-23 11:00:00,12,31,65,6,55.0
2019-04-23 12:00:00,41,39,33,1,62.45
2019-04-23 13:00:00,38,34,31,0,57.86
2019-04-23 14:00:00,16,29,51,16,55.0
2019-04-23 15:00:00,39,40,45,8,60.97
2019-04-23 16:00:00,10,9,59,11,66.21
2019-04-23 17:00:00,18,34,31,4,55.0
2019-04-23 18:00:00,34,20,45,0,75.94
2019-04-23 19:00:00,19,22,35,16,58.55
2019-04-23 20:00:00,35,34,31,11,67.52
2019-04-23 21:00:00,41,16,47,12,87.55
2019-04-23 22:00:00,10,38,57,9,55.0
2019-04-23 23:00:00,8,24,35,7,57.08
2019-04-24 00:00:00,43,18,61,7,83.1
2019-04-24 01:00:00,27,18,49,13,79.88
2019-04-24 02:00:00,27,21,47,4,72.68
2019-04-24 03:00:00,25,40,64,6,69.08
2019-04-24 04:00:00,24,9,42,5,74.99
2019-04-24 05:00:00,34,24,37,9,66.92
2019-04-24 06:00:00,30,36,59,17,59.44
2019-04-24 07:00:00,14,23,33,16,56.6
2019-04-24 08:00:00,31,26,62,9,57.7
2019-04-24 09:00:00,33,18,60,3,68.34
2019-04-24 10:00:00,12,11,66,16,60.61
2019-04-24 11:00:00,22,29,47,5,56.63
2019-04-24 12:00:00,38,40,53,6,66.64
2019-04-24 13:00:00,31,25,62,15,64.54
2019-04-24 14:00:00,13,21,34,4,55.0
2019-04-24 15:00:00,9,10,41,8,55.88
2019-04-24 16:00:00,30,40,47,16,57.17
2019-04-24 17:00:00,25,38,53,5,56.53
2019-04-24 18:00:00,44,39,55,11,73.92
2019-04-24 19:00:00,27,19,64,0,74.97
2019-04-24 20:00:00,43,29,48,17,77.64
2019-04-24 21:00:00,16,22,36,7,61.78
2019-04-24 22:00:00,24,14,37,12,76.66
2019-04-24 23:00:00,13,13,59,9,65.83
2019-04-25 00:00:00,29,20,47,7,76.54
2019-04-25 01:00:00,15,26,53,7,60.99
2019-04-25 02:00:00,26,10,50,0,70.43
2019-04-25 03:00:00,21,31,60,4,64.58
2019-04-25 04:00:00,15,22,38,6,66.31
2019-04-25 05:00:00,11,38,36,6,55.0
2019-04-25 06:00:00,27,16,57,4,76.52
2019-04-25 07:00:00,43,7,46,11,75.13
2019-04-25 08:00:00,15,17,60,14,56.38
2019-04-25 09:00:00,23,42,34,16,55.0
2019-04-25 10:00:00,16,17,40,17,56.59
2019-04-25 11:00:00,38,32,65,11,61.31
2019-04-25 12:00:00,23,37,61,7,55.0
2019-04-25 13:00:00,45,16,32,11,71.21
2019-04-25 14:00:00,17,29,60,2,55.0
2019-04-25 15:00:00,11,13,32,14,58.55
2019-04-25 16:00:00,30,19,34,9,63.05
2019-04-25 17:00:00,32,16,63,2,72.03
2019-04-25 18:00:00,45,30,34,7,67.59
2019-04-25 19:00:00,41,38,41,5,60.61
2019-04-25 20:00:00,41,15,35,6,81.63
2019-04-25 21:00:00,32,16,52,0,82.53
2019-04-25 22:00:00,21,36,32,0,61.63
2019-04-25 23:00:00,24,23,40,6,68.74
2019-04-26 00:00:00,13,24,42,5,57.56
2019-04-26 01:00:00,24,32,54,17,61.68
2019-04-26 02:00:00,21,11,48,4,75.9
2019-04-26 03:00:00,9,38,37,5,55.0
2019-04-26 04:00:00,15,19,47,16,60.78
2019-04-26 05:00:00,28,30,46,15,65.08
2019-04-26 06:00:00,22,21,43,1,57.78
2019-04-26 07:00:00,45,33,49,1,69.51
2019-04-26 08:00:00,26,28,42,1,59.84
2019-04-26 09:00:00,44,12,42,8,70.28
2019-04-26 10:00:00,33,12,58,10,71.28
2019-04-26 11:00:00,9,38,39,6,55.0
2019-04-26 12:00:00,15,25,42,0,55.0
2019-04-26 13:00:00,34,16,35,3,69.21
2019-04-26 14:00:00,28,11,55,11,70.03
2019-04-26 15:00:00,19,10,56,6,65.14
2019-04-26 16:00:00,27,40,55,2,55.0
2019-04-26 17:00:00,42,42,36,11,55.21
2019-04-26 18:00:00,22,20,46,11,63.06
2019-04-26 19:00:00,9,13,40,8,57.26
2019-04-26 20:00:00,19,21,58,16,68.56
2019-04-26 21:00:00,43,11,42,15,85.19
2019-04-26 22:00:00,36,26,45,0,74.1
2019-04-26 23:00:00,39,29,46,16,78.78
2019-04-27 00:00:00,42,42,58,0,65.81
2019-04-27 01:00:00,12,17,55,8,61.73
2019-04-27 02:00:00,18,13,60,16,68.06
2019-04-27 03:00:00,10,10,45,17,58.1
2019-04-27 04:00:00,8,19,60,0,55.0
2019-04-27 05:00:00,39,28,62,1,72.73
2019-04-27 06:00:00,43,8,49,4,75.4
2019-04-27 07:00:00,13,34,55,4,55.0
2019-04-27 08:00:00,35,23,63,5,67.07
2019-04-27 09:00:00,28,35,61,7,55.0
2019-04-27 10:00:00,10,23,40,5,55.0
2019-04-27 11:00:00,42,11,56,10,75.38
2019-04-27 12:00:00,41,6,46,15,72.99
2019-04-27 13:00:00,29,26,35,9,61.52
2019-04-27 14:00:00,34,25,43,5,65.1
2019-04-27 15:00:00,23,36,66,10,55.0
2019-04-27 16:00:00,38,38,65,11,62.09
2019-04-27 17:00:00,24,11,59,16,65.86
2019-04-27 18:00:00,45,17,66,17,75.86
2019-04-27 19:00:00,10,13,51,4,68.92
2019-04-27 20:00:00,14,9,58,16,68.13
2019-04-27 21:00:00,44,6,36,14,83.64
2019-04-27 22:00:00,18,9,41,2,70.12
2019-04-27 23:00:00,19,25,36,10,64.97
2019-04-28 00:00:00,38,11,64,2,80.01
2019-04-28 01:00:00,15,13,52,8,65.59
2019-04-28 02:00:00,27,10,64,0,79.34
2019-04-28 03:00:00,18,32,45,5,55.0
2019-04-28 04:00:00,15,29,44,10,59.97
2019-04-28 05:00:00,44,41,55,5,58.96
2019-04-28 06:00:00,15,10,51,0,63.93
2019-04-28 07:00:00,11,13,43,6,55.0
2019-04-28 08:00:00,33,22,41,9,60.74
2019-04-28 09:00:00,40,30,48,13,69.37
2019-04-28 10:00:00,12,10,32,2,61.64
2019-04-28 11:00:00,34,13,36,8,72.47
2019-04-28 12:00:00,28,21,31,3,55.0
2019-04-28 13:00:00,39,6,35,2,70.16
2019-04-28 14:00:00,12,20,37,2,55.0
2019-04-28 15:00:00,45,34,32,13,65.99
2019-04-28 16:00:00,31,25,32,16,58.11
2019-04-28 17:00:00,40,22,60,11,69.48
2019-04-28 18:00:00,21,24,36,6,55.0
2019-04-28 19:00:00,43,41,50,17,70.96
2019-04-28 20:00:00,31,25,33,8,64.01
2019-04-28 21:00:00,12,25,65,9,59.72
2019-04-28 22:00:00,43,40,38,11,66.74
2019-04-28 23:00:00,38,11,57,11,86.38
2019-04-29 00:00:00,19,9,53,8,69.49
2019-04-29 01:00:00,28,22,58,8,76.12
2019-04-29 02:00:00,22,17,53,5,64.83
2019-04-29 03:00:00,28,13,48,12,78.89
2019-04-29 04:00:00,44,10,58,12,77.89
2019-04-29 05:00:00,42,38,60,7,66.95
2019-04-29 06:00:00,16,28,44,12,62.3
2019-04-29 07:00:00,44,31,64,2,73.17
2019-04-29 08:00:00,24,10,66,7,71.73
2019-04-29 09:00:00,34,18,56,17,65.02
2019-04-29 10:00:00,37,28,64,13,62.51
2019-04-29 11:00:00,26,25,33,12,62.88
2019-04-29 12:00:00,25,31,49,15,56.99
2019-04-29 13:00:00,25,30,54,10,59.86
2019-04-29 14:00:00,40,21,64,11,71.25
2019-04-29 15:00:00,22,34,34,8,55.0
2019-04-29 16:00:00,18,15,59,14,66.37
2019-04-29 17:00:00,21,8,32,12,68.22
2019-04-29 18:00:00,15,39,43,9,55.0
2019-04-29 19:00:00,22,6,55,2,67.81
2019-04-29 20:00:00,12,16,40,14,65.87
2019-04-29 21:00:00,11,10,60,5,69.49
2019-04-29 22:00:00,35,14,64,6,77.42
2019-04-29 23:00:00,10,20,35,2,65.06
2019-04-30 00:00:00,29,10,39,3,78.76
2019-04-30 01:00:00,37,23,32,2,75.24
2019-04-30 02:00:00,35,40,56,1,69.22
2019-04-30 03:00:00,24,11,62,0,78.15
2019-04-30 04:00:00,15,40,52,5,55.0
2019-04-30 05:00:00,43,21,34,13,74.85
2019-04-30 06:00:00,39,27,36,15,77.07
2019-04-30 07:00:00,31,22,31,4,62.89
2019-04-30 08:00:00,11,17,48,7,61.17
2019-04-30 09:00:00,9,10,56,14,60.47
2019-04-30 10:00:00,19,27,35,12,55.96
2019-04-30 11:00:00,13,39,61,16,55.0
2019-04-30 12:00:00,40,25,39,7,65.34
2019-04-30 13:00:00,15,28,49,3,55.0
2019-04-30 14:00:00,18,29,54,2,55.45
2019-04-30 15:00:00,45,20,49,12,71.84
2019-04-30 16:00:00,39,10,47,0,82.37
2019-04-30 17:00:00,16,24,42,8,60.42
2019-04-30 18:00:00,22,38,45,6,55.0
2019-04-30 19:00:00,27,17,38,16,73.82
2019-04-30 20:00:00,33,38,40,17,59.11
2019-04-30 21:00:00,43,37,57,8,71.0
2019-04-30 22:00:00,41,15,62,10,81.62
2019-04-30 23:00:00,45,27,61,6,82.29
2019-05-01 00:00:00,9,33,42,13,55.0
2019-05-01 01:00:00,16,24,41,5,66.25
2019-05-01 02:00:00,29,31,32,13,67.54
2019-05-01 03:00:00,9,39,40,16,55.0
2019-05-01 04:00:00,21,29,51,3,69.44
2019-05-01 05:00:00,13,37,39,4,55.0
2019-05-01 06:00:00,43,35,57,6,63.63
2019-05-01 07:00:00,10,36,31,14,55.0
2019-05-01 08:00:00,13,37,45,11,55.0
2019-05-01 09:00:00,15,14,40,3,66.51
2019-05-01 10:00:00,13,6,48,6,64.33
2019-05-01 11:00:00,29,11,30,11,62.02
2019-05-01 12:00:00,21,15,45,17,58.68
2019-05-01 13:00:00,42,31,59,8,60.24
2019-05-01 14:00:00,17,24,61,1,59.05
2019-05-01 15:00:00,28,23,39,1,57.33
2019-05-01 16:00:00,33,6,45,0,78.28
2019-05-01 17:00:00,31,31,55,2,62.29
2019-05-01 18:00:00,38,19,47,7,72.42
2019-05-01 19:00:00,15,34,50,5,56.92
2019-05-01 20:00:00,27,10,42,5,77.46
2019-05-01 21:00:00,38,16,60,13,85.04
2019-05-01 22:00:00,40,8,53,8,83.43
2019-05-01 23:00:00,31,16,65,13,78.15
2019-05-02 00:00:00,32,40,58,9,61.88
2019-05-02 01:00:00,40,24,43,3,76.62
2019-05-02 02:00:00,31,22,42,17,68.45
2019-05-02 03:00:00,44,16,33,8,78.71
2019-05-02 04:00:00,12,15,53,15,62.74
2019-05-02 05:00:00,21,30,57,1,61.61
2019-05-02 06:00:00,12,42,43,15,55.0
2019-05-02 07:00:00,11,33,30,12,55.0
2019-05-02 08:00:00,25,33,60,4,57.44
2019-05-02 09:00:00,16,23,38,14,55.0
2019-05-02 10:00:00,23,9,51,13,68.19
2019-05-02 11:00:00,24,32,31,16,55.0
2019-05-02 12:00:00,31,35,32,3,57.3
2019-05-02 13:00:00,43,24,63,15,69.78
2019-05-02 14:00:00,40,9,54,13,77.89
2019-05-02 15:00:00,22,32,30,6,55.0
2019-05-02 16:00:00,20,40,33,6,55.0
2019-05-02 17:00:00,37,14,48,4,76.33
2019-05-02 18:00:00,12,11,55,8,64.86
2019-05-02 19:00:00,28,33,45,16,58.67
2019-05-02 20:00:00,24,18,62,15,73.48
2019-05-02 21:00:00,14,32,54,2,56.12
2019-05-02 22:00:00,31,32,52,2,60.97
2019-05-02 23:00:00,20,15,40,1,68.84
2019-05-03 00:00:00,15,7,55,11,72.65
2019-05-03 01:00:00,32,26,62,5,68.05
2019-05-03 02:00:00,14,21,31,13,60.15
2019-05-03 03:00:00,33,37,57,13,63.88
2019-05-03 04:00:00,14,19,62,3,62.96
2019-05-03 05:00:00,24,15,45,12,73.03
2019-05-03 06:00:00,38,37,58,13,58.58
2019-05-03 07:00:00,16,33,43,17,59.4
2019-05-03 08:00:00,37,28,37,13,63.75
2019-05-03 09:00:00,35,41,60,6,59.32
2019-05-03 10:00:00,42,34,41,17,62.59
2019-05-03 11:00:00,14,38,58,4,55.0
2019-05-03 12:00:00,35,35,41,14,55.0
2019-05-03 13:00:00,43,20,44,6,68.09
2019-05-03 14:00:00,36,8,55,16,78.46
2019-05-03 15:00:00,15,28,42,14,55.0
2019-05-03 16:00:00,39,34,59,10,60.46
2019-05-03 17:00:00,12,42,31,3,55.0
2019-05-03 18:00:00,30,31,30,3,61.82
2019-05-03 19:00:00,26,27,33,17,63.16
2019-05-03 20:00:00,28,27,39,14,60.24
2019-05-03 21:00:00,27,10,31,9,66.72
2019-05-03 22:00:00,9,6,44,15,69.58
2019-05-03 23:00:00,27,7,30,14,81.56
2019-05-04 00:00:00,43,39,57,6,67.85
2019-05-04 01:00:00,24,35,35,14,55.0
2019-05-04 02:00:00,18,15,65,14,67.16
2019-05-04 03:00:00,45,21,61,8,80.89
2019-05-04 04:00:00,11,23,55,0,57.05
2019-05-04 05:00:00,26,15,59,13,75.57
2019-05-04 06:00:00,27,21,58,6,69.63
2019-05-04 07:00:00,26,18,61,6,66.9
2019-05-04 08:00:00,43,31,50,12,58.36
2019-05-04 09:00:00,24,34,53,14,55.0
2019-05-04 10:00:00,44,9,47,1,74.69
2019-05-04 11:00:00,10,23,53,14,55.0
2019-05-04 12:00:00,35,42,44,5,55.0
2019-05-04 13:00:00,30,38,34,10,55.0
2019-05-04 14:00:00,17,35,64,15,55.0
2019-05-04 15:00:00,16,33,55,3,55.0
2019-05-04 16:00:00,35,6,56,3,76.19
2019-05-04 17:00:00,32,42,40,17,55.6
2019-05-04 18:00:00,31,33,58,6,64.51
2019-05-04 19:00:00,9,38,49,17,55.0
2019-05-04 20:00:00,30,39,32,6,62.37
2019-05-04 21:00:00,45,15,65,11,82.44
2019-05-04 22:00:00,8,6,66,9,74.48
2019-05-04 23:00:00,25,30,62,17,61.05
2019-05-05 00:00:00,26,22,47,9,74.21
2019-05-05 01:00:00,42,6,38,9,81.39
2019-05-05 02:00:00,18,16,30,8,75.25
2019-05-05 03:00:00,26,42,57,6,55.0
2019-05-05 04:00:00,35,19,62,7,78.54
2019-05-05 05:00:00,10,15,33,8,57.33
2019-05-05 06:00:00,38,30,55,13,69.82
2019-05-05 07:00:00,39,30,30,0,63.69
2019-05-05 08:00:00,35,18,58,9,65.6
2019-05-05 09:00:00,32,37,31,9,55.0
2019-05-05 10:00:00,36,27,66,13,74.75
2019-05-05 11:00:00,37,11,36,11,70.91
2019-05-05 12:00:00,42,18,44,7,58.39
2019-05-05 13:00:00,24,37,55,1,55.0
2019-05-05 14:00:00,25,9,61,6,70.82
2019-05-05 15:00:00,32,6,43,4,69.62
2019-05-05 16:00:00,15,30,66,3,55.0
2019-05-05 17:00:00,40,22,30,12,68.72
2019-05-05 18:00:00,37,15,47,8,78.67
2019-05-05 19:00:00,31,23,66,14,69.63
2019-05-05 20:00:00,19,12,40,2,73.01
2019-05-05 21:00:00,21,19,49,17,70.77
2019-05-05 22:00:00,24,14,46,8,70.14
2019-05-05 23:00:00,33,27,44,4,62.83
2019-05-06 00:00:00,37,30,58,6,71.24
2019-05-06 01:00:00,33,39,49,15,66.05
2019-05-06 02:00:00,43,8,56,12,86.99
2019-05-06 03:00:00,44,18,49,3,82.92
2019-05-06 04:00:00,34,15,66,17,80.75
2019-05-06 05:00:00,22,27,47,2,63.24
2019-05-06 06:00:00,30,25,59,4,65.55
2019-05-06 07:00:00,24,38,52,13,56.41
2019-05-06 08:00:00,31,40,59,9,65.64
2019-05-06 09:00:00,38,34,62,8,57.26
2019-05-06 10:00:00,22,13,38,16,64.8
2019-05-06 11:00:00,27,7,41,14,76.08
2019-05-06 12:00:00,9,39,41,17,55.0
2019-05-06 13:00:00,35,40,48,5,59.71
2019-05-06 14:00:00,26,15,48,15,69.49
2019-05-06 15:00:00,25,7,30,3,61.81
2019-05-06 16:00:00,28,31,63,14,63.25
2019-05-06 17:00:00,16,27,61,9,55.8
2019-05-06 18:00:00,30,38,52,10,58.56
2019-05-06 19:00:00,36,27,41,2,66.91
2019-05-06 20:00:00,21,34,60,15,64.35
2019-05-06 21:00:00,12,35,40,5,55.0
2019-05-06 22:00:00,22,6,41,10,72.94
2019-05-06 23:00:00,15,11,66,2,69.36
2019-05-07 00:00:00,22,34,64,16,61.87
2019-05-07 01:00:00,31,12,51,5,74.52
2019-05-07 02:00:00,12,13,36,13,64.0
2019-05-07 03:00:00,36,33,34,13,67.64
2019-05-07 04:00:00,16,13,65,9,70.96
2019-05-07 05:00:00,41,11,39,2,85.32
2019-05-07 06:00:00,35,6,55,5,81.35
2019-05-07 07:00:00,18,23,43,11,57.43
2019-05-07 08:00:00,29,29,48,9,57.44
2019-05-07 09:00:00,12,33,66,10,55.0
2019-05-07 10:00:00,11,39,51,4,55.0
2019-05-07 11:00:00,44,30,45,9,66.45
2019-05-07 12:00:00,38,33,45,1,62.74
2019-05-07 13:00:00,13,13,38,8,60.47
2019-05-07 14:00:00,18,18,50,1,61.12
2019-05-07 15:00:00,15,17,51,11,59.07
2019-05-07 16:00:00,23,8,33,10,65.03
2019-05-07 17:00:00,19,41,44,15,55.0
2019-05-07 18:00:00,20,14,53,8,70.93
2019-05-07 19:00:00,28,22,32,2,64.91
2019-05-07 20:00:00,15,19,66,4,60.2
2019-05-07 21:00:00,41,7,61,14,91.56
2019-05-07 22:00:00,35,39,53,17,62.17
2019-05-07 23:00:00,36,14,30,1,78.53
2019-05-08 00:00:00,14,9,49,12,73.28
2019-05-08 01:00:00,34,18,63,8,78.63
2019-05-08 02:00:00,39,11,30,4,71.55
2019-05-08 03:00:00,14,42,59,9,55.0
2019-05-08 04:00:00,36,12,61,16,86.03
2019-05-08 05:00:00,21,17,32,3,68.88
2019-05-08 06:00:00,37,16,38,15,66.02
2019-05-08 07:00:00,26,6,56,1,83.11
2019-05-08 08:00:00,38,6,63,12,75.52
2019-05-08 09:00:00,13,24,58,1,55.0
2019-05-08 10:00:00,22,14,49,1,67.7
2019-05-08 11:00:00,18,9,52,0,66.78
2019-05-08 12:00:00,17,16,49,14,60.44
2019-05-08 13:00:00,19,16,51,10,59.3
2019-05-08 14:00:00,22,21,58,12,66.95
2019-05-08 15:00:00,12,42,31,2,55.0
2019-05-08 16:00:00,34,17,37,16,63.71
2019-05-08 17:00:00,28,32,32,14,63.93
2019-05-08 18:00:00,39,34,59,8,68.7
2019-05-08 19:00:00,34,7,56,16,85.24
2019-05-08 20:00:00,13,24,31,2,60.76
2019-05-08 21:00:00,10,22,33,5,68.62
2019-05-08 22:00:00,24,24,39,0,65.73
2019-05-08 23:00:00,26,12,38,2,75.08
2019-05-09 00:00:00,17,23,49,15,67.5
2019-05-09 01:00:00,37,10,48,7,81.3
2019-05-09 02:00:00,30,40,43,11,64.43
2019-05-09 03:00:00,36,27,36,15,58.46
2019-05-09 04:00:00,12,7,54,13,68.63
2019-05-09 05:00:00,38,24,59,7,72.87
2019-05-09 06:00:00,15,40,53,6,55.0
2019-05-09 07:00:00,25,33,59,1,55.35
2019-05-09 08:00:00,24,16,63,14,70.6
2019-05-09 09:00:00,39,39,61,17,59.42
2019-05-09 10:00:00,18,12,54,9,64.12
2019-05-09 11:00:00,17,15,31,8,58.23
2019-05-09 12:00:00,20,11,42,15,65.17
2019-05-09 13:00:00,21,40,45,6,55.0
2019-05-09 14:00:00,14,32,56,7,55.0
2019-05-09 15:00:00,14,25,61,16,58.75
2019-05-09 16:00:00,16,30,53,6,55.0
2019-05-09 17:00:00,25,15,43,16,65.13
2019-05-09 18:00:00,21,8,59,2,71.0
2019-05-09 19:00:00,22,37,55,8,55.8
2019-05-09 20:00:00,35,41,59,8,65.64
2019-05-09 21:00:00,17,7,51,5,72.73
2019-05-09 22:00:00,42,7,53,17,83.79
2019-05-09 23:00:00,36,26,42,8,71.68
2019-05-10 00:00:00,14,7,44,15,64.13
2019-05-10 01:00:00,19,32,40,3,57.94
2019-05-10 02:00:00,14,40,39,6,55.0
2019-05-10 03:00:00,18,16,54,8,74.4
2019-05-10 04:00:00,21,16,44,10,72.27
2019-05-10 05:00:00,12,37,34,4,55.0
2019-05-10 06:00:00,8,19,31,5,55.34
2019-05-10 07:00:00,24,14,61,11,68.79
2019-05-10 08:00:00,34,9,46,5,72.66
2019-05-10 09:00:00,19,37,51,13,55.0
2019-05-10 10:00:00,40,40,63,8,58.47
2019-05-10 11:00:00,22,8,34,17,71.72
2019-05-10 12:00:00,42,35,64,4,61.56
2019-05-10 13:00:00,16,11,56,15,62.85
2019-05-10 14:00:00,28,11,53,8,58.12
2019-05-10 15:00:00,36,20,45,1,70.89
2019-05-10 16:00:00,10,22,56,12,58.97
2019-05-10 17:00:00,43,37,37,3,59.11
2019-05-10 18:00:00,21,31,41,2,55.0
2019-05-10 19:00:00,26,11,65,9,75.2
2019-05-10 20:00:00,31,27,40,14,66.01
2019-05-10 21:00:00,32,38,56,4,64.83
2019-05-10 22:00:00,8,30,64,11,55.0
2019-05-10 23:00:00,40,14,51,0,88.68
2019-05-11 00:00:00,31,10,41,3,74.3
2019-05-11 01:00:00,45,22,61,13,90.69
2019-05-11 02:00:00,25,23,60,0,72.79
2019-05-11 03:00:00,31,19,50,6,74.94
2019-05-11 04:00:00,24,10,34,9,66.02
2019-05-11 05:00:00,41,10,46,1,83.28
2019-05-11 06:00:00,39,25,45,17,71.45
2019-05-11 07:00:00,42,40,37,9,55.0
2019-05-11 08:00:00,27,28,44,6,55.0
2019-05-11 09:00:00,38,22,35,17,67.38
2019-05-11 10:00:00,21,40,55,10,55.0
2019-05-11 11:00:00,25,31,45,12,55.0
2019-05-11 12:00:00,36,32,57,1,64.55
2019-05-11 13:00:00,11,27,46,2,55.0
2019-05-11 14:00:00,34,34,56,0,56.71
2019-05-11 15:00:00,8,24,57,9,55.0
2019-05-11 16:00:00,30,29,35,15,60.67
2019-05-11 17:00:00,26,28,46,16,55.0
2019-05-11 18:00:00,25,33,57,10,56.14
2019-05-11 19:00:00,26,39,51,0,55.0
2019-05-11 20:00:00,26,16,38,11,67.13
2019-05-11 21:00:00,23,31,60,11,64.5
2019-05-11 22:00:00,25,7,37,10,77.29
2019-05-11 23:00:00,29,25,66,12,67.07
2019-05-12 00:00:00,37,39,56,10,68.2
2019-05-12 01:00:00,28,29,41,12,64.22
2019-05-12 02:00:00,32,15,37,8,79.45
2019-05-12 03:00:00,39,28,63,2,72.07
2019-05-12 04:00:00,45,19,49,1,66.62
2019-05-12 05:00:00,12,22,59,16,62.21
2019-05-12 06:00:00,35,14,60,7,72.78
2019-05-12 07:00:00,16,29,32,5,55.0
2019-05-12 08:00:00,15,13,55,5,62.76
2019-05-12 09:00:00,38,22,42,0,61.18
2019-05-12 10:00:00,10,40,63,17,55.0
2019-05-12 11:00:00,40,34,38,1,61.95
2019-05-12 12:00:00,37,21,31,3,65.92
2019-05-12 13:00:00,45,41,54,8,57.92
2019-05-12 14:00:00,33,6,50,6,76.98
2019-05-12 15:00:00,41,41,50,0,55.0
2019-05-12 16:00:00,12,19,39,5,55.0
2019-05-12 17:00:00,41,36,48,14,62.9
2019-05-12 18:00:00,14,41,65,4,55.0
2019-05-12 19:00:00,19,28,58,15,57.78
2019-05-12 20:00:00,12,28,66,6,62.03
2019-05-12 21:00:00,23,33,42,0,60.12
2019-05-12 22:00:00,36,14,62,1,79.56
2019-05-12 23:00:00,18,12,44,14,70.15
2019-05-13 00:00:00,39,18,64,7,83.38
2019-05-13 01:00:00,31,23,62,17,73.91
2019-05-13 02:00:00,31,33,36,14,57.16
2019-05-13 03:00:00,43,15,65,0,87.44
2019-05-13 04:00:00,24,26,52,5,64.83
2019-05-13 05:00:00,21,6,58,13,75.95
2019-05-13 06:00:00,45,7,51,1,82.38
2019-05-13 07:00:00,29,41,38,17,55.0
2019-05-13 08:00:00,31,37,66,2,55.0
2019-05-13 09:00:00,19,37,34,14,55.0
2019-05-13 10:00:00,16,18,59,15,60.97
2019-05-13 11:00:00,14,25,37,9,56.49
2019-05-13 12:00:00,16,30,59,14,55.0
2019-05-13 13:00:00,15,15,45,15,55.0
2019-05-13 14:00:00,36,33,38,13,56.42
2019-05-13 15:00:00,10,31,38,12,55.0
2019-05-13 16:00:00,31,21,41,6,60.11
2019-05-13 17:00:00,44,22,63,5,83.64
2019-05-13 18:00:00,37,17,58,15,82.3
2019-05-13 19:00:00,23,35,54,4,66.5
2019-05-13 20:00:00,10,42,53,7,55.0
2019-05-13 21:00:00,39,42,45,9,62.67
2019-05-13 22:00:00,8,34,63,7,55.32
2019-05-13 23:00:00,33,18,40,6,78.23
2019-05-14 00:00:00,33,34,64,10,66.69
2019-05-14 01:00:00,15,15,44,5,63.28
2019-05-14 02:00:00,36,39,42,17,64.25
2019-05-14 03:00:00,14,15,47,3,63.18
2019-05-14 04:00:00,16,20,57,7,69.65
2019-05-14 05:00:00,38,9,56,15,79.19
2019-05-14 06:00:00,45,9,58,8,84.92
2019-05-14 07:00:00,18,20,33,12,63.91
2019-05-14 08:00:00,43,26,35,11,74.66
2019-05-14 09:00:00,42,6,61,5,82.49
2019-05-14 10:00:00,37,37,66,13,63.18
2019-05-14 11:00:00,13,10,34,4,55.57
2019-05-14 12:00:00,19,42,63,13,55.0
2019-05-14 13:00:00,33,16,39,2,72.9
2019-05-14 14:00:00,45,20,66,12,67.91
2019-05-14 15:00:00,38,11,66,2,84.26
2019-05-14 16:00:00,23,36,53,15,55.0
2019-05-14 17:00:00,16,33,37,11,55.0
2019-05-14 18:00:00,44,8,59,0,84.95
2019-05-14 19:00:00,18,9,33,1,68.11
2019-05-14 20:00:00,21,28,42,3,60.71
2019-05-14 21:00:00,44,38,53,17,66.75
2019-05-14 22:00:00,29,10,32,10,78.58
2019-05-14 23:00:00,18,14,44,5,68.74
2019-05-15 00:00:00,8,26,59,4,55.0
2019-05-15 01:00:00,24,10,33,0,70.38
2019-05-15 02:00:00,45,17,43,3,77.6
2019-05-15 03:00:00,24,6,30,15,73.15
2019-05-15 04:00:00,34,24,54,10,74.26
2019-05-15 05:00:00,17,32,32,6,55.0
2019-05-15 06:00:00,37,21,40,0,75.87
2019-05-15 07:00:00,37,15,49,6,74.53
2019-05-15 08:00:00,31,21,37,6,64.96
2019-05-15 09:00:00,37,24,38,2,67.0
2019-05-15 10:00:00,29,12,60,10,76.2
2019-05-15 11:00:00,22,10,58,11,61.74
2019-05-15 12:00:00,36,12,32,17,77.7
2019-05-15 13:00:00,39,42,61,6,63.11
2019-05-15 14:00:00,39,32,47,4,63.74
2019-05-15 15:00:00,16,10,35,14,67.52
2019-05-15 16:00:00,33,17,63,6,70.73
2019-05-15 17:00:00,8,21,42,11,56.2
2019-05-15 18:00:00,29,12,42,13,70.55
2019-05-15 19:00:00,29,37,35,15,63.3
2019-05-15 20:00:00,21,40,62,5,55.0
2019-05-15 21:00:00,45,15,40,11,82.65
2019-05-15 22:00:00,41,6,51,2,90.13
2019-05-15 23:00:00,9,15,38,14,68.21
2019-05-16 00:00:00,15,27,63,0,59.44
2019-05-16 01:00:00,15,35,59,12,60.78
2019-05-16 02:00:00,42,18,48,3,76.49
2019-05-16 03:00:00,27,16,42,8,63.35
2019-05-16 04:00:00,35,15,54,1,74.18
2019-05-16 05:00:00,38,6,48,12,85.42
2019-05-16 06:00:00,37,6,64,8,81.92
2019-05-16 07:00:00,11,21,54,11,55.12
2019-05-16 08:00:00,13,28,31,6,55.0
2019-05-16 09:00:00,23,6,60,0,70.78
2019-05-16 10:00:00,20,13,37,10,64.66
2019-05-16 11:00:00,36,39,41,12,55.0
2019-05-16 12:00:00,13,42,46,11,55.0
2019-05-16 13:00:00,22,29,37,4,55.0
2019-05-16 14:00:00,16,25,64,12,55.0
2019-05-16 15:00:00,15,27,66,9,55.0
2019-05-16 16:00:00,14,19,35,3,55.56
2019-05-16 17:00:00,15,13,41,2,62.59
2019-05-16 18:00:00,29,19,43,5,68.37
2019-05-16 19:00:00,23,31,54,0,58.46
2019-05-16 20:00:00,24,30,52,12,60.28
2019-05-16 21:00:00,26,31,55,0,62.87
2019-05-16 22:00:00,36,28,31,0,71.11
2019-05-16 23:00:00,40,8,49,2,90.35
2019-05-17 00:00:00,28,29,37,5,56.25
2019-05-17 01:00:00,32,38,38,0,64.82
2019-05-17 02:00:00,36,30,58,11,70.03
2019-05-17 03:00:00,34,27,35,2,70.11
2019-05-17 04:00:00,13,14,31,14,67.02
2019-05-17 05:00:00,45,35,48,10,65.92
2019-05-17 06:00:00,14,22,57,1,62.56
2019-05-17 07:00:00,23,15,48,7,60.5
2019-05-17 08:00:00,32,24,35,2,63.64
2019-05-17 09:00:00,23,10,58,17,66.28
2019-05-17 10:00:00,17,40,44,10,55.0
2019-05-17 11:00:00,43,31,56,14,61.38
2019-05-17 12:00:00,10,18,37,6,55.0
2019-05-17 13:00:00,17,35,63,2,55.88
2019-05-17 14:00:00,45,8,40,4,74.04
2019-05-17 15:00:00,35,20,65,7,69.81
2019-05-17 16:00:00,11,30,43,13,55.0
2019-05-17 17:00:00,36,6,56,7,77.23
2019-05-17 18:00:00,44,32,48,16,74.32
2019-05-17 19:00:00,11,36,32,6,55.0
2019-05-17 20:00:00,23,27,33,4,60.36
2019-05-17 21:00:00,25,13,44,8,67.69
2019-05-17 22:00:00,12,33,37,2,55.0
2019-05-17 23:00:00,15,18,52,12,65.39
2019-05-18 00:00:00,14,33,35,1,56.92
2019-05-18 01:00:00,15,29,51,11,56.03
2019-05-18 02:00:00,23,9,37,6,69.4
2019-05-18 03:00:00,25,9,36,6,74.26
2019-05-18 04:00:00,17,6,43,10,75.02
2019-05-18 05:00:00,18,8,51,12,71.11
2019-05-18 06:00:00,15,17,44,16,67.52
2019-05-18 07:00:00,38,6,42,5,79.69
2019-05-18 08:00:00,16,40,42,14,55.0
2019-05-18 09:00:00,42,39,42,15,62.22
2019-05-18 10:00:00,28,12,44,17,72.09
2019-05-18 11:00:00,38,17,60,17,74.98
2019-05-18 12:00:00,32,33,51,14,55.0
2019-05-18 13:00:00,18,30,45,5,55.0
2019-05-18 14:00:00,30,27,57,12,61.34
2019-05-18 15:00:00,18,42,49,14,55.0
2019-05-18 16:00:00,12,29,65,5,55.0
2019-05-18 17:00:00,17,30,50,14,55.0
2019-05-18 18:00:00,18,24,37,12,55.77
2019-05-18 19:00:00,13,25,50,8,55.0
2019-05-18 20:00:00,8,16,58,15,59.11
2019-05-18 21:00:00,43,25,37,1,76.47
2019-05-18 22:00:00,27,39,37,12,55.5
2019-05-18 23:00:00,23,19,52,14,68.91
2019-05-19 00:00:00,43,10,62,0,81.63
2019-05-19 01:00:00,16,28,42,7,60.2
2019-05-19 02:00:00,23,35,48,9,61.19
2019-05-19 03:00:00,40,41,54,3,59.4
2019-05-19 04:00:00,32,26,54,15,65.0
2019-05-19 05:00:00,23,35,35,11,55.0
2019-05-19 06:00:00,17,15,44,4,64.6
2019-05-19 07:00:00,9,21,66,7,56.55
2019-05-19 08:00:00,11,21,62,2,55.31
2019-05-19 09:00:00,14,18,58,1,56.97
2019-05-19 10:00:00,37,32,30,13,60.21
2019-05-19 11:00:00,32,38,45,17,55.29
2019-05-19 12:00:00,24,18,31,4,56.98
2019-05-19 13:00:00,37,11,41,4,68.57
2019-05-19 14:00:00,14,36,62,12,55.0
2019-05-19 15:00:00,16,37,44,9,55.0
2019-05-19 16:00:00,22,40,36,2,56.75
2019-05-19 17:00:00,42,15,56,12,74.81
2019-05-19 18:00:00,31,32,58,3,63.47
2019-05-19 19:00:00,40,32,54,2,69.89
2019-05-19 20:00:00,17,35,59,8,60.91
2019-05-19 21:00:00,40,35,55,13,65.25
2019-05-19 22:00:00,10,41,53,9,55.0
2019-05-19 23:00:00,16,23,62,11,63.17
2019-05-20 00:00:00,27,8,41,4,87.06
2019-05-20 01:00:00,9,13,46,8,66.2
2019-05-20 02:00:00,40,38,50,12,63.08
2019-05-20 03:00:00,40,37,54,9,67.44
2019-05-20 04:00:00,28,6,47,4,82.4
2019-05-20 05:00:00,19,19,46,17,64.09
2019-05-20 06:00:00,11,15,36,1,59.16
2019-05-20 07:00:00,31,17,53,16,72.71
2019-05-20 08:00:00,28,29,34,13,57.22
2019-05-20 09:00:00,36,24,47,2,65.28
2019-05-20 10:00:00,30,23,45,4,58.67
2019-05-20 11:00:00,12,22,58,6,60.87
2019-05-20 12:00:00,12,29,47,17,55.0
2019-05-20 13:00:00,37,31,30,9,60.63
2019-05-20 14:00:00,14,7,48,4,64.67
2019-05-20 15:00:00,43,11,37,16,76.06
2019-05-20 16:00:00,12,18,44,2,55.0
2019-05-20 17:00:00,35,22,40,14,63.99
2019-05-20 18:00:00,45,42,36,14,65.34
2019-05-20 19:00:00,24,38,64,6,55.0
2019-05-20 20:00:00,10,30,39,0,55.0
2019-05-20 21:00:00,41,7,48,15,86.23
2019-05-20 22:00:00,15,9,60,17,67.71
2019-05-20 23:00:00,28,22,43,6,72.47
2019-05-21 00:00:00,45,27,64,3,78.93
2019-05-21 01:00:00,36,30,44,4,69.99
2019-05-21 02:00:00,9,11,65,2,68.44
2019-05-21 03:00:00,39,38,46,10,62.72
2019-05-21 04:00:00,14,24,30,9,55.39
2019-05-21 05:00:00,36,27,62,6,70.21
2019-05-21 06:00:00,31,7,61,11,73.66
2019-05-21 07:00:00,18,36,65,11,57.23
2019-05-21 08:00:00,24,26,34,0,57.76
2019-05-21 09:00:00,12,14,61,7,55.0
2019-05-21 10:00:00,45,17,42,15,72.4
2019-05-21 11:00:00,17,19,61,14,60.0
2019-05-21 12:00:00,19,7,65,15,65.75
2019-05-21 13:00:00,27,40,37,17,55.0
2019-05-21 14:00:00,33,35,43,1,60.54
2019-05-21 15:00:00,27,38,39,4,63.21
2019-05-21 16:00:00,27,19,41,8,69.79
2019-05-21 17:00:00,30,26,52,9,58.63
2019-05-21 18:00:00,40,22,45,14,71.9
2019-05-21 19:00:00,23,23,54,13,64.44
2019-05-21 20:00:00,39,27,54,12,75.49
2019-05-21 21:00:00,37,22,37,2,70.34
2019-05-21 22:00:00,44,34,31,12,69.31
2019-05-21 23:00:00,42,8,57,14,82.71
2019-05-22 00:00:00,38,13,36,13,78.61
2019-05-22 01:00:00,17,39,37,10,55.0
2019-05-22 02:00:00,37,38,52,1,66.47
2019-05-22 03:00:00,35,36,39,2,60.96
2019-05-22 04:00:00,19,19,37,13,69.05
2019-05-22 05:00:00,33,22,41,15,72.37
2019-05-22 06:00:00,17,6,49,14,64.32
2019-05-22 07:00:00,27,16,61,7,70.26
2019-05-22 08:00:00,38,32,66,10,60.56
2019-05-22 09:00:00,15,18,57,3,65.41
2019-05-22 10:00:00,20,23,63,10,66.38
2019-05-22 11:00:00,38,10,49,3,74.9
2019-05-22 12:00:00,25,24,45,14,56.31
2019-05-22 13:00:00,44,32,60,14,64.77
2019-05-22 14:00:00,8,27,41,0,55.0
2019-05-22 15:00:00,35,26,60,16,66.51
2019-05-22 16:00:00,38,39,66,14,68.45
2019-05-22 17:00:00,42,14,44,6,81.63
2019-05-22 18:00:00,13,17,53,8,66.15
2019-05-22 19:00:00,45,29,58,1,75.62
2019-05-22 20:00:00,22,23,58,16,62.06
2019-05-22 21:00:00,21,42,37,1,55.0
2019-05-22 22:00:00,21,8,65,16,76.96
2019-05-22 23:00:00,32,10,48,11,75.61
2019-05-23 00:00:00,33,18,31,16,75.59
2019-05-23 01:00:00,26,22,34,6,71.69
2019-05-23 02:00:00,10,38,56,16,55.0
2019-05-23 03:00:00,45,24,45,7,79.77
2019-05-23 04:00:00,16,22,33,6,55.0
2019-05-23 05:00:00,11,12,49,6,69.37
2019-05-23 06:00:00,30,22,52,17,61.85
2019-05-23 07:00:00,23,25,32,8,58.84
2019-05-23 08:00:00,31,27,42,8,65.14
2019-05-23 09:00:00,41,28,47,11,68.62
2019-05-23 10:00:00,11,21,58,10,55.0
2019-05-23 11:00:00,18,11,54,9,59.03
2019-05-23 12:00:00,27,11,33,6,67.27
2019-05-23 13:00:00,37,11,52,2,75.72
2019-05-23 14:00:00,30,28,63,17,57.59
2019-05-23 15:00:00,22,37,32,8,55.0
2019-05-23 16:00:00,31,38,66,17,55.0
2019-05-23 17:00:00,45,17,33,8,78.55
2019-05-23 18:00:00,26,8,53,10,70.19
2019-05-23 19:00:00,41,29,43,9,70.91
2019-05-23 20:00:00,37,7,57,17,82.62
2019-05-23 21:00:00,19,29,61,1,66.95
2019-05-23 22:00:00,17,20,61,9,67.84
2019-05-23 23:00:00,37,37,62,2,66.67
2019-05-24 00:00:00,15,29,60,15,61.72
2019-05-24 01:00:00,20,33,41,9,67.35
2019-05-24 02:00:00,16,21,47,16,66.29
2019-05-24 03:00:00,31,37,56,4,62.72
2019-05-24 04:00:00,19,25,36,2,56.69
2019-05-24 05:00:00,33,29,51,11,63.48
2019-05-24 06:00:00,43,19,49,2,78.3
2019-05-24 07:00:00,39,22,66,6,68.72
2019-05-24 08:00:00,44,37,31,5,62.19
2019-05-24 09:00:00,8,20,33,3,56.75
2019-05-24 10:00:00,25,6,31,2,67.73
2019-05-24 11:00:00,16,20,50,11,55.0
2019-05-24 12:00:00,42,20,50,13,78.79
2019-05-24 13:00:00,35,21,51,7,72.98
2019-05-24 14:00:00,20,8,38,5,65.99
2019-05-24 15:00:00,29,10,41,2,73.95
2019-05-24 16:00:00,31,17,45,12,66.36
2019-05-24 17:00:00,26,21,31,14,65.06
2019-05-24 18:00:00,26,7,57,9,71.94
2019-05-24 19:00:00,10,20,31,7,55.0
2019-05-24 20:00:00,25,17,54,11,79.9
2019-05-24 21:00:00,21,7,46,16,67.34
2019-05-24 22:00:00,39,15,66,17,82.37
2019-05-24 23:00:00,40,16,55,3,81.67
2019-05-25 00:00:00,36,11,47,8,81.84
2019-05-25 01:00:00,9,33,55,15,55.0
2019-05-25 02:00:00,39,8,34,11,80.86
2019-05-25 03:00:00,23,27,36,14,61.97
2019-05-25 04:00:00,23,30,48,17,61.95
2019-05-25 05:00:00,43,35,61,1,68.49
2019-05-25 06:00:00,40,26,60,11,70.26
2019-05-25 07:00:00,9,26,43,9,55.0
2019-05-25 08:00:00,21,34,40,5,59.48
2019-05-25 09:00:00,36,37,65,11,61.74
2019-05-25 10:00:00,28,13,50,1,67.02
2019-05-25 11:00:00,17,35,34,8,55.0
2019-05-25 12:00:00,27,23,38,7,55.0
2019-05-25 13:00:00,40,9,60,7,78.97
2019-05-25 14:00:00,16,28,63,11,55.0
2019-05-25 15:00:00,36,42,63,16,59.13
2019-05-25 16:00:00,35,11,30,17,65.37
2019-05-25 17:00:00,41,6,60,12,87.1
2019-05-25 18:00:00,19,39,34,5,55.0
2019-05-25 19:00:00,16,28,59,17,56.97
2019-05-25 20:00:00,28,14,62,17,74.85
2019-05-25 21:00:00,28,35,43,15,63.43
2019-05-25 22:00:00,23,20,37,15,60.73
2019-05-25 23:00:00,37,18,56,14,83.94
2019-05-26 00:00:00,38,16,32,13,78.79
2019-05-26 01:00:00,17,28,51,13,57.64
2019-05-26 02:00:00,38,10,42,11,76.17
2019-05-26 03:00:00,16,19,45,11,67.04
2019-05-26 04:00:00,23,17,60,7,69.46
2019-05-26 05:00:00,9,8,66,15,67.31
2019-05-26 06:00:00,20,34,44,11,55.0
2019-05-26 07:00:00,44,6,40,11,76.79
2019-05-26 08:00:00,24,41,60,13,55.0
2019-05-26 09:00:00,34,9,45,1,71.34
2019-05-26 10:00:00,12,19,37,16,55.0
2019-05-26 11:00:00,32,9,63,10,81.17
2019-05-26 12:00:00,22,19,66,16,64.29
2019-05-26 13:00:00,36,28,40,1,64.82
2019-05-26 14:00:00,43,9,35,4,86.25
2019-05-26 15:00:00,28,25,35,17,60.57
2019-05-26 16:00:00,11,34,52,12,55.0
2019-05-26 17:00:00,26,22,41,11,59.48
2019-05-26 18:00:00,12,10,53,7,61.65
2019-05-26 19:00:00,25,31,58,10,55.0
2019-05-26 20:00:00,10,12,30,9,64.37
2019-05-26 21:00:00,32,6,61,3,75.58
2019-05-26 22:00:00,19,22,31,10,66.02
2019-05-26 23:00:00,15,16,34,9,64.09
2019-05-27 00:00:00,8,7,56,5,69.16
2019-05-27 01:00:00,41,34,53,6,71.33
2019-05-27 02:00:00,39,28,66,13,80.09
2019-05-27 03:00:00,38,39,50,12,70.47
2019-05-27 04:00:00,10,23,45,8,57.48
2019-05-27 05:00:00,21,22,54,10,60.42
2019-05-27 06:00:00,44,37,58,4,71.35
2019-05-27 07:00:00,29,9,54,8,69.34
2019-05-27 08:00:00,12,19,43,10,55.0
2019-05-27 09:00:00,13,35,65,4,55.0
2019-05-27 10:00:00,17,16,41,3,63.63
2019-05-27 11:00:00,44,38,42,9,59.53
2019-05-27 12:00:00,14,16,40,16,58.02
2019-05-27 13:00:00,42,21,41,8,67.64
2019-05-27 14:00:00,33,39,37,16,57.39
2019-05-27 15:00:00,43,15,51,15,79.7
2019-05-27 16:00:00,39,41,56,13,59.2
2019-05-27 17:00:00,20,7,45,16,64.37
2019-05-27 18:00:00,39,15,64,7,71.77
2019-05-27 19:00:00,14,27,47,13,60.42
2019-05-27 20:00:00,19,27,47,2,56.0
2019-05-27 21:00:00,16,39,32,5,55.0
2019-05-27 22:00:00,13,41,63,10,55.91
2019-05-27 23:00:00,11,31,35,0,55.0
2019-05-28 00:00:00,15,30,36,13,58.12
2019-05-28 01:00:00,12,17,64,16,70.93
2019-05-28 02:00:00,22,35,49,1,57.35
2019-05-28 03:00:00,10,29,32,17,55.0
2019-05-28 04:00:00,10,6,46,1,67.05
2019-05-28 05:00:00,45,36,51,2,75.26
2019-05-28 06:00:00,11,19,30,13,63.98
2019-05-28 07:00:00,10,23,57,12,55.93
2019-05-28 08:00:00,9,23,54,16,55.0
2019-05-28 09:00:00,13,36,30,7,55.0
2019-05-28 10:00:00,28,15,52,10,60.71
2019-05-28 11:00:00,39,20,38,2,69.83
2019-05-28 12:00:00,35,7,57,12,75.36
2019-05-28 13:00:00,30,18,43,17,70.67
2019-05-28 14:00:00,11,9,37,10,65.42
2019-05-28 15:00:00,37,27,48,16,62.29
2019-05-28 16:00:00,9,39,46,7,55.0
2019-05-28 17:00:00,31,23,42,17,64.09
2019-05-28 18:00:00,23,39,62,9,55.16
2019-05-28 19:00:00,41,42,54,2,67.42
2019-05-28 20:00:00,19,7,48,6,71.25
2019-05-28 21:00:00,32,25,38,8,70.55
2019-05-28 22:00:00,24,25,51,1,71.21
2019-05-28 23:00:00,27,20,30,16,76.2
2019-05-29 00:00:00,43,36,62,4,74.87
2019-05-29 01:00:00,35,20,30,12,75.24
2019-05-29 02:00:00,23,8,55,16,72.39
2019-05-29 03:00:00,25,26,42,7,72.35
2019-05-29 04:00:00,34,13,56,10,80.55
2019-05-29 05:00:00,21,19,43,9,66.28
2019-05-29 06:00:00,14,24,30,13,57.01
2019-05-29 07:00:00,25,32,65,0,62.1
2019-05-29 08:00:00,10,16,58,6,62.51
2019-05-29 09:00:00,14,20,31,11,59.37
2019-05-29 10:00:00,23,8,31,1,73.07
2019-05-29 11:00:00,38,20,49,15,70.59
2019-05-29 12:00:00,37,27,65,11,73.69
2019-05-29 13:00:00,17,28,51,0,58.1
2019-05-29 14:00:00,24,16,30,0,62.43
2019-05-29 15:00:00,13,8,55,2,57.57
2019-05-29 16:00:00,36,27,45,11,66.71
2019-05-29 17:00:00,17,30,53,9,62.39
2019-05-29 18:00:00,38,9,42,8,76.22
2019-05-29 19:00:00,39,24,30,10,71.91
2019-05-29 20:00:00,34,9,30,8,78.83
2019-05-29 21:00:00,20,22,53,6,70.32
2019-05-29 22:00:00,44,29,53,0,75.07
2019-05-29 23:00:00,34,32,41,0,65.24
2019-05-30 00:00:00,32,32,33,12,68.6
2019-05-30 01:00:00,40,34,58,13,68.99
2019-05-30 02:00:00,41,14,35,4,73.43
2019-05-30 03:00:00,10,37,36,4,57.81
2019-05-30 04:00:00,41,18,46,7,81.73
2019-05-30 05:00:00,37,19,56,11,82.72
2019-05-30 06:00:00,15,35,66,10,57.62
2019-05-30 07:00:00,19,18,53,10,65.93
2019-05-30 08:00:00,36,8,65,0,79.65
2019-05-30 09:00:00,16,32,54,7,55.0
2019-05-30 10:00:00,25,30,61,13,60.02
2019-05-30 11:00:00,34,27,36,10,59.41
2019-05-30 12:00:00,32,11,32,14,64.49
2019-05-30 13:00:00,42,29,54,12,65.4
2019-05-30 14:00:00,12,13,66,16,65.84
2019-05-30 15:00:00,19,26,57,10,55.0
2019-05-30 16:00:00,45,24,42,10,67.15
2019-05-30 17:00:00,29,34,48,10,61.77
2019-05-30 18:00:00,17,42,34,4,55.0
2019-05-30 19:00:00,19,13,42,7,69.13
2019-05-30 20:00:00,20,10,55,3,75.73
2019-05-30 21:00:00,29,26,36,7,68.8
2019-05-30 22:00:00,18,41,47,2,55.0
2019-05-30 23:00:00,31,11,40,8,83.0
2019-05-31 00:00:00,24,24,48,17,69.75
2019-05-31 01:00:00,31,21,58,8,73.23
2019-05-31 02:00:00,13,17,62,13,65.29
2019-05-31 03:00:00,31,30,45,7,67.21
2019-05-31 04:00:00,43,16,60,16,79.33
2019-05-31 05:00:00,13,24,56,3,55.0
2019-05-31 06:00:00,20,37,64,15,57.53
2019-05-31 07:00:00,34,20,57,13,72.48
2019-05-31 08:00:00,31,6,50,15,64.78
2019-05-31 09:00:00,33,38,54,2,58.99
2019-05-31 10:00:00,29,16,41,16,71.86
2019-05-31 11:00:00,33,34,54,16,55.0
2019-05-31 12:00:00,31,34,56,5,56.64
2019-05-31 13:00:00,10,25,52,11,55.0
2019-05-31 14:00:00,36,9,33,10,78.37
2019-05-31 15:00:00,24,41,49,0,55.0
2019-05-31 16:00:00,9,31,56,9,55.0
2019-05-31 17:00:00,23,21,37,11,62.48
2019-05-31 18:00:00,24,37,59,3,65.44
2019-05-31 19:00:00,11,35,61,6,55.0
2019-05-31 20:00:00,45,34,49,10,70.63
2019-05-31 21:00:00,16,12,65,16,71.42
2019-05-31 22:00:00,20,29,61,1,60.09
2019-05-31 23:00:00,24,16,47,16,77.98
2019-06-01 00:00:00,39,8,62,14,82.69
2019-06-01 01:00:00,36,18,64,15,71.92
2019-06-01 02:00:00,37,9,34,0,77.43
2019-06-01 03:00:00,17,9,66,10,73.62
2019-06-01 04:00:00,40,32,30,6,63.29
2019-06-01 05:00:00,39,24,47,16,72.15
2019-06-01 06:00:00,25,20,64,13,68.23
2019-06-01 07:00:00,28,13,56,11,64.68
2019-06-01 08:00:00,9,34,39,0,55.0
2019-06-01 09:00:00,36,29,53,15,64.19
2019-06-01 10:00:00,44,27,37,8,68.79
2019-06-01 11:00:00,25,13,38,2,60.73
2019-06-01 12:00:00,28,10,63,15,69.14
2019-06-01 13:00:00,26,10,31,16,63.25
2019-06-01 14:00:00,11,6,65,8,65.09
2019-06-01 15:00:00,31,41,46,11,55.0
2019-06-01 16:00:00,35,19,32,10,65.09
2019-06-01 17:00:00,43,30,59,5,70.63
2019-06-01 18:00:00,43,42,31,13,58.83
2019-06-01 19:00:00,26,40,42,17,56.32
2019-06-01 20:00:00,44,17,38,16,79.62
2019-06-01 21:00:00,28,24,59,12,77.6
2019-06-01 22:00:00,32,23,44,6,68.73
2019-06-01 23:00:00,30,7,54,16,78.66
2019-06-02 00:00:00,45,34,32,16,68.22
2019-06-02 01:00:00,36,27,55,0,67.73
2019-06-02 02:00:00,12,19,56,6,60.88
2019-06-02 03:00:00,10,26,40,9,58.1
2019-06-02 04:00:00,23,33,62,10,62.96
2019-06-02 05:00:00,27,6,47,12,75.66
2019-06-02 06:00:00,33,29,54,9,63.48
2019-06-02 07:00:00,26,37,36,0,55.0
2019-06-02 08:00:00,27,32,64,2,55.0
2019-06-02 09:00:00,43,28,39,13,63.8
2019-06-02 10:00:00,20,9,53,12,59.33
2019-06-02 11:00:00,26,33,33,11,57.6
2019-06-02 12:00:00,29,33,31,7,60.81
2019-06-02 13:00:00,25,24,34,4,55.0
2019-06-02 14:00:00,44,27,64,5,70.07
2019-06-02 15:00:00,44,28,37,12,67.47
2019-06-02 16:00:00,27,10,62,9,71.2
2019-06-02 17:00:00,25,15,51,2,64.13
2019-06-02 18:00:00,30,35,33,7,61.7
2019-06-02 19:00:00,14,42,46,14,55.0
2019-06-02 20:00:00,24,15,47,10,73.1
2019-06-02 21:00:00,16,20,39,15,58.99
2019-06-02 22:00:00,13,39,52,9,55.0
2019-06-02 23:00:00,11,12,61,8,68.7
2019-06-03 00:00:00,30,15,62,17,73.1
2019-06-03 01:00:00,8,8,49,9,71.47
2019-06-03 02:00:00,32,14,63,2,69.59
2019-06-03 03:00:00,24,29,64,7,62.96
2019-06-03 04:00:00,21,18,33,11,62.74
2019-06-03 05:00:00,37,42,53,6,60.39
2019-06-03 06:00:00,28,38,58,7,59.34
2019-06-03 07:00:00,35,39,30,15,59.22
2019-06-03 08:00:00,34,32,52,7,64.61
2019-06-03 09:00:00,9,31,63,5,55.0
2019-06-03 10:00:00,16,24,39,1,55.0
2019-06-03 11:00:00,29,42,61,7,61.04
2019-06-03 12:00:00,45,9,64,13,85.25
2019-06-03 13:00:00,13,32,53,5,55.0
2019-06-03 14:00:00,12,11,53,8,59.41
2019-06-03 15:00:00,43,18,49,11,72.14
2019-06-03 16:00:00,44,15,45,16,77.65
2019-06-03 17:00:00,14,28,46,14,55.0
2019-06-03 18:00:00,23,35,49,5,55.0
2019-06-03 19:00:00,31,8,47,2,67.85
2019-06-03 20:00:00,15,28,60,12,57.51
2019-06-03 21:00:00,20,14,58,4,74.54
2019-06-03 22:00:00,23,8,42,7,73.74
2019-06-03 23:00:00,32,21,48,1,72.81
2019-06-04 00:00:00,19,27,37,13,63.85
2019-06-04 01:00:00,23,13,36,2,68.38
2019-06-04 02:00:00,19,20,43,6,66.69
2019-06-04 03:00:00,36,41,32,7,66.13
2019-06-04 04:00:00,13,18,61,0,65.76
2019-06-04 05:00:00,16,42,34,13,55.0
2019-06-04 06:00:00,17,36,42,11,57.74
2019-06-04 07:00:00,42,19,39,9,76.97
2019-06-04 08:00:00,43,27,37,3,66.33
2019-06-04 09:00:00,27,32,43,0,55.93
2019-06-04 10:00:00,13,23,56,1,62.87
2019-06-04 11:00:00,36,21,63,11,70.4
2019-06-04 12:00:00,26,18,36,13,63.16
2019-06-04 13:00:00,40,11,38,14,70.9
2019-06-04 14:00:00,21,6,47,14,67.63
2019-06-04 15:00:00,45,18,41,7,77.57
2019-06-04 16:00:00,38,35,59,0,64.3
2019-06-04 17:00:00,16,14,38,4,60.6
2019-06-04 18:00:00,35,12,44,14,74.84
2019-06-04 19:00:00,18,18,50,13,69.87
2019-06-04 20:00:00,21,28,44,9,64.41
2019-06-04 21:00:00,17,13,52,0,71.66
2019-06-04 22:00:00,33,14,59,13,80.95
2019-06-04 23:00:00,17,10,49,14,67.3
2019-06-05 00:00:00,32,18,46,4,77.06
2019-06-05 01:00:00,30,14,65,14,83.09
2019-06-05 02:00:00,36,36,66,11,68.62
2019-06-05 03:00:00,45,39,66,15,76.16
2019-06-05 04:00:00,8,19,30,11,60.55
2019-06-05 05:00:00,45,9,60,1,89.45
2019-06-05 06:00:00,12,9,63,11,67.32
2019-06-05 07:00:00,28,18,59,1,72.95
2019-06-05 08:00:00,20,23,57,4,55.11
2019-06-05 09:00:00,32,25,43,15,64.27
2019-06-05 10:00:00,35,17,56,17,73.62
2019-06-05 11:00:00,40,19,51,8,72.66
2019-06-05 12:00:00,23,16,60,5,68.9
2019-06-05 13:00:00,43,25,43,7,68.39
2019-06-05 14:00:00,20,31,57,4,55.0
2019-06-05 15:00:00,15,7,59,10,59.73
2019-06-05 16:00:00,22,23,60,7,61.28
2019-06-05 17:00:00,28,29,36,1,63.12
2019-06-05 18:00:00,33,30,61,10,69.96
2019-06-05 19:00:00,39,26,38,11,65.69
2019-06-05 20:00:00,16,25,64,12,67.57
2019-06-05 21:00:00,19,31,31,17,55.0
2019-06-05 22:00:00,43,19,38,12,79.58
2019-06-05 23:00:00,24,26,52,12,65.34
2019-06-06 00:00:00,17,17,50,3,69.69
2019-06-06 01:00:00,45,22,55,8,81.39
2019-06-06 02:00:00,25,10,44,7,77.78
2019-06-06 03:00:00,45,18,30,17,86.93
2019-06-06 04:00:00,42,11,52,8,84.61
2019-06-06 05:00:00,42,14,48,12,77.58
2019-06-06 06:00:00,30,21,48,9,70.11
2019-06-06 07:00:00,38,24,43,1,77.14
2019-06-06 08:00:00,44,40,62,16,67.3
2019-06-06 09:00:00,18,6,59,12,71.62
2019-06-06 10:00:00,9,39,36,4,55.0
2019-06-06 11:00:00,20,18,31,1,59.92
2019-06-06 12:00:00,32,32,36,16,56.55
2019-06-06 13:00:00,28,31,31,5,55.0
2019-06-06 14:00:00,11,41,56,0,55.0
2019-06-06 15:00:00,29,10,52,11,71.42
2019-06-06 16:00:00,14,41,47,0,55.0
2019-06-06 17:00:00,27,8,51,3,73.66
2019-06-06 18:00:00,29,38,59,16,58.78
2019-06-06 19:00:00,32,30,60,0,69.6
2019-06-06 20:00:00,23,23,46,13,66.28
2019-06-06 21:00:00,23,20,51,11,69.96
2019-06-06 22:00:00,33,9,51,5,84.64
2019-06-06 23:00:00,36,35,65,5,72.14
2019-06-07 00:00:00,38,32,58,8,71.06
2019-06-07 01:00:00,20,40,41,9,55.0
2019-06-07 02:00:00,24,33,62,16,64.68
2019-06-07 03:00:00,20,41,44,4,55.0
2019-06-07 04:00:00,28,38,58,10,59.68
2019-06-07 05:00:00,12,21,66,12,61.78
2019-06-07 06:00:00,24,32,59,0,64.31
2019-06-07 07:00:00,15,15,33,16,66.98
2019-06-07 08:00:00,28,35,37,17,55.0
2019-06-07 09:00:00,40,28,59,1,61.53
2019-06-07 10:00:00,45,22,34,4,70.94
2019-06-07 11:00:00,24,29,30,14,55.0
2019-06-07 12:00:00,10,16,39,14,55.0
2019-06-07 13:00:00,16,29,48,2,55.0
2019-06-07 14:00:00,11,23,34,16,55.0
2019-06-07 15:00:00,36,17,35,5,63.33
2019-06-07 16:00:00,45,42,42,5,57.1
2019-06-07 17:00:00,29,8,52,6,70.49
2019-06-07 18:00:00,14,34,50,12,55.0
2019-06-07 19:00:00,8,13,59,3,64.57
2019-06-07 20:00:00,45,14,66,9,82.07
2019-06-07 21:00:00,20,11,31,1,68.93
2019-06-07 22:00:00,12,9,55,2,77.51
2019-06-07 23:00:00,14,10,36,13,63.8
2019-06-08 00:00:00,17,36,43,6,55.0
2019-06-08 01:00:00,32,40,42,14,63.69
2019-06-08 02:00:00,41,27,55,13,77.88
2019-06-08 03:00:00,18,6,39,17,72.17
2019-06-08 04:00:00,34,37,63,2,70.97
2019-06-08 05:00:00,10,28,44,16,55.0
2019-06-08 06:00:00,8,25,60,16,55.0
2019-06-08 07:00:00,10,41,65,7,55.0
2019-06-08 08:00:00,43,21,48,2,69.2
2019-06-08 09:00:00,30,19,33,2,68.53
2019-06-08 10:00:00,38,34,55,9,64.49
2019-06-08 11:00:00,8,25,45,0,55.0
2019-06-08 12:00:00,8,32,42,1,55.0
2019-06-08 13:00:00,40,31,46,9,65.79
2019-06-08 14:00:00,11,37,41,10,55.0
2019-06-08 15:00:00,13,17,40,15,55.13
2019-06-08 16:00:00,27,8,66,17,77.2
2019-06-08 17:00:00,31,23,40,4,56.18
2019-06-08 18:00:00,16,29,46,5,56.06
2019-06-08 19:00:00,24,36,56,3,61.37
2019-06-08 20:00:00,33,15,38,4,72.43
2019-06-08 21:00:00,24,33,52,7,62.85
2019-06-08 22:00:00,22,36,63,17,59.74
2019-06-08 23:00:00,10,35,60,16,55.0
2019-06-09 00:00:00,25,35,31,16,55.93
2019-06-09 01:00:00,38,42,44,8,66.46
2019-06-09 02:00:00,31,30,30,11,61.97
2019-06-09 03:00:00,41,19,52,13,71.45
2019-06-09 04:00:00,12,22,42,4,58.5
2019-06-09 05:00:00,8,33,63,8,55.0
2019-06-09 06:00:00,28,14,36,9,63.57
2019-06-09 07:00:00,14,28,61,6,55.0
2019-06-09 08:00:00,30,27,42,8,63.73
2019-06-09 09:00:00,42,30,64,7,66.96
2019-06-09 10:00:00,20,21,37,1,55.0
2019-06-09 11:00:00,28,33,39,13,55.79
2019-06-09 12:00:00,33,8,42,16,74.65
2019-06-09 13:00:00,13,33,66,13,57.17
2019-06-09 14:00:00,42,36,57,16,67.93
2019-06-09 15:00:00,15,38,60,7,55.0
2019-06-09 16:00:00,38,40,50,1,62.14
2019-06-09 17:00:00,33,18,59,4,71.07
2019-06-09 18:00:00,13,7,53,15,61.05
2019-06-09 19:00:00,35,30,54,2,67.51
2019-06-09 20:00:00,15,9,60,9,76.29
2019-06-09 21:00:00,30,16,66,0,79.33
2019-06-09 22:00:00,44,31,51,5,69.16
2019-06-09 23:00:00,44,27,46,2,75.41
2019-06-10 00:00:00,41,28,54,2,77.02
2019-06-10 01:00:00,26,33,57,2,57.28
2019-06-10 02:00:00,29,12,66,9,71.07
2019-06-10 03:00:00,19,35,55,12,58.5
2019-06-10 04:00:00,42,27,65,5,75.67
2019-06-10 05:00:00,26,21,57,14,60.26
2019-06-10 06:00:00,37,23,65,7,73.75
2019-06-10 07:00:00,21,24,57,13,65.23
2019-06-10 08:00:00,36,26,62,9,66.58
2019-06-10 09:00:00,16,18,37,13,57.66
2019-06-10 10:00:00,35,14,66,17,74.54
2019-06-10 11:00:00,9,12,42,17,57.96
2019-06-10 12:00:00,11,18,59,10,55.0
2019-06-10 13:00:00,21,15,44,17,57.73
2019-06-10 14:00:00,26,25,46,12,57.67
2019-06-10 15:00:00,35,39,57,4,55.0
2019-06-10 16:00:00,21,9,50,16,73.22
2019-06-10 17:00:00,8,17,56,2,60.02
2019-06-10 18:00:00,20,7,32,8,63.91
2019-06-10 19:00:00,24,42,60,2,55.0
2019-06-10 20:00:00,28,31,45,14,67.62
2019-06-10 21:00:00,32,14,59,16,74.4
2019-06-10 22:00:00,17,21,40,14,67.1
2019-06-10 23:00:00,31,32,52,1,72.53
2019-06-11 00:00:00,32,41,51,4,68.45
2019-06-11 01:00:00,37,27,35,6,73.01
2019-06-11 02:00:00,27,16,47,2,78.59
2019-06-11 03:00:00,38,31,53,9,69.18
2019-06-11 04:00:00,16,31,60,0,68.88
2019-06-11 05:00:00,35,29,62,11,70.57
2019-06-11 06:00:00,9,7,44,10,69.03
2019-06-11 07:00:00,11,32,53,10,55.0
2019-06-11 08:00:00,40,6,36,16,80.99
2019-06-11 09:00:00,26,39,63,14,57.08
2019-06-11 10:00:00,31,38,62,4,55.0
2019-06-11 11:00:00,30,26,66,10,59.56
2019-06-11 12:00:00,34,29,47,14,61.07
2019-06-11 13:00:00,17,8,43,15,68.26
2019-06-11 14:00:00,14,38,58,11,55.0
2019-06-11 15:00:00,9,16,56,1,56.05
2019-06-11 16:00:00,40,15,37,7,79.38
2019-06-11 17:00:00,16,32,49,15,55.0
2019-06-11 18:00:00,29,40,53,1,63.2
2019-06-11 19:00:00,25,24,46,10,60.74
2019-06-11 20:00:00,14,24,43,9,56.32
2019-06-11 21:00:00,23,26,38,4,63.68
2019-06-11 22:00:00,11,16,45,6,72.08
2019-06-11 23:00:00,14,28,39,17,56.92
2019-06-12 00:00:00,13,41,41,10,55.0
2019-06-12 01:00:00,39,20,36,16,71.96
2019-06-12 02:00:00,29,34,43,8,68.34
2019-06-12 03:00:00,43,34,53,15,67.18
2019-06-12 04:00:00,24,37,43,11,63.32
2019-06-12 05:00:00,15,32,35,16,55.0
2019-06-12 06:00:00,31,40,59,5,59.99
2019-06-12 07:00:00,43,32,45,6,69.74
2019-06-12 08:00:00,28,42,51,0,55.0
2019-06-12 09:00:00,8,32,49,4,55.0
2019-06-12 10:00:00,19,36,48,2,55.0
2019-06-12 11:00:00,43,38,46,3,67.57
2019-06-12 12:00:00,27,42,57,5,55.0
2019-06-12 13:00:00,44,28,61,15,71.48
2019-06-12 14:00:00,27,32,63,6,55.0
2019-06-12 15:00:00,8,41,46,14,55.0
2019-06-12 16:00:00,41,20,42,14,71.17
2019-06-12 17:00:00,36,10,33,17,87.53
2019-06-12 18:00:00,35,38,46,9,62.06
2019-06-12 19:00:00,44,29,66,15,71.9
2019-06-12 20:00:00,15,21,39,7,60.24
2019-06-12 21:00:00,42,32,61,11,67.93
2019-06-12 22:00:00,16,7,57,14,73.07
2019-06-12 23:00:00,44,23,54,2,87.87
2019-06-13 00:00:00,15,15,50,1,69.36
2019-06-13 01:00:00,28,16,57,2,78.78
2019-06-13 02:00:00,37,41,33,12,59.88
2019-06-13 03:00:00,10,26,34,8,55.49
2019-06-13 04:00:00,10,11,37,5,64.74
2019-06-13 05:00:00,40,19,58,13,74.13
2019-06-13 06:00:00,10,14,45,0,62.42
2019-06-13 07:00:00,31,39,37,3,59.12
2019-06-13 08:00:00,43,16,31,8,76.39
2019-06-13 09:00:00,31,19,48,16,66.13
2019-06-13 10:00:00,26,18,44,13,67.79
2019-06-13 11:00:00,23,12,36,12,62.79
2019-06-13 12:00:00,32,34,30,12,55.0
2019-06-13 13:00:00,29,27,57,5,66.74
2019-06-13 14:00:00,27,22,58,8,58.75
2019-06-13 15:00:00,13,20,39,15,55.0
2019-06-13 16:00:00,33,30,48,13,59.25
2019-06-13 17:00:00,36,9,39,10,77.65
2019-06-13 18:00:00,34,40,45,1,64.86
2019-06-13 19:00:00,10,26,34,13,55.0
2019-06-13 20:00:00,34,14,65,6,85.53
2019-06-13 21:00:00,35,25,56,6,72.91
2019-06-13 22:00:00,14,37,63,12,55.61
2019-06-13 23:00:00,40,12,40,7,78.87
2019-06-14 00:00:00,27,25,62,10,77.08
2019-06-14 01:00:00,25,28,49,0,64.47
2019-06-14 02:00:00,35,35,37,3,59.75
2019-06-14 03:00:00,27,26,42,9,75.24
2019-06-14 04:00:00,28,33,60,17,64.55
2019-06-14 05:00:00,19,34,58,13,59.39
2019-06-14 06:00:00,43,38,56,7,72.56
2019-06-14 07:00:00,44,19,38,17,76.32
2019-06-14 08:00:00,12,32,53,4,55.0
2019-06-14 09:00:00,35,15,64,16,71.91
2019-06-14 10:00:00,8,37,31,7,55.0
2019-06-14 11:00:00,22,41,41,1,55.0
2019-06-14 12:00:00,44,16,32,0,71.5
2019-06-14 13:00:00,14,26,33,17,55.0
2019-06-14 14:00:00,22,36,66,11,55.0
2019-06-14 15:00:00,16,7,38,2,65.06
2019-06-14 16:00:00,35,32,36,17,62.49
2019-06-14 17:00:00,25,36,32,0,56.74
2019-06-14 18:00:00,30,38,66,6,62.24
2019-06-14 19:00:00,43,13,47,13,87.84
2019-06-14 20:00:00,27,34,59,0,65.99
2019-06-14 21:00:00,35,35,39,16,63.73
2019-06-14 22:00:00,11,6,53,12,71.24
2019-06-14 23:00:00,16,32,62,17,64.88
2019-06-15 00:00:00,43,29,54,15,70.63
2019-06-15 01:00:00,40,41,49,14,73.58
2019-06-15 02:00:00,32,7,37,4,75.08
2019-06-15 03:00:00,22,41,38,3,56.96
2019-06-15 04:00:00,15,27,52,4,57.71
2019-06-15 05:00:00,40,16,46,2,75.59
2019-06-15 06:00:00,37,20,31,11,64.07
2019-06-15 07:00:00,17,34,37,1,55.0
2019-06-15 08:00:00,30,42,45,7,55.0
2019-06-15 09:00:00,31,17,36,10,59.18
2019-06-15 10:00:00,26,42,50,9,55.0
2019-06-15 11:00:00,43,29,41,8,71.44
2019-06-15 12:00:00,12,13,40,4,55.0
2019-06-15 13:00:00,17,28,34,1,55.0
2019-06-15 14:00:00,11,35,48,17,55.0
2019-06-15 15:00:00,34,8,36,8,71.18
2019-06-15 16:00:00,32,8,53,10,78.42
2019-06-15 17:00:00,45,6,64,10,82.86
2019-06-15 18:00:00,28,27,63,6,65.75
2019-06-15 19:00:00,13,8,54,13,61.13
2019-06-15 20:00:00,25,40,59,6,55.0
2019-06-15 21:00:00,11,10,64,7,71.64
2019-06-15 22:00:00,33,8,55,14,82.18
2019-06-15 23:00:00,33,15,39,5,74.41
2019-06-16 00:00:00,40,34,48,12,77.29
2019-06-16 01:00:00,20,39,61,11,64.65
2019-06-16 02:00:00,19,15,54,0,70.32
2019-06-16 03:00:00,10,25,43,12,55.0
2019-06-16 04:00:00,23,34,36,14,56.42
2019-06-16 05:00:00,26,35,35,4,55.0
2019-06-16 06:00:00,36,11,43,16,75.47
2019-06-16 07:00:00,36,37,59,0,57.5
2019-06-16 08:00:00,13,38,50,3,55.0
2019-06-16 09:00:00,18,33,32,17,55.0
2019-06-16 10:00:00,27,25,63,15,61.23
2019-06-16 11:00:00,20,20,44,13,55.0
2019-06-16 12:00:00,8,38,44,10,55.0
2019-06-16 13:00:00,40,37,60,3,63.14
2019-06-16 14:00:00,35,25,43,8,60.08
2019-06-16 15:00:00,27,33,52,10,55.0
2019-06-16 16:00:00,20,20,64,1,60.94
2019-06-16 17:00:00,40,33,49,10,61.33
2019-06-16 18:00:00,9,9,52,1,63.0
2019-06-16 19:00:00,24,39,43,2,55.0
2019-06-16 20:00:00,38,25,62,3,72.24
2019-06-16 21:00:00,44,28,32,3,70.86
2019-06-16 22:00:00,17,13,40,1,67.11
2019-06-16 23:00:00,32,25,66,17,78.4
2019-06-17 00:00:00,15,6,47,14,72.95
2019-06-17 01:00:00,12,38,36,9,55.0
2019-06-17 02:00:00,21,33,45,6,57.3
2019-06-17 03:00:00,41,22,39,3,76.43
2019-06-17 04:00:00,34,36,49,17,62.95
2019-06-17 05:00:00,26,36,38,14,57.58
2019-06-17 06:00:00,18,10,44,13,69.4
2019-06-17 07:00:00,13,7,63,8,64.43
2019-06-17 08:00:00,18,15,33,0,59.11
2019-06-17 09:00:00,13,6,58,11,62.52
2019-06-17 10:00:00,15,27,32,8,55.0
2019-06-17 11:00:00,34,25,46,5,63.9
2019-06-17 12:00:00,13,25,54,5,55.0
2019-06-17 13:00:00,9,8,65,1,66.7
2019-06-17 14:00:00,28,39,39,15,62.67
2019-06-17 15:00:00,18,42,31,2,55.0
2019-06-17 16:00:00,25,27,57,14,61.53
2019-06-17 17:00:00,13,6,63,17,71.14
2019-06-17 18:00:00,15,20,50,0,59.19
2019-06-17 19:00:00,24,32,32,11,55.0
2019-06-17 20:00:00,34,33,48,1,72.55
2019-06-17 21:00:00,23,15,44,14,72.73
2019-06-17 22:00:00,28,36,46,9,63.37
2019-06-17 23:00:00,27,41,31,0,63.55
2019-06-18 00:00:00,18,24,41,13,67.32
2019-06-18 01:00:00,18,20,66,13,68.59
2019-06-18 02:00:00,24,25,31,16,61.48
2019-06-18 03:00:00,9,7,63,8,67.55
2019-06-18 04:00:00,34,25,49,16,75.86
2019-06-18 05:00:00,31,6,51,11,81.68
2019-06-18 06:00:00,19,7,64,9,71.19
2019-06-18 07:00:00,22,26,38,6,66.44
2019-06-18 08:00:00,20,24,66,5,60.46
2019-06-18 09:00:00,32,42,40,11,58.21
2019-06-18 10:00:00,36,24,42,13,66.72
2019-06-18 11:00:00,12,42,46,0,55.0
2019-06-18 12:00:00,23,35,52,7,56.05
2019-06-18 13:00:00,8,18,41,0,55.0
2019-06-18 14:00:00,25,40,59,7,55.0
2019-06-18 15:00:00,17,23,30,14,55.39
2019-06-18 16:00:00,20,28,54,12,55.0
2019-06-18 17:00:00,25,9,54,2,66.51
2019-06-18 18:00:00,20,13,49,12,68.92
2019-06-18 19:00:00,22,25,52,0,61.52
2019-06-18 20:00:00,37,16,57,0,76.29
2019-06-18 21:00:00,38,28,63,16,73.56
2019-06-18 22:00:00,8,8,38,0,66.84
2019-06-18 23:00:00,22,15,47,4,71.86
2019-06-19 00:00:00,40,30,50,2,81.12
2019-06-19 01:00:00,28,28,42,10,70.37
2019-06-19 02:00:00,15,42,66,9,63.25
2019-06-19 03:00:00,30,39,48,15,60.45
2019-06-19 04:00:00,13,35,51,17,57.55
2019-06-19 05:00:00,8,6,37,13,63.6
2019-06-19 06:00:00,32,28,45,8,63.63
2019-06-19 07:00:00,27,14,53,0,79.04
2019-06-19 08:00:00,36,15,45,16,69.9
2019-06-19 09:00:00,21,13,58,10,57.26
2019-06-19 10:00:00,40,22,35,3,65.84
2019-06-19 11:00:00,24,10,35,9,57.99
2019-06-19 12:00:00,36,25,42,7,61.11
2019-06-19 13:00:00,11,12,41,6,55.0
2019-06-19 14:00:00,11,24,60,8,55.0
2019-06-19 15:00:00,37,29,62,13,58.39
2019-06-19 16:00:00,39,12,47,2,81.25
2019-06-19 17:00:00,43,9,48,17,74.0
2019-06-19 18:00:00,20,35,40,1,55.0
2019-06-19 19:00:00,8,33,49,2,55.0
2019-06-19 20:00:00,45,15,56,12,86.82
2019-06-19 21:00:00,30,38,56,2,64.96
2019-06-19 22:00:00,17,14,65,13,75.96
2019-06-19 23:00:00,37,40,51,13,65.52
2019-06-20 00:00:00,42,10,42,7,82.96
2019-06-20 01:00:00,18,30,32,8,61.12
2019-06-20 02:00:00,37,6,55,17,89.08
2019-06-20 03:00:00,37,13,59,14,84.1
2019-06-20 04:00:00,27,20,50,11,70.91
2019-06-20 05:00:00,32,9,64,2,79.67
2019-06-20 06:00:00,18,22,41,10,60.28
2019-06-20 07:00:00,43,14,31,0,78.05
2019-06-20 08:00:00,45,9,53,4,89.51
2019-06-20 09:00:00,45,41,34,12,59.97
2019-06-20 10:00:00,36,42,33,7,55.0
2019-06-20 11:00:00,9,41,55,17,55.0
2019-06-20 12:00:00,21,11,46,16,65.68
2019-06-20 13:00:00,24,20,52,1,55.0
2019-06-20 14:00:00,44,18,57,15,74.08
2019-06-20 15:00:00,28,18,44,15,68.76
2019-06-20 16:00:00,28,21,52,1,63.22
2019-06-20 17:00:00,13,24,49,6,56.95
2019-06-20 18:00:00,38,23,51,17,80.31
2019-06-20 19:00:00,20,16,56,0,68.81
2019-06-20 20:00:00,11,42,44,1,55.0
2019-06-20 21:00:00,45,42,48,9,62.51
2019-06-20 22:00:00,15,18,51,17,64.86
2019-06-20 23:00:00,8,14,35,5,59.85
2019-06-21 00:00:00,10,25,37,13,57.84
2019-06-21 01:00:00,25,19,33,12,67.25
2019-06-21 02:00:00,11,42,37,2,55.0
2019-06-21 03:00:00,40,21,46,5,71.35
2019-06-21 04:00:00,27,7,64,11,76.3
2019-06-21 05:00:00,20,10,64,8,71.41
2019-06-21 06:00:00,8,8,58,4,64.64
2019-06-21 07:00:00,26,20,50,3,65.2
2019-06-21 08:00:00,13,17,37,10,55.0
2019-06-21 09:00:00,45,37,43,14,63.33
2019-06-21 10:00:00,19,38,58,7,55.0
2019-06-21 11:00:00,26,11,63,16,71.14
2019-06-21 12:00:00,8,40,65,12,55.0
2019-06-21 13:00:00,12,27,44,7,55.0
2019-06-21 14:00:00,15,17,48,12,58.53
2019-06-21 15:00:00,9,21,48,8,57.91
2019-06-21 16:00:00,35,22,32,13,70.18
2019-06-21 17:00:00,43,12,34,17,77.87
2019-06-21 18:00:00,45,38,31,14,73.01
2019-06-21 19:00:00,18,6,57,2,68.43
2019-06-21 20:00:00,37,8,38,1,74.74
2019-06-21 21:00:00,27,16,55,14,72.17
2019-06-21 22:00:00,9,11,43,15,63.08
2019-06-21 23:00:00,11,8,59,10,59.51
2019-06-22 00:00:00,28,20,34,4,66.52
2019-06-22 01:00:00,24,19,42,15,69.5
2019-06-22 02:00:00,8,10,37,8,63.1
2019-06-22 03:00:00,43,35,46,5,65.91
2019-06-22 04:00:00,35,38,50,6,62.6
2019-06-22 05:00:00,27,32,36,5,59.34
2019-06-22 06:00:00,45,25,54,5,76.09
2019-06-22 07:00:00,44,41,65,5,61.25
2019-06-22 08:00:00,45,18,31,12,76.03
2019-06-22 09:00:00,17,21,33,0,55.0
2019-06-22 10:00:00,41,6,65,6,76.67
2019-06-22 11:00:00,27,32,54,3,61.93
2019-06-22 12:00:00,35,9,64,11,68.93
2019-06-22 13:00:00,40,30,56,17,60.95
2019-06-22 14:00:00,14,34,56,14,55.0
2019-06-22 15:00:00,25,14,35,4,59.89
2019-06-22 16:00:00,12,28,48,9,55.0
2019-06-22 17:00:00,18,17,43,0,63.34
2019-06-22 18:00:00,23,20,60,7,64.41
2019-06-22 19:00:00,40,25,31,5,68.05
2019-06-22 20:00:00,40,15,30,9,70.86
2019-06-22 21:00:00,22,35,50,7,55.0
2019-06-22 22:00:00,20,20,65,12,61.04
2019-06-22 23:00:00,28,23,66,9,73.47
2019-06-23 00:00:00,42,36,51,16,73.19
2019-06-23 01:00:00,45,14,45,1,82.8
2019-06-23 02:00:00,16,22,40,17,63.42
2019-06-23 03:00:00,15,42,66,14,55.5
2019-06-23 04:00:00,34,20,36,12,71.02
2019-06-23 05:00:00,19,10,34,14,72.15
2019-06-23 06:00:00,15,16,48,0,57.22
2019-06-23 07:00:00,9,41,44,3,55.0
2019-06-23 08:00:00,23,34,48,0,55.0
2019-06-23 09:00:00,22,35,63,14,55.62
2019-06-23 10:00:00,29,15,39,6,59.03
2019-06-23 11:00:00,15,37,62,6,55.0
2019-06-23 12:00:00,35,20,37,10,66.76
2019-06-23 13:00:00,33,35,41,7,62.72
2019-06-23 14:00:00,25,38,30,11,55.0
2019-06-23 15:00:00,14,13,55,16,57.73
2019-06-23 16:00:00,27,40,61,5,56.39
2019-06-23 17:00:00,33,29,62,16,68.42
2019-06-23 18:00:00,22,33,36,9,55.0
2019-06-23 19:00:00,18,33,58,6,55.0
2019-06-23 20:00:00,27,12,35,16,63.76
2019-06-23 21:00:00,21,33,53,8,59.99
2019-06-23 22:00:00,23,13,55,2,78.12
2019-06-23 23:00:00,21,16,35,5,62.46
2019-06-24 00:00:00,19,10,34,15,69.76
2019-06-24 01:00:00,35,12,32,9,76.8
2019-06-24 02:00:00,25,42,56,10,65.83
2019-06-24 03:00:00,25,18,52,12,79.27
2019-06-24 04:00:00,32,20,34,3,71.95
2019-06-24 05:00:00,21,23,48,1,66.46
2019-06-24 06:00:00,11,32,59,7,55.83
2019-06-24 07:00:00,40,27,38,16,62.66
2019-06-24 08:00:00,10,25,52,2,55.49
2019-06-24 09:00:00,29,36,40,12,55.0
2019-06-24 10:00:00,18,24,39,17,55.0
2019-06-24 11:00:00,16,34,44,1,55.0
2019-06-24 12:00:00,9,39,43,2,55.0
2019-06-24 13:00:00,42,31,48,15,68.91
2019-06-24 14:00:00,24,7,37,1,72.35
2019-06-24 15:00:00,21,15,44,13,55.49
2019-06-24 16:00:00,36,28,53,14,56.74
2019-06-24 17:00:00,9,23,44,5,58.18
2019-06-24 18:00:00,29,16,54,5,75.36
2019-06-24 19:00:00,26,18,34,9,67.99
2019-06-24 20:00:00,29,8,35,9,76.87
2019-06-24 21:00:00,12,14,62,15,69.85
2019-06-24 22:00:00,44,34,47,10,75.59
2019-06-24 23:00:00,17,6,52,17,72.38
2019-06-25 00:00:00,33,36,57,4,71.31
2019-06-25 01:00:00,36,18,35,5,75.3
2019-06-25 02:00:00,21,35,65,4,62.61
2019-06-25 03:00:00,12,15,45,11,65.77
2019-06-25 04:00:00,19,36,62,0,55.0
2019-06-25 05:00:00,38,27,45,15,67.68
2019-06-25 06:00:00,42,37,45,13,75.12
2019-06-25 07:00:00,43,8,52,17,78.66
2019-06-25 08:00:00,16,35,37,17,55.0
2019-06-25 09:00:00,31,16,52,1,71.53
2019-06-25 10:00:00,13,19,66,13,58.12
2019-06-25 11:00:00,34,7,53,9,77.43
2019-06-25 12:00:00,23,41,32,13,55.0
2019-06-25 13:00:00,35,29,55,15,59.91
2019-06-25 14:00:00,34,42,31,10,55.89
2019-06-25 15:00:00,45,27,33,0,66.78
2019-06-25 16:00:00,26,11,40,15,75.9
2019-06-25 17:00:00,20,18,41,7,64.69
2019-06-25 18:00:00,28,22,30,8,62.44
2019-06-25 19:00:00,14,11,30,10,66.12
2019-06-25 20:00:00,12,40,59,16,55.0
2019-06-25 21:00:00,27,41,46,9,60.05
2019-06-25 22:00:00,39,26,37,3,72.78
2019-06-25 23:00:00,28,27,45,13,65.03
2019-06-26 00:00:00,37,32,55,11,68.56
2019-06-26 01:00:00,14,31,57,1,69.61
2019-06-26 02:00:00,25,8,40,9,76.78
2019-06-26 03:00:00,31,25,36,14,67.52
2019-06-26 04:00:00,21,34,65,15,58.35
2019-06-26 05:00:00,8,35,53,5,55.0
2019-06-26 06:00:00,10,28,66,9,55.0
2019-06-26 07:00:00,43,39,41,14,59.93
2019-06-26 08:00:00,30,27,34,10,61.84
2019-06-26 09:00:00,18,20,44,7,59.13
2019-06-26 10:00:00,17,22,42,3,55.05
2019-06-26 11:00:00,9,31,56,0,55.0
2019-06-26 12:00:00,43,38,56,12,61.46
2019-06-26 13:00:00,12,14,32,17,55.04
2019-06-26 14:00:00,36,16,51,10,68.94
2019-06-26 15:00:00,17,30,42,14,55.0
2019-06-26 16:00:00,20,34,52,12,63.32
2019-06-26 17:00:00,18,20,44,6,66.63
2019-06-26 18:00:00,39,29,49,9,77.34
2019-06-26 19:00:00,9,6,56,4,65.31
2019-06-26 20:00:00,21,16,40,4,74.87
2019-06-26 21:00:00,18,41,37,10,55.0
2019-06-26 22:00:00,18,27,56,11,67.66
2019-06-26 23:00:00,15,38,65,17,59.2
2019-06-27 00:00:00,42,14,46,4,81.65
2019-06-27 01:00:00,22,16,66,5,75.65
2019-06-27 02:00:00,23,42,36,2,57.51
2019-06-27 03:00:00,22,42,60,17,55.0
2019-06-27 04:00:00,45,38,66,14,70.72
2019-06-27 05:00:00,20,17,41,5,68.92
2019-06-27 06:00:00,20,35,35,17,55.0
2019-06-27 07:00:00,20,22,54,12,63.53
2019-06-27 08:00:00,20,37,62,8,55.0
2019-06-27 09:00:00,11,37,33,6,55.0
2019-06-27 10:00:00,30,22,53,10,63.94
2019-06-27 11:00:00,8,17,62,1,55.0
2019-06-27 12:00:00,16,42,31,3,55.0
2019-06-27 13:00:00,15,22,49,16,58.88
2019-06-27 14:00:00,19,21,32,3,58.11
2019-06-27 15:00:00,36,30,36,2,63.22
2019-06-27 16:00:00,30,40,47,15,63.67
2019-06-27 17:00:00,45,10,42,17,82.7
2019-06-27 18:00:00,21,42,33,14,55.07
2019-06-27 19:00:00,43,21,59,1,78.78
2019-06-27 20:00:00,9,6,37,15,64.71
2019-06-27 21:00:00,27,17,62,4,69.17
2019-06-27 22:00:00,38,23,36,0,75.23
2019-06-27 23:00:00,28,31,49,16,55.46
2019-06-28 00:00:00,43,26,56,4,78.02
2019-06-28 01:00:00,19,11,47,11,72.19
2019-06-28 02:00:00,9,24,45,1,56.76
2019-06-28 03:00:00,37,14,57,3,78.64
2019-06-28 04:00:00,10,15,30,15,55.0
2019-06-28 05:00:00,37,32,60,10,72.94
2019-06-28 06:00:00,35,35,55,17,61.63
2019-06-28 07:00:00,40,11,58,3,74.18
2019-06-28 08:00:00,26,28,45,16,60.81
2019-06-28 09:00:00,42,21,44,15,70.69
2019-06-28 10:00:00,14,18,51,16,55.05
2019-06-28 11:00:00,24,32,53,0,55.0
2019-06-28 12:00:00,12,15,64,1,57.71
2019-06-28 13:00:00,37,34,61,9,66.27
2019-06-28 14:00:00,35,20,31,2,66.81
2019-06-28 15:00:00,38,9,35,1,73.61
2019-06-28 16:00:00,37,35,65,14,66.24
2019-06-28 17:00:00,19,37,44,12,55.0
2019-06-28 18:00:00,10,26,51,15,55.39
2019-06-28 19:00:00,43,32,32,16,68.5
2019-06-28 20:00:00,26,11,33,2,73.64
2019-06-28 21:00:00,11,18,45,14,59.53
2019-06-28 22:00:00,43,18,56,0,76.17
2019-06-28 23:00:00,45,34,58,6,77.3
2019-06-29 00:00:00,24,19,63,5,76.4
2019-06-29 01:00:00,37,32,37,4,63.26
2019-06-29 02:00:00,9,17,37,12,60.74
2019-06-29 03:00:00,11,28,50,2,55.0
2019-06-29 04:00:00,18,13,50,14,70.36
2019-06-29 05:00:00,32,26,31,15,65.38
2019-06-29 06:00:00,13,8,46,11,77.49
2019-06-29 07:00:00,9,33,63,1,55.0
2019-06-29 08:00:00,33,7,36,10,78.63
2019-06-29 09:00:00,37,42,60,11,63.44
2019-06-29 10:00:00,36,37,46,6,59.12
2019-06-29 11:00:00,38,27,49,6,63.58
2019-06-29 12:00:00,38,39,53,8,57.46
2019-06-29 13:00:00,30,35,56,17,55.37
2019-06-29 14:00:00,27,11,53,0,71.57
2019-06-29 15:00:00,40,33,33,9,57.31
2019-06-29 16:00:00,21,19,40,5,59.04
2019-06-29 17:00:00,11,37,61,9,55.0
2019-06-29 18:00:00,36,37,31,0,55.0
2019-06-29 19:00:00,18,41,56,16,55.0
2019-06-29 20:00:00,45,22,49,8,80.88
2019-06-29 21:00:00,23,13,34,17,66.38
2019-06-29 22:00:00,40,10,34,2,84.75
2019-06-29 23:00:00,9,12,66,10,59.79
2019-06-30 00:00:00,33,42,31,12,59.81
2019-06-30 01:00:00,25,27,30,14,62.8
2019-06-30 02:00:00,25,19,30,0,67.61
2019-06-30 03:00:00,18,22,53,11,63.67
2019-06-30 04:00:00,44,12,64,2,83.0
2019-06-30 05:00:00,22,27,36,7,57.53
2019-06-30 06:00:00,40,21,59,0,72.98
2019-06-30 07:00:00,24,35,56,1,60.9
2019-06-30 08:00:00,9,6,38,13,57.95
2019-06-30 09:00:00,41,40,32,12,66.65
2019-06-30 10:00:00,15,8,48,16,59.27
2019-06-30 11:00:00,18,21,33,12,55.33
2019-06-30 12:00:00,40,18,34,10,70.35
2019-06-30 13:00:00,41,32,47,2,61.2
2019-06-30 14:00:00,42,30,60,13,71.29
2019-06-30 15:00:00,24,13,66,4,68.71
2019-06-30 16:00:00,36,24,53,1,65.89
2019-06-30 17:00:00,20,25,40,13,62.63
2019-06-30 18:00:00,36,23,42,10,64.35
2019-06-30 19:00:00,27,6,52,2,72.71
2019-06-30 20:00:00,9,12,36,9,63.51
2019-06-30 21:00:00,23,24,49,12,67.8
2019-06-30 22:00:00,25,15,58,8,73.55
2019-06-30 23:00:00,17,26,61,12,62.05
2019-07-01 00:00:00,22,12,32,9,70.19
2019-07-01 01:00:00,27,33,40,6,67.57
2019-07-01 02:00:00,9,12,39,4,65.11
2019-07-01 03:00:00,13,30,50,4,55.0
2019-07-01 04:00:00,37,36,36,14,60.68
2019-07-01 05:00:00,21,19,65,6,72.82
2019-07-01 06:00:00,31,11,63,12,72.42
2019-07-01 07:00:00,29,6,42,6,74.78
2019-07-01 08:00:00,28,19,45,9,70.6
2019-07-01 09:00:00,23,10,46,10,68.74
2019-07-01 10:00:00,26,38,31,8,55.0
2019-07-01 11:00:00,39,42,62,13,55.0
2019-07-01 12:00:00,44,42,58,16,67.88
2019-07-01 13:00:00,17,40,42,15,55.0
2019-07-01 14:00:00,33,27,50,16,60.19
2019-07-01 15:00:00,44,18,44,0,75.01
2019-07-01 16:00:00,8,22,38,13,55.0
2019-07-01 17:00:00,37,15,41,13,75.33
2019-07-01 18:00:00,26,37,33,7,55.0
2019-07-01 19:00:00,44,22,59,5,76.32
2019-07-01 20:00:00,29,20,54,0,73.31
2019-07-01 21:00:00,39,31,64,15,74.71
2019-07-01 22:00:00,14,19,30,15,59.86
2019-07-01 23:00:00,13,19,53,1,60.26
2019-07-02 00:00:00,43,14,50,10,85.24
2019-07-02 01:00:00,28,8,53,9,74.34
2019-07-02 02:00:00,29,7,66,3,86.67
2019-07-02 03:00:00,14,20,44,9,63.85
2019-07-02 04:00:00,16,42,35,14,55.0
2019-07-02 05:00:00,39,15,30,5,72.08
2019-07-02 06:00:00,19,29,48,13,55.71
2019-07-02 07:00:00,30,18,36,17,61.73
2019-07-02 08:00:00,20,17,35,8,63.82
2019-07-02 09:00:00,18,12,35,1,59.34
2019-07-02 10:00:00,14,26,40,5,55.0
2019-07-02 11:00:00,43,30,34,2,67.29
2019-07-02 12:00:00,43,18,47,6,76.75
2019-07-02 13:00:00,12,25,54,11,55.0
2019-07-02 14:00:00,21,23,40,3,62.44
2019-07-02 15:00:00,29,16,35,9,71.95
2019-07-02 16:00:00,22,31,51,17,57.87
2019-07-02 17:00:00,35,26,33,4,67.3
2019-07-02 18:00:00,17,8,57,15,67.36
2019-07-02 19:00:00,10,24,44,5,55.0
2019-07-02 20:00:00,20,20,45,11,70.82
2019-07-02 21:00:00,30,35,39,2,65.69
2019-07-02 22:00:00,14,17,40,4,67.93
2019-07-02 23:00:00,39,41,35,15,63.32
2019-07-03 00:00:00,8,28,50,10,64.17
2019-07-03 01:00:00,10,10,35,10,66.1
2019-07-03 02:00:00,27,20,55,9,69.21
2019-07-03 03:00:00,27,38,39,4,57.91
2019-07-03 04:00:00,19,15,50,16,74.9
2019-07-03 05:00:00,17,32,49,7,55.0
2019-07-03 06:00:00,10,34,53,0,55.0
2019-07-03 07:00:00,33,31,58,16,76.5
2019-07-03 08:00:00,22,9,50,0,72.83
2019-07-03 09:00:00,12,19,61,15,55.31
2019-07-03 10:00:00,23,18,39,4,57.6
2019-07-03 11:00:00,43,18,57,1,67.58
2019-07-03 12:00:00,17,38,42,3,55.0
2019-07-03 13:00:00,41,6,53,11,82.29
2019-07-03 14:00:00,17,25,48,9,61.75
2019-07-03 15:00:00,15,42,63,2,55.0
2019-07-03 16:00:00,17,38,40,5,55.0
2019-07-03 17:00:00,20,28,49,3,58.03
2019-07-03 18:00:00,12,42,36,11,57.42
2019-07-03 19:00:00,30,20,53,15,74.68
2019-07-03 20:00:00,20,28,31,4,61.61
2019-07-03 21:00:00,35,26,45,16,66.9
2019-07-03 22:00:00,26,7,30,7,68.04
2019-07-03 23:00:00,24,7,42,1,77.22
2019-07-04 00:00:00,25,39,47,5,59.62
2019-07-04 01:00:00,13,12,42,15,66.55
2019-07-04 02:00:00,35,19,44,14,74.1
2019-07-04 03:00:00,11,29,35,13,55.0
2019-07-04 04:00:00,35,27,56,7,66.86
2019-07-04 05:00:00,45,25,59,13,82.14
2019-07-04 06:00:00,37,42,46,12,56.82
2019-07-04 07:00:00,25,35,32,14,55.0
2019-07-04 08:00:00,19,40,32,10,55.0
2019-07-04 09:00:00,41,30,54,9,69.61
2019-07-04 10:00:00,17,42,64,17,55.0
2019-07-04 11:00:00,26,28,61,17,63.09
2019-07-04 12:00:00,37,26,45,9,62.25
2019-07-04 13:00:00,43,36,48,3,62.18
2019-07-04 14:00:00,42,38,36,7,67.0
2019-07-04 15:00:00,11,8,32,9,56.31
2019-07-04 16:00:00,42,39,58,12,66.6
2019-07-04 17:00:00,12,31,45,5,55.42
2019-07-04 18:00:00,30,39,48,0,59.61
2019-07-04 19:00:00,43,32,42,14,69.47
2019-07-04 20:00:00,32,40,41,17,68.97
2019-07-04 21:00:00,44,16,66,1,83.65
2019-07-04 22:00:00,21,12,60,5,74.18
2019-07-04 23:00:00,19,13,55,7,70.32
2019-07-05 00:00:00,20,15,44,13,69.73
2019-07-05 01:00:00,21,13,56,13,75.68
2019-07-05 02:00:00,33,22,42,6,70.53
2019-07-05 03:00:00,25,13,49,5,63.73
2019-07-05 04:00:00,36,11,35,7,79.03
2019-07-05 05:00:00,23,25,56,4,58.83
2019-07-05 06:00:00,19,35,32,7,55.0
2019-07-05 07:00:00,15,11,56,4,64.11
2019-07-05 08:00:00,28,24,52,1,66.4
2019-07-05 09:00:00,42,30,32,12,60.3
2019-07-05 10:00:00,40,32,48,14,60.64
2019-07-05 11:00:00,17,9,38,5,59.97
2019-07-05 12:00:00,26,33,47,7,55.0
2019-07-05 13:00:00,34,6,30,7,75.98
2019-07-05 14:00:00,31,14,56,0,62.03
2019-07-05 15:00:00,10,17,48,9,59.64
2019-07-05 16:00:00,30,37,43,8,57.38
2019-07-05 17:00:00,9,13,62,16,59.52
2019-07-05 18:00:00,12,34,53,6,55.0
2019-07-05 19:00:00,32,42,52,14,59.61
2019-07-05 20:00:00,11,41,35,7,55.0
2019-07-05 21:00:00,20,17,48,3,68.3
2019-07-05 22:00:00,30,9,55,6,81.35
2019-07-05 23:00:00,32,14,64,15,74.35
2019-07-06 00:00:00,24,34,52,4,62.41
2019-07-06 01:00:00,11,13,36,15,55.0
2019-07-06 02:00:00,38,29,55,11,63.46
2019-07-06 03:00:00,44,19,32,13,79.22
2019-07-06 04:00:00,41,34,41,13,65.36
2019-07-06 05:00:00,36,28,63,9,65.28
2019-07-06 06:00:00,23,27,59,10,60.32
2019-07-06 07:00:00,41,34,63,1,64.23
2019-07-06 08:00:00,26,41,43,12,55.0
2019-07-06 09:00:00,13,19,55,12,55.0
2019-07-06 10:00:00,40,25,55,1,58.81
2019-07-06 11:00:00,20,29,39,9,55.0
2019-07-06 12:00:00,43,36,64,9,60.89
2019-07-06 13:00:00,21,23,65,5,61.76
2019-07-06 14:00:00,41,19,34,1,66.7
2019-07-06 15:00:00,28,37,58,0,55.92
2019-07-06 16:00:00,25,41,46,3,55.0
2019-07-06 17:00:00,19,27,54,4,56.84
2019-07-06 18:00:00,39,9,50,3,78.7
2019-07-06 19:00:00,10,16,38,10,56.71
2019-07-06 20:00:00,25,23,33,7,58.56
2019-07-06 21:00:00,22,32,48,2,62.38
2019-07-06 22:00:00,28,30,60,1,72.0
2019-07-06 23:00:00,17,36,60,11,63.36
2019-07-07 00:00:00,33,7,40,16,77.65
2019-07-07 01:00:00,22,23,61,14,64.03
2019-07-07 02:00:00,15,31,43,13,55.0
2019-07-07 03:00:00,15,42,50,5,55.0
2019-07-07 04:00:00,34,11,42,12,75.95
2019-07-07 05:00:00,17,38,49,1,55.0
2019-07-07 06:00:00,19,6,49,3,63.19
2019-07-07 07:00:00,31,13,55,2,71.5
2019-07-07 08:00:00,20,37,47,3,55.0
2019-07-07 09:00:00,22,35,49,6,55.0
2019-07-07 10:00:00,17,41,54,0,55.0
2019-07-07 11:00:00,21,28,45,14,56.49
2019-07-07 12:00:00,34,28,49,12,64.95
2019-07-07 13:00:00,28,25,33,11,61.95
2019-07-07 14:00:00,45,24,62,3,69.53
2019-07-07 15:00:00,37,25,34,15,59.34
2019-07-07 16:00:00,8,16,62,0,55.0
2019-07-07 17:00:00,22,37,58,17,55.0
2019-07-07 18:00:00,19,19,65,13,56.98
2019-07-07 19:00:00,30,28,30,3,67.9
2019-07-07 20:00:00,18,30,38,3,55.19
2019-07-07 21:00:00,44,25,31,12,75.79
2019-07-07 22:00:00,19,28,45,14,55.0
2019-07-07 23:00:00,27,7,63,8,75.0
2019-07-08 00:00:00,12,17,58,1,57.93
2019-07-08 01:00:00,42,22,56,8,83.03
2019-07-08 02:00:00,42,20,61,8,79.46
2019-07-08 03:00:00,38,39,30,5,65.92
2019-07-08 04:00:00,21,39,59,16,56.5
2019-07-08 05:00:00,10,32,41,6,55.0
2019-07-08 06:00:00,35,19,55,4,70.95
2019-07-08 07:00:00,24,7,58,12,71.17
2019-07-08 08:00:00,45,33,55,11,67.48
2019-07-08 09:00:00,34,38,45,11,58.74
2019-07-08 10:00:00,28,24,52,9,63.23
2019-07-08 11:00:00,45,36,47,5,74.55
2019-07-08 12:00:00,38,40,53,4,64.43
2019-07-08 13:00:00,25,26,46,2,55.0
2019-07-08 14:00:00,8,13,44,3,55.18
2019-07-08 15:00:00,11,6,37,10,59.64
2019-07-08 16:00:00,24,34,44,7,59.77
2019-07-08 17:00:00,29,26,56,13,62.82
2019-07-08 18:00:00,9,11,62,14,64.96
2019-07-08 19:00:00,12,8,33,10,55.32
2019-07-08 20:00:00,34,41,36,1,55.0
2019-07-08 21:00:00,36,17,48,0,84.8
2019-07-08 22:00:00,9,18,55,4,62.65
2019-07-08 23:00:00,27,29,36,5,60.85
2019-07-09 00:00:00,11,19,42,1,64.21
2019-07-09 01:00:00,35,39,31,14,59.97
2019-07-09 02:00:00,39,31,31,6,69.2
2019-07-09 03:00:00,41,19,35,13,71.91
2019-07-09 04:00:00,30,15,56,3,71.88
2019-07-09 05:00:00,31,37,62,0,61.34
2019-07-09 06:00:00,43,27,48,2,77.02
2019-07-09 07:00:00,31,39,36,8,58.83
2019-07-09 08:00:00,24,18,64,8,68.94
2019-07-09 09:00:00,36,6,40,7,76.15
2019-07-09 10:00:00,30,39,35,17,56.88
2019-07-09 11:00:00,40,14,35,11,68.9
2019-07-09 12:00:00,27,37,43,13,55.0
2019-07-09 13:00:00,41,32,57,2,66.87
2019-07-09 14:00:00,9,14,44,8,55.57
2019-07-09 15:00:00,9,34,46,11,55.0
2019-07-09 16:00:00,11,9,42,10,61.33
2019-07-09 17:00:00,29,20,64,17,74.14
2019-07-09 18:00:00,34,19,55,8,77.91
2019-07-09 19:00:00,16,30,54,6,55.3
2019-07-09 20:00:00,13,25,46,16,55.0
2019-07-09 21:00:00,40,28,49,6,70.77
2019-07-09 22:00:00,36,23,62,10,72.6
2019-07-09 23:00:00,32,33,54,0,71.46
2019-07-10 00:00:00,26,11,60,2,81.6
2019-07-10 01:00:00,23,32,31,1,57.54
2019-07-10 02:00:00,8,7,61,7,66.7
2019-07-10 03:00:00,15,9,65,16,66.24
2019-07-10 04:00:00,42,32,54,1,72.86
2019-07-10 05:00:00,20,11,65,17,71.6
2019-07-10 06:00:00,34,34,51,15,67.43
2019-07-10 07:00:00,34,10,40,0,77.19
2019-07-10 08:00:00,19,11,52,0,68.96
2019-07-10 09:00:00,15,40,53,16,55.0
2019-07-10 10:00:00,34,12,35,10,68.37
2019-07-10 11:00:00,11,39,37,3,55.0
2019-07-10 12:00:00,26,18,40,17,60.92
2019-07-10 13:00:00,41,35,50,10,56.61
2019-07-10 14:00:00,35,40,35,11,59.25
2019-07-10 15:00:00,37,10,58,12,74.33
2019-07-10 16:00:00,11,18,34,3,60.72
2019-07-10 17:00:00,15,27,64,6,57.73
2019-07-10 18:00:00,18,38,55,2,55.0
2019-07-10 19:00:00,19,12,42,9,73.84
2019-07-10 20:00:00,15,12,43,17,62.16
2019-07-10 21:00:00,44,19,55,11,87.34
2019-07-10 22:00:00,14,13,33,12,64.36
2019-07-10 23:00:00,34,15,56,3,80.22
2019-07-11 00:00:00,30,10,50,9,79.71
2019-07-11 01:00:00,31,36,38,17,62.21
2019-07-11 02:00:00,16,35,63,1,55.22
2019-07-11 03:00:00,19,11,53,3,69.92
2019-07-11 04:00:00,31,25,36,12,63.61
2019-07-11 05:00:00,19,29,54,0,67.43
2019-07-11 06:00:00,34,29,45,3,63.85
2019-07-11 07:00:00,9,42,58,16,55.0
2019-07-11 08:00:00,10,29,48,0,55.0
2019-07-11 09:00:00,35,31,66,7,65.59
2019-07-11 10:00:00,31,7,64,5,73.68
2019-07-11 11:00:00,9,8,31,7,58.6
2019-07-11 12:00:00,42,28,45,4,68.51
2019-07-11 13:00:00,8,39,37,4,55.0
2019-07-11 14:00:00,44,20,46,13,66.16
2019-07-11 15:00:00,35,29,35,0,55.0
2019-07-11 16:00:00,45,13,49,2,84.81
2019-07-11 17:00:00,44,22,35,4,62.42
2019-07-11 18:00:00,19,33,53,14,56.9
2019-07-11 19:00:00,36,30,46,7,66.65
2019-07-11 20:00:00,16,10,66,0,71.31
2019-07-11 21:00:00,25,38,62,9,56.19
2019-07-11 22:00:00,17,40,52,11,56.37
2019-07-11 23:00:00,26,23,46,8,69.94
2019-07-12 00:00:00,41,18,56,1,91.27
2019-07-12 01:00:00,24,25,54,15,67.2
2019-07-12 02:00:00,11,35,35,15,57.07
2019-07-12 03:00:00,20,22,43,16,57.87
2019-07-12 04:00:00,37,7,66,17,86.91
2019-07-12 05:00:00,27,8,41,5,74.1
2019-07-12 06:00:00,29,36,30,7,57.71
2019-07-12 07:00:00,24,35,60,17,57.4
2019-07-12 08:00:00,19,34,64,8,60.2
2019-07-12 09:00:00,30,10,54,15,71.72
2019-07-12 10:00:00,32,12,53,11,66.75
2019-07-12 11:00:00,42,20,42,16,66.97
2019-07-12 12:00:00,31,14,43,0,69.9
2019-07-12 13:00:00,45,20,63,12,74.97
2019-07-12 14:00:00,39,26,61,14,60.71
2019-07-12 15:00:00,10,16,48,3,57.86
2019-07-12 16:00:00,22,10,41,13,61.6
2019-07-12 17:00:00,22,20,36,3,62.77
2019-07-12 18:00:00,8,32,30,16,55.0
2019-07-12 19:00:00,14,28,47,16,55.0
2019-07-12 20:00:00,36,17,50,0,73.0
2019-07-12 21:00:00,21,17,54,9,74.34
2019-07-12 22:00:00,13,27,59,6,61.18
2019-07-12 23:00:00,18,12,43,16,74.47
2019-07-13 00:00:00,18,36,36,5,66.61
2019-07-13 01:00:00,14,38,61,12,55.0
2019-07-13 02:00:00,11,6,58,2,75.29
2019-07-13 03:00:00,37,41,49,3,59.91
2019-07-13 04:00:00,39,6,31,17,85.35
2019-07-13 05:00:00,26,22,47,6,61.66
2019-07-13 06:00:00,31,30,52,13,62.51
2019-07-13 07:00:00,42,18,61,17,77.11
2019-07-13 08:00:00,40,13,48,17,77.01
2019-07-13 09:00:00,9,7,47,0,55.0
2019-07-13 10:00:00,44,32,44,4,60.46
2019-07-13 11:00:00,10,7,45,12,61.08
2019-07-13 12:00:00,9,23,30,16,55.0
2019-07-13 13:00:00,23,20,33,17,55.0
2019-07-13 14:00:00,36,41,57,12,55.6
2019-07-13 15:00:00,11,40,43,1,55.0
2019-07-13 16:00:00,19,36,61,13,55.0
2019-07-13 17:00:00,17,33,44,4,55.0
2019-07-13 18:00:00,23,26,66,14,63.64
2019-07-13 19:00:00,45,18,36,9,73.37
2019-07-13 20:00:00,20,12,36,3,65.44
2019-07-13 21:00:00,15,41,51,15,55.0
2019-07-13 22:00:00,12,20,59,17,60.05
2019-07-13 23:00:00,15,21,35,9,59.8
2019-07-14 00:00:00,13,11,48,14,61.44
2019-07-14 01:00:00,29,16,38,1,72.24
2019-07-14 02:00:00,23,29,57,4,64.74
2019-07-14 03:00:00,26,21,50,2,60.09
2019-07-14 04:00:00,39,27,54,5,67.03
2019-07-14 05:00:00,30,13,39,6,65.79
2019-07-14 06:00:00,13,9,40,7,66.42
2019-07-14 07:00:00,22,38,53,5,55.0
2019-07-14 08:00:00,19,21,43,9,57.7
2019-07-14 09:00:00,39,19,55,3,73.25
2019-07-14 10:00:00,19,16,35,6,59.07
2019-07-14 11:00:00,13,30,41,15,55.0
2019-07-14 12:00:00,35,26,33,10,62.2
2019-07-14 13:00:00,24,20,33,0,62.36
2019-07-14 14:00:00,11,40,39,5,55.0
2019-07-14 15:00:00,34,39,48,14,55.0
2019-07-14 16:00:00,15,13,35,3,64.0
2019-07-14 17:00:00,40,29,33,16,66.85
2019-07-14 18:00:00,39,41,62,5,62.03
2019-07-14 19:00:00,22,24,49,11,55.0
2019-07-14 20:00:00,29,7,56,8,75.82
2019-07-14 21:00:00,29,10,56,11,72.79
2019-07-14 22:00:00,32,30,33,14,60.49
2019-07-14 23:00:00,10,39,52,2,55.0
2019-07-15 00:00:00,20,10,61,6,71.96
2019-07-15 01:00:00,14,26,46,10,58.47
2019-07-15 02:00:00,34,24,61,4,76.46
2019-07-15 03:00:00,10,16,64,6,65.3
2019-07-15 04:00:00,27,29,50,15,62.17
2019-07-15 05:00:00,35,38,33,4,58.33
2019-07-15 06:00:00,44,14,52,3,77.88
2019-07-15 07:00:00,18,8,62,10,67.55
2019-07-15 08:00:00,8,19,51,1,57.14
2019-07-15 09:00:00,35,17,59,0,66.45
2019-07-15 10:00:00,8,32,49,15,55.0
2019-07-15 11:00:00,10,25,45,4,55.0
2019-07-15 12:00:00,45,6,64,2,70.4
2019-07-15 13:00:00,40,18,35,11,69.59
2019-07-15 14:00:00,34,33,46,8,63.42
2019-07-15 15:00:00,39,23,35,8,68.67
2019-07-15 16:00:00,10,26,54,7,55.0
2019-07-15 17:00:00,11,15,64,2,60.79
2019-07-15 18:00:00,19,17,66,15,66.41
2019-07-15 19:00:00,8,10,38,0,64.94
2019-07-15 20:00:00,41,9,56,8,77.79
2019-07-15 21:00:00,10,7,62,4,66.61
2019-07-15 22:00:00,28,29,60,11,73.9
2019-07-15 23:00:00,40,11,48,9,83.23
2019-07-16 00:00:00,35,27,36,6,77.55
2019-07-16 01:00:00,16,41,47,9,66.18
2019-07-16 02:00:00,25,31,58,4,63.37
2019-07-16 03:00:00,28,27,52,2,63.08
2019-07-16 04:00:00,37,10,44,16,79.38
2019-07-16 05:00:00,24,24,37,11,68.2
2019-07-16 06:00:00,18,38,54,11,58.29
2019-07-16 07:00:00,38,20,45,17,81.26
2019-07-16 08:00:00,41,36,47,16,63.99
2019-07-16 09:00:00,26,32,64,10,60.81
2019-07-16 10:00:00,9,15,30,14,55.0
2019-07-16 11:00:00,27,11,38,9,57.16
2019-07-16 12:00:00,41,6,64,4,79.93
2019-07-16 13:00:00,45,16,64,11,72.33
2019-07-16 14:00:00,23,18,41,16,64.46
2019-07-16 15:00:00,13,30,66,15,55.0
2019-07-16 16:00:00,29,27,37,9,58.53
2019-07-16 17:00:00,39,23,31,17,70.74
2019-07-16 18:00:00,43,32,41,3,70.58
2019-07-16 19:00:00,9,34,49,0,55.0
2019-07-16 20:00:00,19,32,30,7,64.51
2019-07-16 21:00:00,26,39,36,3,64.85
2019-07-16 22:00:00,11,19,59,17,61.6
2019-07-16 23:00:00,41,36,53,2,77.77
2019-07-17 00:00:00,12,21,52,9,70.97
2019-07-17 01:00:00,33,12,66,13,81.17
2019-07-17 02:00:00,42,11,38,1,84.1
2019-07-17 03:00:00,34,9,63,0,82.2
2019-07-17 04:00:00,37,41,43,9,60.94
2019-07-17 05:00:00,18,12,64,16,67.85
2019-07-17 06:00:00,39,36,58,0,71.9
2019-07-17 07:00:00,23,34,37,0,57.4
2019-07-17 08:00:00,10,22,37,16,55.0
2019-07-17 09:00:00,21,39,50,10,55.0
2019-07-17 10:00:00,21,39,48,12,55.0
2019-07-17 11:00:00,27,40,38,4,55.0
2019-07-17 12:00:00,18,24,39,5,58.92
2019-07-17 13:00:00,25,17,63,8,62.08
2019-07-17 14:00:00,24,7,57,3,73.93
2019-07-17 15:00:00,20,37,37,7,55.0
2019-07-17 16:00:00,34,38,56,17,60.89
2019-07-17 17:00:00,19,25,35,13,62.31
2019-07-17 18:00:00,37,8,46,15,83.09
2019-07-17 19:00:00,17,36,30,8,55.0
2019-07-17 20:00:00,40,17,54,14,75.13
2019-07-17 21:00:00,21,26,36,7,62.28
2019-07-17 22:00:00,9,30,38,11,56.74
2019-07-17 23:00:00,13,11,37,13,73.77
2019-07-18 00:00:00,38,8,36,14,83.38
2019-07-18 01:00:00,41,8,32,16,91.03
2019-07-18 02:00:00,16,41,50,1,55.0
2019-07-18 03:00:00,30,41,62,14,59.7
2019-07-18 04:00:00,29,21,41,12,68.05
2019-07-18 05:00:00,13,21,58,13,57.82
2019-07-18 06:00:00,25,21,50,0,70.36
2019-07-18 07:00:00,34,18,39,8,58.98
2019-07-18 08:00:00,44,26,32,17,67.36
2019-07-18 09:00:00,40,19,58,16,77.28
2019-07-18 10:00:00,11,28,30,4,55.0
2019-07-18 11:00:00,17,20,45,8,61.32
2019-07-18 12:00:00,24,29,31,15,63.16
2019-07-18 13:00:00,13,40,58,16,55.0
2019-07-18 14:00:00,29,13,66,5,74.7
2019-07-18 15:00:00,8,8,41,14,69.12
2019-07-18 16:00:00,12,25,41,15,55.0
2019-07-18 17:00:00,9,10,50,2,61.61
2019-07-18 18:00:00,19,14,48,0,69.68
2019-07-18 19:00:00,36,35,44,0,69.37
2019-07-18 20:00:00,14,21,43,2,61.07
2019-07-18 21:00:00,45,26,36,13,73.82
2019-07-18 22:00:00,18,34,39,7,64.39
2019-07-18 23:00:00,9,10,51,12,66.33
2019-07-19 00:00:00,20,23,57,1,70.8
2019-07-19 01:00:00,36,7,57,10,84.53
2019-07-19 02:00:00,12,24,49,13,66.98
2019-07-19 03:00:00,10,14,57,17,60.77
2019-07-19 04:00:00,40,39,51,5,61.98
2019-07-19 05:00:00,30,15,43,9,74.61
2019-07-19 06:00:00,21,13,43,8,61.66
2019-07-19 07:00:00,36,6,49,6,78.18
2019-07-19 08:00:00,40,10,41,11,82.02
2019-07-19 09:00:00,21,13,58,10,57.36
2019-07-19 10:00:00,29,14,36,14,67.04
2019-07-19 11:00:00,8,33,32,0,55.0
2019-07-19 12:00:00,19,38,48,3,55.0
2019-07-19 13:00:00,30,37,32,10,55.0
2019-07-19 14:00:00,15,41,37,10,55.0
2019-07-19 15:00:00,45,39,43,16,58.54
2019-07-19 16:00:00,44,22,30,12,70.61
2019-07-19 17:00:00,17,20,38,0,57.36
2019-07-19 18:00:00,23,30,50,8,56.58
2019-07-19 19:00:00,15,17,43,15,63.71
2019-07-19 20:00:00,27,28,63,15,71.8
2019-07-19 21:00:00,12,42,33,14,55.0
2019-07-19 22:00:00,22,13,56,8,77.3
2019-07-19 23:00:00,29,34,51,1,70.49
2019-07-20 00:00:00,31,40,53,3,59.33
2019-07-20 01:00:00,30,25,54,15,70.43
2019-07-20 02:00:00,16,19,31,6,60.48
2019-07-20 03:00:00,38,15,59,13,72.63
2019-07-20 04:00:00,34,12,42,0,76.8
2019-07-20 05:00:00,36,17,54,8,69.64
2019-07-20 06:00:00,25,33,40,17,58.37
2019-07-20 07:00:00,41,25,44,4,62.64
2019-07-20 08:00:00,22,14,55,0,65.16
2019-07-20 09:00:00,38,26,64,5,60.37
2019-07-20 10:00:00,15,35,62,1,55.0
2019-07-20 11:00:00,17,6,56,11,62.56
2019-07-20 12:00:00,28,6,49,3,67.37
2019-07-20 13:00:00,29,41,49,4,55.29
2019-07-20 14:00:00,36,33,65,10,59.8
2019-07-20 15:00:00,19,27,37,5,55.0
2019-07-20 16:00:00,41,39,65,11,61.39
2019-07-20 17:00:00,20,27,54,16,59.24
2019-07-20 18:00:00,28,25,52,16,67.85
2019-07-20 19:00:00,43,13,51,13,82.94
2019-07-20 20:00:00,28,35,60,17,59.36
2019-07-20 21:00:00,33,34,55,13,69.8
2019-07-20 22:00:00,42,16,33,1,74.66
2019-07-20 23:00:00,45,33,58,17,70.61
2019-07-21 00:00:00,26,32,56,10,63.35
2019-07-21 01:00:00,23,9,63,0,79.6
2019-07-21 02:00:00,15,11,64,11,64.88
2019-07-21 03:00:00,28,28,65,4,70.31
2019-07-21 04:00:00,42,29,31,9,69.34
2019-07-21 05:00:00,26,30,53,11,59.59
2019-07-21 06:00:00,21,19,64,0,68.95
2019-07-21 07:00:00,12,36,65,7,55.0
2019-07-21 08:00:00,22,22,50,0,68.95
2019-07-21 09:00:00,16,13,63,2,61.12
2019-07-21 10:00:00,45,10,62,3,79.21
2019-07-21 11:00:00,28,38,30,14,56.39
2019-07-21 12:00:00,13,32,62,7,55.0
2019-07-21 13:00:00,10,23,53,0,55.62
2019-07-21 14:00:00,40,13,51,13,65.3
2019-07-21 15:00:00,43,9,36,9,74.41
2019-07-21 16:00:00,36,11,63,2,76.45
2019-07-21 17:00:00,12,9,40,10,65.87
2019-07-21 18:00:00,11,25,45,4,56.94
2019-07-21 19:00:00,15,13,41,11,66.13
2019-07-21 20:00:00,36,10,65,17,84.36
2019-07-21 21:00:00,37,16,47,5,78.39
2019-07-21 22:00:00,39,31,34,13,60.19
2019-07-21 23:00:00,11,24,30,0,63.03
2019-07-22 00:00:00,13,11,66,7,66.85
2019-07-22 01:00:00,42,33,38,16,72.35
2019-07-22 02:00:00,43,24,58,1,78.87
2019-07-22 03:00:00,35,12,31,16,77.12
2019-07-22 04:00:00,12,31,63,1,55.0
2019-07-22 05:00:00,10,42,54,8,55.0
2019-07-22 06:00:00,10,25,38,3,55.0
2019-07-22 07:00:00,34,11,62,0,78.99
2019-07-22 08:00:00,40,17,41,6,66.71
2019-07-22 09:00:00,32,28,66,10,60.1
2019-07-22 10:00:00,17,42,52,13,55.0
2019-07-22 11:00:00,36,40,46,5,55.0
2019-07-22 12:00:00,10,40,32,8,55.0
2019-07-22 13:00:00,39,36,39,3,59.53
2019-07-22 14:00:00,41,27,32,13,66.13
2019-07-22 15:00:00,35,29,61,3,60.03
2019-07-22 16:00:00,41,33,33,15,64.01
2019-07-22 17:00:00,30,32,34,3,60.73
2019-07-22 18:00:00,25,29,34,11,55.0
2019-07-22 19:00:00,20,10,66,5,72.12
2019-07-22 20:00:00,43,38,65,17,66.63
2019-07-22 21:00:00,34,6,56,5,82.68
2019-07-22 22:00:00,15,21,32,17,64.69
2019-07-22 23:00:00,44,22,48,15,78.54
2019-07-23 00:00:00,10,42,65,8,55.99
2019-07-23 01:00:00,30,9,33,8,81.3
2019-07-23 02:00:00,15,23,59,6,67.97
2019-07-23 03:00:00,33,19,30,7,74.43
2019-07-23 04:00:00,23,9,59,8,79.19
2019-07-23 05:00:00,24,14,50,2,72.14
2019-07-23 06:00:00,33,21,62,5,65.07
2019-07-23 07:00:00,36,39,45,15,57.46
2019-07-23 08:00:00,22,20,59,17,62.84
2019-07-23 09:00:00,45,38,61,0,65.36
2019-07-23 10:00:00,26,33,42,13,56.82
2019-07-23 11:00:00,14,36,53,4,55.0
2019-07-23 12:00:00,8,37,47,11,55.0
2019-07-23 13:00:00,15,32,45,11,55.0
2019-07-23 14:00:00,34,33,59,15,61.46
2019-07-23 15:00:00,28,11,38,12,66.22
2019-07-23 16:00:00,20,32,34,14,55.0
2019-07-23 17:00:00,26,7,47,14,72.42
2019-07-23 18:00:00,39,33,60,11,68.35
2019-07-23 19:00:00,29,30,36,7,62.81
2019-07-23 20:00:00,10,34,42,6,58.81
2019-07-23 21:00:00,9,29,54,6,56.01
2019-07-23 22:00:00,26,19,47,6,71.04
2019-07-23 23:00:00,23,19,52,5,73.95
2019-07-24 00:00:00,40,28,49,5,74.49
2019-07-24 01:00:00,30,23,59,10,75.42
2019-07-24 02:00:00,36,18,62,4,74.05
2019-07-24 03:00:00,30,24,46,6,65.17
2019-07-24 04:00:00,21,25,45,12,64.21
2019-07-24 05:00:00,32,14,40,5,73.31
2019-07-24 06:00:00,31,29,46,1,61.63
2019-07-24 07:00:00,35,17,60,0,74.39
2019-07-24 08:00:00,15,15,48,13,62.56
2019-07-24 09:00:00,32,21,55,17,64.7
2019-07-24 10:00:00,18,9,45,12,62.65
2019-07-24 11:00:00,38,28,56,1,66.79
2019-07-24 12:00:00,38,33,56,10,58.94
2019-07-24 13:00:00,31,41,49,4,55.0
2019-07-24 14:00:00,43,16,64,5,78.66
2019-07-24 15:00:00,28,25,62,16,63.74
2019-07-24 16:00:00,8,24,35,14,55.0
2019-07-24 17:00:00,31,33,38,13,57.09
2019-07-24 18:00:00,37,29,65,9,66.02
2019-07-24 19:00:00,11,35,44,10,55.0
2019-07-24 20:00:00,11,37,41,16,59.32
2019-07-24 21:00:00,18,10,59,11,74.92
2019-07-24 22:00:00,40,19,52,10,74.49
2019-07-24 23:00:00,28,30,34,1,68.65
2019-07-25 00:00:00,45,26,33,17,73.74
2019-07-25 01:00:00,41,23,59,14,78.65
2019-07-25 02:00:00,29,12,58,6,75.21
2019-07-25 03:00:00,33,27,43,4,77.39
2019-07-25 04:00:00,20,33,61,17,55.18
2019-07-25 05:00:00,11,7,34,17,66.54
2019-07-25 06:00:00,23,27,62,7,59.78
2019-07-25 07:00:00,30,39,32,4,58.56
2019-07-25 08:00:00,14,27,53,14,55.59
2019-07-25 09:00:00,16,41,61,11,55.0
2019-07-25 10:00:00,8,19,52,16,56.65
2019-07-25 11:00:00,35,6,58,9,73.15
2019-07-25 12:00:00,42,31,42,9,75.94
2019-07-25 13:00:00,39,13,40,2,74.7
2019-07-25 14:00:00,22,6,39,10,65.12
2019-07-25 15:00:00,30,12,34,6,69.46
2019-07-25 16:00:00,44,40,40,3,64.99
2019-07-25 17:00:00,30,34,39,14,61.43
2019-07-25 18:00:00,19,16,57,6,67.85
2019-07-25 19:00:00,20,28,37,3,62.85
2019-07-25 20:00:00,35,18,36,17,77.19
2019-07-25 21:00:00,24,12,57,17,70.61
2019-07-25 22:00:00,39,42,49,8,74.1
2019-07-25 23:00:00,40,36,37,5,76.64
2019-07-26 00:00:00,9,19,56,2,65.28
2019-07-26 01:00:00,35,19,37,11,74.48
2019-07-26 02:00:00,22,36,59,10,59.8
2019-07-26 03:00:00,27,23,31,11,64.67
2019-07-26 04:00:00,18,19,51,13,63.5
2019-07-26 05:00:00,21,20,52,8,55.65
2019-07-26 06:00:00,20,22,43,12,66.8
2019-07-26 07:00:00,9,25,55,11,57.72
2019-07-26 08:00:00,37,7,44,14,69.42
2019-07-26 09:00:00,13,23,54,13,57.76
2019-07-26 10:00:00,22,22,38,0,57.35
2019-07-26 11:00:00,15,16,51,11,56.89
2019-07-26 12:00:00,14,19,57,17,57.9
2019-07-26 13:00:00,22,21,65,10,55.0
2019-07-26 14:00:00,42,19,43,9,70.49
2019-07-26 15:00:00,43,39,47,10,61.52
2019-07-26 16:00:00,22,25,47,10,58.6
2019-07-26 17:00:00,27,24,61,7,58.59
2019-07-26 18:00:00,45,15,65,17,82.27
2019-07-26 19:00:00,16,39,53,1,55.53
2019-07-26 20:00:00,43,6,60,14,87.71
2019-07-26 21:00:00,12,26,33,2,55.34
2019-07-26 22:00:00,16,12,58,3,80.13
2019-07-26 23:00:00,20,34,59,10,56.33
2019-07-27 00:00:00,9,19,56,11,64.52
2019-07-27 01:00:00,38,16,51,16,79.35
2019-07-27 02:00:00,40,8,63,5,92.68
2019-07-27 03:00:00,22,35,54,0,59.81
2019-07-27 04:00:00,39,20,61,4,78.03
2019-07-27 05:00:00,37,15,36,9,75.72
2019-07-27 06:00:00,38,37,54,6,58.55
2019-07-27 07:00:00,38,6,46,4,74.39
2019-07-27 08:00:00,29,23,62,16,62.98
2019-07-27 09:00:00,12,11,62,10,64.23
2019-07-27 10:00:00,43,10,61,12,78.12
2019-07-27 11:00:00,31,6,37,13,69.11
2019-07-27 12:00:00,42,12,48,7,79.12
2019-07-27 13:00:00,44,41,30,13,55.0
2019-07-27 14:00:00,15,22,66,17,55.0
2019-07-27 15:00:00,23,42,39,13,55.0
2019-07-27 16:00:00,15,15,53,5,64.71
2019-07-27 17:00:00,9,34,48,14,55.0
2019-07-27 18:00:00,44,9,63,4,86.25
2019-07-27 19:00:00,43,10,60,1,81.71
2019-07-27 20:00:00,43,6,58,7,89.32
2019-07-27 21:00:00,41,39,53,9,65.91
2019-07-27 22:00:00,32,30,34,8,66.87
2019-07-27 23:00:00,27,33,64,4,65.33
2019-07-28 00:00:00,45,40,32,4,68.86
2019-07-28 01:00:00,28,18,46,16,78.25
2019-07-28 02:00:00,32,32,44,5,58.86
2019-07-28 03:00:00,16,24,44,14,59.97
2019-07-28 04:00:00,36,26,66,4,72.2
2019-07-28 05:00:00,39,30,38,1,67.17
2019-07-28 06:00:00,33,23,51,1,66.07
2019-07-28 07:00:00,26,6,38,4,68.56
2019-07-28 08:00:00,15,8,63,15,71.08
2019-07-28 09:00:00,9,24,57,8,55.0
2019-07-28 10:00:00,31,27,45,12,69.62
2019-07-28 11:00:00,33,33,32,17,58.03
2019-07-28 12:00:00,37,27,35,0,60.4
2019-07-28 13:00:00,44,12,38,1,76.33
2019-07-28 14:00:00,26,19,45,16,61.95
2019-07-28 15:00:00,39,22,62,10,74.8
2019-07-28 16:00:00,35,42,34,11,55.0
2019-07-28 17:00:00,18,25,51,6,55.0
2019-07-28 18:00:00,40,29,42,14,68.76
2019-07-28 19:00:00,10,33,31,11,55.0
2019-07-28 20:00:00,30,19,52,4,71.71
2019-07-28 21:00:00,43,41,56,11,69.63
2019-07-28 22:00:00,33,30,65,0,71.21
2019-07-28 23:00:00,43,37,48,4,63.59
2019-07-29 00:00:00,10,33,42,3,55.17
2019-07-29 01:00:00,28,28,61,14,73.71
2019-07-29 02:00:00,37,7,39,13,82.98
2019-07-29 03:00:00,32,27,55,1,64.19
2019-07-29 04:00:00,41,10,64,16,82.36
2019-07-29 05:00:00,25,28,30,14,62.74
2019-07-29 06:00:00,33,31,64,7,72.68
2019-07-29 07:00:00,23,26,37,3,55.0
2019-07-29 08:00:00,41,17,47,7,75.09
2019-07-29 09:00:00,12,8,39,10,57.19
2019-07-29 10:00:00,17,30,35,11,55.0
2019-07-29 11:00:00,11,31,55,6,55.0
2019-07-29 12:00:00,34,23,47,1,63.32
2019-07-29 13:00:00,16,32,48,10,55.0
2019-07-29 14:00:00,20,34,47,12,55.66
2019-07-29 15:00:00,39,24,57,4,68.11
2019-07-29 16:00:00,21,7,65,11,64.6
2019-07-29 17:00:00,13,38,48,10,55.0
2019-07-29 18:00:00,8,23,35,9,56.56
2019-07-29 19:00:00,16,30,42,0,57.92
2019-07-29 20:00:00,42,39,48,5,63.94
2019-07-29 21:00:00,28,19,33,6,73.37
2019-07-29 22:00:00,45,29,38,15,82.67
2019-07-29 23:00:00,16,6,37,14,71.06
2019-07-30 00:00:00,21,38,65,15,60.97
2019-07-30 01:00:00,14,8,44,8,66.72
2019-07-30 02:00:00,23,26,62,5,64.51
2019-07-30 03:00:00,29,19,50,8,68.32
2019-07-30 04:00:00,38,7,48,14,83.56
2019-07-30 05:00:00,21,23,64,11,64.04
2019-07-30 06:00:00,37,40,55,10,64.28
2019-07-30 07:00:00,31,12,38,7,68.46
2019-07-30 08:00:00,19,16,40,12,61.67
2019-07-30 09:00:00,42,13,54,15,73.29
2019-07-30 10:00:00,24,10,30,12,66.49
2019-07-30 11:00:00,13,14,35,7,55.0
2019-07-30 12:00:00,44,27,32,15,67.59
2019-07-30 13:00:00,42,34,56,16,63.48
2019-07-30 14:00:00,9,31,46,14,55.0
2019-07-30 15:00:00,42,34,30,15,56.55
2019-07-30 16:00:00,44,32,57,4,71.61
2019-07-30 17:00:00,39,20,54,7,72.43
2019-07-30 18:00:00,17,39,56,4,55.0
2019-07-30 19:00:00,31,12,36,6,66.67
2019-07-30 20:00:00,28,31,62,13,60.77
2019-07-30 21:00:00,31,10,36,12,75.71
2019-07-30 22:00:00,31,34,51,0,71.79
2019-07-30 23:00:00,32,9,50,13,83.04
2019-07-31 00:00:00,27,13,38,3,75.69
2019-07-31 01:00:00,34,20,43,3,71.82
2019-07-31 02:00:00,28,31,31,9,60.09
2019-07-31 03:00:00,8,7,47,4,68.71
2019-07-31 04:00:00,9,15,55,17,66.42
2019-07-31 05:00:00,44,18,41,2,79.57
2019-07-31 06:00:00,42,33,49,2,75.86
2019-07-31 07:00:00,30,41,65,13,55.73
2019-07-31 08:00:00,14,28,38,5,55.0
2019-07-31 09:00:00,37,24,40,12,60.37
2019-07-31 10:00:00,13,18,34,12,56.77
2019-07-31 11:00:00,22,36,50,3,58.0
2019-07-31 12:00:00,20,9,37,10,60.25
2019-07-31 13:00:00,8,10,61,9,63.19
2019-07-31 14:00:00,38,13,40,1,78.79
2019-07-31 15:00:00,27,15,54,13,65.23
2019-07-31 16:00:00,20,23,37,15,60.84
2019-07-31 17:00:00,27,41,41,17,60.72
2019-07-31 18:00:00,8,30,36,1,55.0
2019-07-31 19:00:00,24,20,50,3,70.68
2019-07-31 20:00:00,27,13,31,14,65.12
2019-07-31 21:00:00,20,29,33,5,63.09
2019-07-31 22:00:00,39,15,48,11,83.14
2019-07-31 23:00:00,17,42,50,6,55.0
2019-08-01 00:00:00,13,23,42,3,57.86
2019-08-01 01:00:00,28,26,45,11,70.88
2019-08-01 02:00:00,41,39,45,3,66.81
2019-08-01 03:00:00,22,17,58,2,74.7
2019-08-01 04:00:00,9,23,46,9,58.91
2019-08-01 05:00:00,44,25,61,3,76.46
2019-08-01 06:00:00,24,16,38,3,66.04
2019-08-01 07:00:00,14,8,37,14,65.53
2019-08-01 08:00:00,31,16,44,9,72.13
2019-08-01 09:00:00,20,10,33,9,66.27
2019-08-01 10:00:00,43,31,54,2,64.93
2019-08-01 11:00:00,19,6,44,2,70.68
2019-08-01 12:00:00,28,17,43,7,67.0
2019-08-01 13:00:00,28,38,49,6,55.11
2019-08-01 14:00:00,17,27,33,8,55.0
2019-08-01 15:00:00,26,30,43,2,59.44
2019-08-01 16:00:00,12,30,65,16,55.0
2019-08-01 17:00:00,32,17,53,6,71.87
2019-08-01 18:00:00,36,29,51,14,74.03
2019-08-01 19:00:00,44,14,48,7,81.87
2019-08-01 20:00:00,20,29,47,8,60.85
2019-08-01 21:00:00,18,31,64,2,58.57
2019-08-01 22:00:00,28,38,64,12,65.29
2019-08-01 23:00:00,34,40,45,1,63.29
2019-08-02 00:00:00,45,6,64,13,95.07
2019-08-02 01:00:00,8,17,33,15,56.72
2019-08-02 02:00:00,17,26,41,6,58.72
2019-08-02 03:00:00,17,17,41,15,62.36
2019-08-02 04:00:00,17,28,55,12,66.52
2019-08-02 05:00:00,25,37,52,0,56.48
2019-08-02 06:00:00,41,15,47,3,74.29
2019-08-02 07:00:00,9,39,39,11,55.0
2019-08-02 08:00:00,39,38,48,12,56.93
2019-08-02 09:00:00,31,39,39,1,55.91
2019-08-02 10:00:00,31,8,48,12,73.13
2019-08-02 11:00:00,33,16,42,14,64.08
2019-08-02 12:00:00,12,10,62,1,57.9
2019-08-02 13:00:00,36,10,57,15,80.57
2019-08-02 14:00:00,17,7,36,9,73.47
2019-08-02 15:00:00,27,22,64,11,68.05
2019-08-02 16:00:00,33,9,54,0,80.07
2019-08-02 17:00:00,30,16,42,11,75.3
2019-08-02 18:00:00,20,42,49,8,59.14
2019-08-02 19:00:00,23,38,37,6,55.0
2019-08-02 20:00:00,26,40,31,14,55.0
2019-08-02 21:00:00,9,7,45,4,73.6
2019-08-02 22:00:00,35,30,58,1,66.07
2019-08-02 23:00:00,11,29,43,8,55.0
2019-08-03 00:00:00,25,10,44,13,69.96
2019-08-03 01:00:00,32,39,66,2,63.4
2019-08-03 02:00:00,11,20,66,17,55.0
2019-08-03 03:00:00,45,42,47,12,60.63
2019-08-03 04:00:00,22,10,31,16,66.29
2019-08-03 05:00:00,8,30,55,8,55.0
2019-08-03 06:00:00,33,10,56,2,79.33
2019-08-03 07:00:00,29,41,63,3,55.39
2019-08-03 08:00:00,32,28,65,9,65.59
2019-08-03 09:00:00,36,8,53,10,76.22
2019-08-03 10:00:00,26,13,33,13,62.56
2019-08-03 11:00:00,39,19,39,14,71.34
2019-08-03 12:00:00,22,6,56,13,68.54
2019-08-03 13:00:00,28,6,52,10,68.51
2019-08-03 14:00:00,14,40,46,0,55.0
2019-08-03 15:00:00,31,42,44,9,55.0
2019-08-03 16:00:00,17,25,56,14,55.0
2019-08-03 17:00:00,34,39,45,15,58.94
2019-08-03 18:00:00,38,30,35,15,65.05
2019-08-03 19:00:00,40,7,66,0,77.3
2019-08-03 20:00:00,43,32,42,7,70.36
2019-08-03 21:00:00,12,6,40,11,68.08
2019-08-03 22:00:00,13,36,32,4,55.0
2019-08-03 23:00:00,43,19,47,7,79.66
2019-08-04 00:00:00,22,11,66,1,71.6
2019-08-04 01:00:00,8,15,35,3,63.42
2019-08-04 02:00:00,18,31,39,0,55.0
2019-08-04 03:00:00,39,37,36,17,60.65
2019-08-04 04:00:00,21,27,33,15,62.01
2019-08-04 05:00:00,10,11,52,7,66.62
2019-08-04 06:00:00,35,39,41,0,61.39
2019-08-04 07:00:00,15,35,57,6,55.0
2019-08-04 08:00:00,21,21,44,7,55.0
2019-08-04 09:00:00,8,26,53,3,55.21
2019-08-04 10:00:00,30,41,33,11,55.0
2019-08-04 11:00:00,24,19,42,17,62.01
2019-08-04 12:00:00,40,6,45,15,84.2
2019-08-04 13:00:00,20,11,32,15,61.46
2019-08-04 14:00:00,15,28,45,14,55.0
2019-08-04 15:00:00,14,42,47,1,55.0
2019-08-04 16:00:00,15,33,44,9,55.0
2019-08-04 17:00:00,25,28,48,10,68.45
2019-08-04 18:00:00,11,17,59,1,56.29
2019-08-04 19:00:00,23,22,58,2,60.7
2019-08-04 20:00:00,40,7,30,10,79.15
2019-08-04 21:00:00,37,19,53,12,82.41
2019-08-04 22:00:00,32,29,63,3,66.6
2019-08-04 23:00:00,41,39,62,8,70.43
2019-08-05 00:00:00,37,40,41,1,69.23
2019-08-05 01:00:00,32,36,58,1,69.06
2019-08-05 02:00:00,40,6,59,10,90.57
2019-08-05 03:00:00,12,36,43,10,57.95
2019-08-05 04:00:00,39,14,62,13,81.43
2019-08-05 05:00:00,19,28,53,16,57.69
2019-08-05 06:00:00,35,41,57,3,60.99
2019-08-05 07:00:00,42,38,57,6,63.38
2019-08-05 08:00:00,26,30,58,15,69.44
2019-08-05 09:00:00,11,17,65,0,55.89
2019-08-05 10:00:00,22,25,61,14,60.49
2019-08-05 11:00:00,23,32,45,17,55.0
2019-08-05 12:00:00,43,25,50,1,68.93
2019-08-05 13:00:00,43,20,53,2,70.45
2019-08-05 14:00:00,29,20,61,12,67.86
2019-08-05 15:00:00,44,28,44,8,70.83
2019-08-05 16:00:00,24,7,41,17,74.87
2019-08-05 17:00:00,23,42,57,9,57.44
2019-08-05 18:00:00,39,9,65,11,80.73
2019-08-05 19:00:00,33,42,63,4,56.74
2019-08-05 20:00:00,27,7,35,5,71.44
2019-08-05 21:00:00,25,24,64,3,69.34
2019-08-05 22:00:00,34,21,59,2,75.58
2019-08-05 23:00:00,36,27,35,2,71.83
2019-08-06 00:00:00,26,22,30,16,66.5
2019-08-06 01:00:00,9,39,37,1,56.23
2019-08-06 02:00:00,11,6,64,9,66.09
2019-08-06 03:00:00,13,42,57,9,55.0
2019-08-06 04:00:00,25,31,51,1,58.68
2019-08-06 05:00:00,31,34,53,15,62.92
2019-08-06 06:00:00,38,11,45,9,83.27
2019-08-06 07:00:00,16,8,63,2,67.32
2019-08-06 08:00:00,37,20,35,2,69.94
2019-08-06 09:00:00,33,17,41,12,71.31
2019-08-06 10:00:00,9,34,37,11,55.0
2019-08-06 11:00:00,21,39,61,7,55.0
2019-08-06 12:00:00,19,21,49,7,59.24
2019-08-06 13:00:00,41,34,55,0,59.42
2019-08-06 14:00:00,43,8,64,0,78.83
2019-08-06 15:00:00,39,33,37,9,64.17
2019-08-06 16:00:00,28,9,65,6,78.77
2019-08-06 17:00:00,26,30,34,4,64.1
2019-08-06 18:00:00,19,20,57,6,72.47
2019-08-06 19:00:00,37,21,56,10,76.44
2019-08-06 20:00:00,11,16,60,5,62.78
2019-08-06 21:00:00,18,20,35,6,64.26
2019-08-06 22:00:00,13,38,65,5,55.13
2019-08-06 23:00:00,26,35,59,11,62.6
2019-08-07 00:00:00,19,18,34,0,69.15
2019-08-07 01:00:00,15,16,50,16,69.68
2019-08-07 02:00:00,22,24,60,9,63.27
2019-08-07 03:00:00,40,31,47,4,76.35
2019-08-07 04:00:00,29,12,44,13,67.82
2019-08-07 05:00:00,39,32,40,16,67.29
2019-08-07 06:00:00,42,41,49,1,69.22
2019-08-07 07:00:00,42,37,66,3,69.78
2019-08-07 08:00:00,21,26,52,2,57.94
2019-08-07 09:00:00,41,17,56,1,82.66
2019-08-07 10:00:00,42,17,58,13,73.06
2019-08-07 11:00:00,44,33,58,3,58.67
2019-08-07 12:00:00,21,22,44,6,60.33
2019-08-07 13:00:00,16,9,58,14,57.36
2019-08-07 14:00:00,30,31,42,11,55.6
2019-08-07 15:00:00,43,11,51,12,81.18
2019-08-07 16:00:00,42,42,41,1,59.18
2019-08-07 17:00:00,29,21,64,17,71.13
2019-08-07 18:00:00,13,18,57,1,57.49
2019-08-07 19:00:00,24,8,51,12,77.67
2019-08-07 20:00:00,35,12,46,11,71.91
2019-08-07 21:00:00,29,41,49,7,65.93
2019-08-07 22:00:00,21,25,58,15,64.77
2019-08-07 23:00:00,21,39,40,16,63.74
2019-08-08 00:00:00,10,41,60,1,55.0
2019-08-08 01:00:00,18,7,40,17,80.62
2019-08-08 02:00:00,33,20,35,4,69.24
2019-08-08 03:00:00,17,37,57,14,55.0
2019-08-08 04:00:00,45,24,56,14,78.09
2019-08-08 05:00:00,11,24,42,10,61.67
2019-08-08 06:00:00,30,27,54,15,68.73
2019-08-08 07:00:00,26,31,56,14,64.86
2019-08-08 08:00:00,39,40,59,9,64.86
2019-08-08 09:00:00,41,38,65,3,60.21
2019-08-08 10:00:00,28,29,61,7,63.24
2019-08-08 11:00:00,31,27,46,16,61.35
2019-08-08 12:00:00,34,19,38,3,63.23
2019-08-08 13:00:00,27,10,33,17,67.54
2019-08-08 14:00:00,15,32,51,3,55.0
2019-08-08 15:00:00,24,6,54,11,76.3
2019-08-08 16:00:00,17,31,55,11,55.0
2019-08-08 17:00:00,25,24,30,3,58.66
2019-08-08 18:00:00,31,35,55,8,59.03
2019-08-08 19:00:00,15,41,59,2,58.87
2019-08-08 20:00:00,17,26,56,6,58.85
2019-08-08 21:00:00,39,27,49,17,78.39
2019-08-08 22:00:00,22,24,30,0,60.19
2019-08-08 23:00:00,15,19,48,15,67.49
2019-08-09 00:00:00,35,9,53,12,82.63
2019-08-09 01:00:00,35,7,51,13,87.26
2019-08-09 02:00:00,39,32,51,5,74.68
2019-08-09 03:00:00,36,39,49,17,64.24
2019-08-09 04:00:00,45,7,50,4,83.48
2019-08-09 05:00:00,29,18,41,9,75.29
2019-08-09 06:00:00,18,28,52,0,55.0
2019-08-09 07:00:00,40,32,40,15,55.64
2019-08-09 08:00:00,18,33,48,12,55.0
2019-08-09 09:00:00,19,31,45,2,55.0
2019-08-09 10:00:00,39,9,56,11,78.07
2019-08-09 11:00:00,41,15,63,3,82.59
2019-08-09 12:00:00,20,23,53,7,55.0
2019-08-09 13:00:00,35,8,35,9,68.35
2019-08-09 14:00:00,43,18,54,16,73.09
2019-08-09 15:00:00,38,20,42,5,74.58
2019-08-09 16:00:00,8,42,31,0,55.0
2019-08-09 17:00:00,33,17,37,7,71.18
2019-08-09 18:00:00,14,41,66,16,55.0
2019-08-09 19:00:00,40,31,45,14,78.52
2019-08-09 20:00:00,10,31,37,1,55.0
2019-08-09 21:00:00,45,36,34,0,70.43
2019-08-09 22:00:00,14,37,54,13,55.0
2019-08-09 23:00:00,23,14,58,12,70.92
2019-08-10 00:00:00,16,21,43,10,66.68
2019-08-10 01:00:00,38,25,33,1,66.99
2019-08-10 02:00:00,22,42,43,5,55.0
2019-08-10 03:00:00,36,7,54,15,80.76
2019-08-10 04:00:00,10,23,34,2,58.59
2019-08-10 05:00:00,25,13,39,3,66.17
2019-08-10 06:00:00,42,13,30,8,76.53
2019-08-10 07:00:00,43,34,47,13,60.43
2019-08-10 08:00:00,15,13,36,14,63.53
2019-08-10 09:00:00,22,35,37,10,55.0
2019-08-10 10:00:00,23,42,34,8,55.0
2019-08-10 11:00:00,29,34,57,6,56.11
2019-08-10 12:00:00,28,12,48,0,60.36
2019-08-10 13:00:00,12,11,65,4,55.0
2019-08-10 14:00:00,36,22,44,3,64.55
2019-08-10 15:00:00,16,26,38,1,55.0
2019-08-10 16:00:00,19,34,37,13,55.0
2019-08-10 17:00:00,39,21,65,6,70.61
2019-08-10 18:00:00,34,12,51,9,77.01
2019-08-10 19:00:00,23,42,42,3,57.43
2019-08-10 20:00:00,42,39,54,10,65.78
2019-08-10 21:00:00,22,30,50,2,61.85
2019-08-10 22:00:00,29,31,34,12,62.2
2019-08-10 23:00:00,17,40,55,13,55.0
2019-08-11 00:00:00,14,23,34,5,60.69
2019-08-11 01:00:00,26,11,37,3,80.17
2019-08-11 02:00:00,29,28,56,14,70.77
2019-08-11 03:00:00,38,22,46,4,76.94
2019-08-11 04:00:00,22,35,38,3,55.0
2019-08-11 05:00:00,42,34,32,6,62.23
2019-08-11 06:00:00,31,23,51,17,68.12
2019-08-11 07:00:00,10,19,55,8,61.42
2019-08-11 08:00:00,36,21,37,4,73.66
2019-08-11 09:00:00,29,29,45,9,55.0
2019-08-11 10:00:00,22,29,42,6,63.3
2019-08-11 11:00:00,25,24,62,11,61.13
2019-08-11 12:00:00,19,25,59,7,58.8
2019-08-11 13:00:00,31,42,40,10,55.0
2019-08-11 14:00:00,29,15,49,7,64.82
2019-08-11 15:00:00,24,12,64,8,70.17
2019-08-11 16:00:00,18,35,42,8,55.0
2019-08-11 17:00:00,23,40,35,7,55.0
2019-08-11 18:00:00,26,28,41,17,61.4
2019-08-11 19:00:00,25,20,52,4,65.98
2019-08-11 20:00:00,19,18,66,14,72.23
2019-08-11 21:00:00,30,23,41,12,67.55
2019-08-11 22:00:00,16,7,32,9,68.76
2019-08-11 23:00:00,27,25,36,5,68.9
2019-08-12 00:00:00,12,15,45,8,69.48
2019-08-12 01:00:00,25,15,33,15,68.31
2019-08-12 02:00:00,37,26,31,3,74.83
2019-08-12 03:00:00,39,41,54,10,63.4
2019-08-12 04:00:00,34,13,60,13,77.87
2019-08-12 05:00:00,36,39,38,11,64.0
2019-08-12 06:00:00,10,25,49,2,58.03
2019-08-12 07:00:00,20,41,51,9,55.0
2019-08-12 08:00:00,32,20,54,3,63.43
2019-08-12 09:00:00,38,42,66,16,55.0
2019-08-12 10:00:00,30,30,62,6,59.55
2019-08-12 11:00:00,40,30,41,7,67.14
2019-08-12 12:00:00,18,26,66,15,57.5
2019-08-12 13:00:00,13,22,31,7,55.0
2019-08-12 14:00:00,11,25,65,3,55.0
2019-08-12 15:00:00,30,37,35,16,55.7
2019-08-12 16:00:00,33,35,34,11,55.0
2019-08-12 17:00:00,18,6,34,10,69.96
2019-08-12 18:00:00,37,31,34,1,68.09
2019-08-12 19:00:00,36,36,47,8,62.44
2019-08-12 20:00:00,21,33,53,8,60.7
2019-08-12 21:00:00,17,24,57,4,56.17
2019-08-12 22:00:00,36,18,30,10,75.52
2019-08-12 23:00:00,33,30,40,4,67.46
2019-08-13 00:00:00,14,30,34,8,63.08
2019-08-13 01:00:00,17,19,35,14,64.89
2019-08-13 02:00:00,26,21,57,13,74.76
2019-08-13 03:00:00,27,19,53,5,70.26
2019-08-13 04:00:00,14,7,37,3,59.59
2019-08-13 05:00:00,44,7,41,0,83.65
2019-08-13 06:00:00,22,9,64,6,73.28
2019-08-13 07:00:00,22,21,51,0,64.03
2019-08-13 08:00:00,10,24,38,2,55.0
2019-08-13 09:00:00,41,21,64,17,71.13
2019-08-13 10:00:00,16,41,37,15,55.0
2019-08-13 11:00:00,45,14,40,10,71.14
2019-08-13 12:00:00,26,20,55,13,55.25
2019-08-13 13:00:00,41,15,48,8,73.27
2019-08-13 14:00:00,14,17,32,10,55.0
2019-08-13 15:00:00,14,27,59,16,58.83
2019-08-13 16:00:00,38,17,38,1,63.31
2019-08-13 17:00:00,39,17,55,6,76.54
2019-08-13 18:00:00,28,30,42,2,70.52
2019-08-13 19:00:00,9,36,57,14,55.0
2019-08-13 20:00:00,43,13,63,14,83.98
2019-08-13 21:00:00,22,10,58,12,76.23
2019-08-13 22:00:00,43,14,64,10,87.2
2019-08-13 23:00:00,41,27,49,8,74.25
2019-08-14 00:00:00,40,41,32,0,62.29
2019-08-14 01:00:00,34,11,49,13,83.68
2019-08-14 02:00:00,33,7,47,16,74.43
2019-08-14 03:00:00,28,25,56,17,72.93
2019-08-14 04:00:00,8,42,39,6,55.0
2019-08-14 05:00:00,22,26,55,3,63.65
2019-08-14 06:00:00,35,40,46,11,58.92
2019-08-14 07:00:00,38,29,54,0,74.08
2019-08-14 08:00:00,29,7,45,1,74.52
2019-08-14 09:00:00,34,21,44,14,66.25
2019-08-14 10:00:00,8,34,37,17,55.0
2019-08-14 11:00:00,25,24,60,7,60.78
2019-08-14 12:00:00,27,13,32,9,75.16
2019-08-14 13:00:00,41,12,38,9,69.3
2019-08-14 14:00:00,19,30,45,2,58.05
2019-08-14 15:00:00,16,23,35,4,57.91
2019-08-14 16:00:00,21,27,63,5,66.08
2019-08-14 17:00:00,14,19,42,15,61.97
2019-08-14 18:00:00,29,18,38,7,69.03
2019-08-14 19:00:00,32,30,39,12,69.41
2019-08-14 20:00:00,38,6,37,3,83.64
2019-08-14 21:00:00,44,22,54,17,82.87
2019-08-14 22:00:00,10,19,47,15,68.53
2019-08-14 23:00:00,17,34,38,8,58.34
2019-08-15 00:00:00,19,32,62,4,60.37
2019-08-15 01:00:00,17,21,54,17,63.49
2019-08-15 02:00:00,39,15,44,14,81.82
2019-08-15 03:00:00,13,14,48,9,62.44
2019-08-15 04:00:00,9,13,54,4,62.57
2019-08-15 05:00:00,40,16,35,11,72.52
2019-08-15 06:00:00,44,34,59,6,71.95
2019-08-15 07:00:00,16,7,39,12,63.2
2019-08-15 08:00:00,20,6,31,14,61.92
2019-08-15 09:00:00,27,25,49,8,56.9
2019-08-15 10:00:00,27,14,62,0,65.69
2019-08-15 11:00:00,45,36,57,10,62.9
2019-08-15 12:00:00,23,33,41,15,55.0
2019-08-15 13:00:00,8,34,44,4,55.0
2019-08-15 14:00:00,24,22,52,17,62.4
2019-08-15 15:00:00,29,22,38,6,64.79
2019-08-15 16:00:00,27,21,60,12,68.53
2019-08-15 17:00:00,27,13,40,12,61.42
2019-08-15 18:00:00,43,26,38,3,67.16
2019-08-15 19:00:00,38,37,33,0,65.75
2019-08-15 20:00:00,17,15,55,17,68.22
2019-08-15 21:00:00,21,8,30,12,75.76
2019-08-15 22:00:00,33,26,59,11,65.99
2019-08-15 23:00:00,23,20,66,5,69.22
2019-08-16 00:00:00,24,35,34,1,58.14
2019-08-16 01:00:00,14,37,33,4,55.0
2019-08-16 02:00:00,17,41,64,9,55.0
2019-08-16 03:00:00,36,20,34,12,74.74
2019-08-16 04:00:00,40,39,45,5,64.32
2019-08-16 05:00:00,37,10,62,3,85.18
2019-08-16 06:00:00,19,19,35,4,67.74
2019-08-16 07:00:00,13,15,54,17,56.14
2019-08-16 08:00:00,14,40,44,11,55.0
2019-08-16 09:00:00,22,28,46,17,58.79
2019-08-16 10:00:00,27,19,64,0,66.72
2019-08-16 11:00:00,41,11,54,8,73.4
2019-08-16 12:00:00,42,34,41,8,62.5
2019-08-16 13:00:00,8,30,64,7,55.0
2019-08-16 14:00:00,34,37,51,7,56.96
2019-08-16 15:00:00,19,22,33,1,55.0
2019-08-16 16:00:00,15,11,44,0,63.86
2019-08-16 17:00:00,29,18,39,14,61.8
2019-08-16 18:00:00,9,28,53,7,55.0
2019-08-16 19:00:00,20,14,61,2,69.32
2019-08-16 20:00:00,28,8,31,6,74.13
2019-08-16 21:00:00,18,36,58,16,55.0
2019-08-16 22:00:00,30,25,63,8,69.58
2019-08-16 23:00:00,25,20,66,17,75.9
2019-08-17 00:00:00,38,26,54,2,71.63
2019-08-17 01:00:00,14,33,41,2,55.0
2019-08-17 02:00:00,10,6,35,10,64.2
2019-08-17 03:00:00,28,22,64,12,73.79
2019-08-17 04:00:00,17,15,45,17,64.99
2019-08-17 05:00:00,34,9,42,8,72.89
2019-08-17 06:00:00,11,7,57,3,64.76
2019-08-17 07:00:00,29,22,56,9,64.15
2019-08-17 08:00:00,45,26,59,5,76.5
2019-08-17 09:00:00,11,24,62,3,55.0
2019-08-17 10:00:00,19,34,62,1,55.0
2019-08-17 11:00:00,40,22,36,13,67.98
2019-08-17 12:00:00,28,27,36,11,63.62
2019-08-17 13:00:00,14,36,37,2,55.0
2019-08-17 14:00:00,16,30,53,10,55.0
2019-08-17 15:00:00,37,39,51,15,56.57
2019-08-17 16:00:00,40,14,61,14,74.86
2019-08-17 17:00:00,21,35,61,8,55.0
2019-08-17 18:00:00,26,31,60,1,61.6
2019-08-17 19:00:00,37,27,32,11,65.32
2019-08-17 20:00:00,14,6,55,9,65.32
2019-08-17 21:00:00,15,26,61,16,63.87
2019-08-17 22:00:00,37,37,66,9,62.83
2019-08-17 23:00:00,15,29,42,13,55.0
2019-08-18 00:00:00,37,6,58,9,79.89
2019-08-18 01:00:00,26,16,45,9,73.86
2019-08-18 02:00:00,45,27,35,5,74.78
2019-08-18 03:00:00,9,36,42,7,55.0
2019-08-18 04:00:00,43,22,39,5,71.62
2019-08-18 05:00:00,16,37,63,8,55.0
2019-08-18 06:00:00,9,35,36,17,55.0
2019-08-18 07:00:00,35,15,34,6,69.57
2019-08-18 08:00:00,28,13,51,8,69.0
2019-08-18 09:00:00,39,39,51,17,55.0
2019-08-18 10:00:00,12,27,50,2,55.0
2019-08-18 11:00:00,11,37,35,4,55.0
2019-08-18 12:00:00,29,40,48,8,55.0
2019-08-18 13:00:00,41,21,64,7,74.81
2019-08-18 14:00:00,23,7,33,6,56.53
2019-08-18 15:00:00,38,39,59,14,60.52
2019-08-18 16:00:00,42,27,34,8,67.74
2019-08-18 17:00:00,41,10,38,6,73.47
2019-08-18 18:00:00,27,25,63,8,62.67
2019-08-18 19:00:00,34,7,41,15,82.06
2019-08-18 20:00:00,27,16,49,17,78.11
2019-08-18 21:00:00,33,18,44,4,77.15
2019-08-18 22:00:00,29,22,52,0,77.55
2019-08-18 23:00:00,27,26,45,0,63.69
2019-08-19 00:00:00,24,37,46,8,55.0
2019-08-19 01:00:00,32,19,60,11,75.29
2019-08-19 02:00:00,36,33,50,0,71.77
2019-08-19 03:00:00,42,40,50,9,59.86
2019-08-19 04:00:00,31,33,59,7,61.34
2019-08-19 05:00:00,11,15,45,16,58.2
2019-08-19 06:00:00,30,31,60,10,64.88
2019-08-19 07:00:00,19,16,56,7,65.0
2019-08-19 08:00:00,9,23,62,10,55.0
2019-08-19 09:00:00,10,29,46,2,55.0
2019-08-19 10:00:00,30,16,50,8,62.22
2019-08-19 11:00:00,43,6,34,5,75.7
2019-08-19 12:00:00,27,36,34,3,55.0
2019-08-19 13:00:00,24,32,33,7,55.0
2019-08-19 14:00:00,11,10,53,11,56.75
2019-08-19 15:00:00,33,19,42,10,69.48
2019-08-19 16:00:00,10,15,40,17,56.9
2019-08-19 17:00:00,39,42,52,4,59.48
2019-08-19 18:00:00,39,40,44,12,68.92
2019-08-19 19:00:00,45,31,34,9,71.8
2019-08-19 20:00:00,18,22,50,15,61.58
2019-08-19 21:00:00,14,7,50,16,67.7
2019-08-19 22:00:00,19,15,35,12,62.87
2019-08-19 23:00:00,38,9,39,7,81.93
2019-08-20 00:00:00,16,35,38,9,58.02
2019-08-20 01:00:00,41,9,55,11,78.73
2019-08-20 02:00:00,13,31,39,14,55.0
2019-08-20 03:00:00,9,41,31,4,55.0
2019-08-20 04:00:00,16,17,39,15,60.15
2019-08-20 05:00:00,36,31,47,14,67.73
2019-08-20 06:00:00,30,38,58,1,61.07
2019-08-20 07:00:00,21,21,31,4,60.38
2019-08-20 08:00:00,32,22,62,4,70.59
2019-08-20 09:00:00,32,13,42,10,68.07
2019-08-20 10:00:00,29,21,42,3,63.46
2019-08-20 11:00:00,27,38,30,5,55.0
2019-08-20 12:00:00,11,30,40,3,55.0
2019-08-20 13:00:00,17,13,47,1,61.8
2019-08-20 14:00:00,28,25,53,8,57.2
2019-08-20 15:00:00,13,32,58,5,55.0
2019-08-20 16:00:00,26,8,49,9,71.34
2019-08-20 17:00:00,12,34,33,3,55.0
2019-08-20 18:00:00,37,13,44,5,77.81
2019-08-20 19:00:00,11,16,57,16,60.17
2019-08-20 20:00:00,11,21,53,14,64.04
2019-08-20 21:00:00,32,24,51,4,73.71
2019-08-20 22:00:00,16,39,48,2,55.0
2019-08-20 23:00:00,21,14,48,17,67.36
2019-08-21 00:00:00,19,15,66,12,69.88
2019-08-21 01:00:00,16,20,52,8,60.63
2019-08-21 02:00:00,36,37,52,12,68.55
2019-08-21 03:00:00,34,41,42,3,67.44
2019-08-21 04:00:00,17,22,48,7,69.16
2019-08-21 05:00:00,34,31,56,7,63.23
2019-08-21 06:00:00,35,39,61,12,66.22
2019-08-21 07:00:00,28,37,58,3,59.19
2019-08-21 08:00:00,29,31,54,8,55.0
2019-08-21 09:00:00,43,26,58,15,69.81
2019-08-21 10:00:00,25,42,31,3,55.0
2019-08-21 11:00:00,22,14,39,2,67.97
2019-08-21 12:00:00,28,19,38,14,59.94
2019-08-21 13:00:00,39,32,54,15,66.33
2019-08-21 14:00:00,34,6,57,7,75.94
2019-08-21 15:00:00,10,24,35,0,55.0
2019-08-21 16:00:00,25,37,37,9,55.0
2019-08-21 17:00:00,36,12,48,5,82.13
2019-08-21 18:00:00,16,35,65,10,55.0
2019-08-21 19:00:00,45,21,30,2,80.16
2019-08-21 20:00:00,38,37,62,14,71.57
2019-08-21 21:00:00,40,29,37,12,70.31
2019-08-21 22:00:00,11,11,39,11,61.83
2019-08-21 23:00:00,30,33,53,9,62.56
2019-08-22 00:00:00,28,8,56,3,85.43
2019-08-22 01:00:00,31,14,62,16,79.02
2019-08-22 02:00:00,40,38,30,4,59.58
2019-08-22 03:00:00,21,38,31,6,58.79
2019-08-22 04:00:00,28,7,47,16,69.87
2019-08-22 05:00:00,33,20,50,0,68.53
2019-08-22 06:00:00,36,9,39,2,77.6
2019-08-22 07:00:00,37,16,53,13,84.29
2019-08-22 08:00:00,20,41,39,6,55.0
2019-08-22 09:00:00,45,13,64,10,77.41
2019-08-22 10:00:00,8,29,36,10,55.0
2019-08-22 11:00:00,26,35,54,14,58.3
2019-08-22 12:00:00,31,38,49,11,60.76
2019-08-22 13:00:00,10,19,33,7,55.0
2019-08-22 14:00:00,25,31,52,9,55.65
2019-08-22 15:00:00,30,23,35,13,59.37
2019-08-22 16:00:00,31,9,49,6,75.93
2019-08-22 17:00:00,12,14,53,3,65.66
2019-08-22 18:00:00,18,33,32,8,55.0
2019-08-22 19:00:00,17,31,37,17,55.0
2019-08-22 20:00:00,32,25,40,2,63.77
2019-08-22 21:00:00,20,34,64,3,61.01
2019-08-22 22:00:00,29,31,38,17,60.17
2019-08-22 23:00:00,35,18,64,14,73.34
2019-08-23 00:00:00,38,16,49,2,83.47
2019-08-23 01:00:00,14,40,65,3,55.0
2019-08-23 02:00:00,42,41,60,12,67.69
2019-08-23 03:00:00,14,7,40,14,70.24
2019-08-23 04:00:00,8,35,50,13,55.0
2019-08-23 05:00:00,9,10,56,15,62.02
2019-08-23 06:00:00,15,37,32,9,55.0
2019-08-23 07:00:00,41,27,54,15,67.85
2019-08-23 08:00:00,15,31,47,10,55.46
2019-08-23 09:00:00,34,31,31,8,58.77
2019-08-23 10:00:00,23,28,62,11,55.87
2019-08-23 11:00:00,9,15,39,7,55.3
2019-08-23 12:00:00,24,35,62,10,60.45
2019-08-23 13:00:00,9,26,37,15,55.0
2019-08-23 14:00:00,26,26,50,17,57.5
2019-08-23 15:00:00,29,17,43,10,72.97
2019-08-23 16:00:00,27,6,63,0,78.4
2019-08-23 17:00:00,18,26,65,11,63.15
2019-08-23 18:00:00,37,18,58,4,71.73
2019-08-23 19:00:00,30,30,61,4,62.34
2019-08-23 20:00:00,17,19,58,15,57.09
2019-08-23 21:00:00,24,41,40,8,59.17
2019-08-23 22:00:00,12,31,64,14,57.63
2019-08-23 23:00:00,43,22,49,6,71.07
2019-08-24 00:00:00,36,32,42,10,72.54
2019-08-24 01:00:00,18,29,37,11,57.48
2019-08-24 02:00:00,33,28,56,16,68.22
2019-08-24 03:00:00,33,27,40,3,61.26
2019-08-24 04:00:00,31,40,54,10,61.5
2019-08-24 05:00:00,10,17,32,7,59.35
2019-08-24 06:00:00,41,21,53,8,72.94
2019-08-24 07:00:00,44,15,53,15,75.24
2019-08-24 08:00:00,45,27,49,2,79.89
2019-08-24 09:00:00,45,42,54,9,55.88
2019-08-24 10:00:00,43,28,66,6,64.9
2019-08-24 11:00:00,36,13,61,16,74.07
2019-08-24 12:00:00,10,40,46,3,55.0
2019-08-24 13:00:00,25,35,62,4,55.0
2019-08-24 14:00:00,17,22,65,1,61.21
2019-08-24 15:00:00,16,11,35,7,62.32
2019-08-24 16:00:00,39,20,43,0,71.27
2019-08-24 17:00:00,38,35,57,9,63.74
2019-08-24 18:00:00,27,27,49,4,58.96
2019-08-24 19:00:00,35,12,34,7,73.03
2019-08-24 20:00:00,12,11,47,10,64.01
2019-08-24 21:00:00,16,41,43,12,55.0
2019-08-24 22:00:00,40,22,57,1,78.03
2019-08-24 23:00:00,25,31,49,2,59.07
2019-08-25 00:00:00,28,19,35,5,73.17
2019-08-25 01:00:00,25,9,31,9,66.59
2019-08-25 02:00:00,15,21,40,15,60.38
2019-08-25 03:00:00,39,31,35,2,63.58
2019-08-25 04:00:00,36,18,62,1,71.98
2019-08-25 05:00:00,33,28,40,11,72.68
2019-08-25 06:00:00,21,22,53,17,55.93
2019-08-25 07:00:00,32,18,34,14,63.72
2019-08-25 08:00:00,44,15,46,10,77.4
2019-08-25 09:00:00,32,15,64,0,67.75
2019-08-25 10:00:00,26,15,53,10,65.14
2019-08-25 11:00:00,18,32,40,8,55.0
2019-08-25 12:00:00,27,18,57,8,65.83
2019-08-25 13:00:00,22,33,48,8,55.0
2019-08-25 14:00:00,31,17,38,10,64.13
2019-08-25 15:00:00,9,18,66,12,57.65
2019-08-25 16:00:00,15,40,64,3,55.0
2019-08-25 17:00:00,37,38,50,1,60.43
2019-08-25 18:00:00,22,20,31,0,62.7
2019-08-25 19:00:00,24,15,45,7,69.12
2019-08-25 20:00:00,28,32,49,9,61.64
2019-08-25 21:00:00,24,8,64,14,73.02
2019-08-25 22:00:00,36,22,57,7,77.33
2019-08-25 23:00:00,17,28,38,9,60.33
2019-08-26 00:00:00,36,31,48,17,61.73
2019-08-26 01:00:00,15,9,36,13,65.94
2019-08-26 02:00:00,22,6,47,12,73.47
2019-08-26 03:00:00,30,16,49,6,72.98
2019-08-26 04:00:00,41,10,48,2,86.92
2019-08-26 05:00:00,16,24,45,16,72.07
2019-08-26 06:00:00,30,40,46,9,55.0
2019-08-26 07:00:00,10,16,59,1,60.65
2019-08-26 08:00:00,10,22,48,8,55.0
2019-08-26 09:00:00,37,13,31,1,70.4
2019-08-26 10:00:00,35,7,57,17,77.37
2019-08-26 11:00:00,22,32,52,9,55.0
2019-08-26 12:00:00,31,15,55,14,66.35
2019-08-26 13:00:00,22,26,56,8,57.17
2019-08-26 14:00:00,18,31,36,0,55.0
2019-08-26 15:00:00,24,37,65,11,56.01
2019-08-26 16:00:00,19,12,66,11,66.95
2019-08-26 17:00:00,38,27,35,4,64.05
2019-08-26 18:00:00,23,39,38,12,64.28
2019-08-26 19:00:00,20,23,39,4,62.85
2019-08-26 20:00:00,28,7,65,12,81.35
2019-08-26 21:00:00,36,15,64,13,77.1
2019-08-26 22:00:00,18,35,39,2,57.21
2019-08-26 23:00:00,43,35,53,5,72.77
2019-08-27 00:00:00,25,17,39,2,64.09
2019-08-27 01:00:00,33,13,31,13,74.52
2019-08-27 02:00:00,44,16,38,4,79.09
2019-08-27 03:00:00,24,14,32,11,68.42
2019-08-27 04:00:00,15,33,61,7,55.0
2019-08-27 05:00:00,36,37,59,1,65.63
2019-08-27 06:00:00,8,7,36,15,68.68
2019-08-27 07:00:00,25,33,50,12,58.9
2019-08-27 08:00:00,45,33,37,4,62.26
2019-08-27 09:00:00,23,28,50,15,55.0
2019-08-27 10:00:00,33,38,63,12,57.08
2019-08-27 11:00:00,27,7,62,14,66.13
2019-08-27 12:00:00,16,31,60,3,55.0
2019-08-27 13:00:00,20,10,38,0,69.3
2019-08-27 14:00:00,27,39,37,1,55.0
2019-08-27 15:00:00,11,24,35,9,55.0
2019-08-27 16:00:00,23,9,34,14,66.07
2019-08-27 17:00:00,23,33,52,16,55.0
2019-08-27 18:00:00,39,33,54,17,68.4
2019-08-27 19:00:00,12,23,62,10,57.6
2019-08-27 20:00:00,40,17,33,11,73.9
2019-08-27 21:00:00,23,6,39,5,68.89
2019-08-27 22:00:00,32,39,56,0,64.84
2019-08-27 23:00:00,29,12,55,3,82.4
2019-08-28 00:00:00,19,37,45,1,61.1
2019-08-28 01:00:00,43,27,35,12,81.78
2019-08-28 02:00:00,16,31,47,9,56.82
2019-08-28 03:00:00,9,31,36,13,57.26
2019-08-28 04:00:00,36,37,49,2,61.36
2019-08-28 05:00:00,31,7,63,16,82.67
2019-08-28 06:00:00,41,42,37,12,68.9
2019-08-28 07:00:00,25,7,34,16,73.3
2019-08-28 08:00:00,8,42,57,11,55.0
2019-08-28 09:00:00,8,15,30,6,55.0
2019-08-28 10:00:00,24,37,66,11,55.0
2019-08-28 11:00:00,17,9,58,10,61.36
2019-08-28 12:00:00,43,23,44,3,70.21
2019-08-28 13:00:00,12,26,43,1,55.0
2019-08-28 14:00:00,41,41,44,11,59.78
2019-08-28 15:00:00,16,10,44,1,61.79
2019-08-28 16:00:00,12,7,61,1,63.81
2019-08-28 17:00:00,18,29,59,1,59.24
2019-08-28 18:00:00,13,7,37,11,65.53
2019-08-28 19:00:00,23,34,36,16,55.0
2019-08-28 20:00:00,20,7,50,8,65.98
2019-08-28 21:00:00,28,41,54,2,58.22
2019-08-28 22:00:00,28,25,56,9,64.79
2019-08-28 23:00:00,8,41,41,8,55.0
2019-08-29 00:00:00,12,10,47,10,67.13
2019-08-29 01:00:00,14,16,33,7,64.48
2019-08-29 02:00:00,15,22,46,9,60.5
2019-08-29 03:00:00,11,7,55,5,78.17
2019-08-29 04:00:00,19,9,41,16,65.33
2019-08-29 05:00:00,28,18,41,9,74.12
2019-08-29 06:00:00,19,33,47,5,55.0
2019-08-29 07:00:00,20,32,62,0,55.0
2019-08-29 08:00:00,25,9,52,12,72.62
2019-08-29 09:00:00,28,8,64,6,70.93
2019-08-29 10:00:00,20,30,32,4,55.0
2019-08-29 11:00:00,16,19,61,8,65.78
2019-08-29 12:00:00,23,35,31,8,55.0
2019-08-29 13:00:00,8,17,41,14,55.0
2019-08-29 14:00:00,26,19,45,9,63.73
2019-08-29 15:00:00,43,14,38,12,80.72
2019-08-29 16:00:00,23,15,66,11,65.68
2019-08-29 17:00:00,12,32,63,15,63.3
2019-08-29 18:00:00,34,23,51,0,72.71
2019-08-29 19:00:00,12,30,46,6,55.0
2019-08-29 20:00:00,15,8,58,12,64.61
2019-08-29 21:00:00,13,25,56,2,61.65
2019-08-29 22:00:00,41,22,47,7,72.99
2019-08-29 23:00:00,45,39,60,7,74.36
2019-08-30 00:00:00,29,21,37,14,68.26
2019-08-30 01:00:00,31,9,40,17,73.14
2019-08-30 02:00:00,32,31,30,1,61.07
2019-08-30 03:00:00,31,11,34,3,78.47
2019-08-30 04:00:00,28,39,37,13,55.0
2019-08-30 05:00:00,45,20,53,3,81.88
2019-08-30 06:00:00,35,35,61,8,67.88
2019-08-30 07:00:00,11,30,51,16,55.0
2019-08-30 08:00:00,22,23,46,17,55.0
2019-08-30 09:00:00,45,27,39,17,70.32
2019-08-30 10:00:00,23,12,33,2,60.99
2019-08-30 11:00:00,15,8,51,2,56.02
2019-08-30 12:00:00,41,34,35,3,67.97
2019-08-30 13:00:00,31,41,59,13,55.0
2019-08-30 14:00:00,29,37,45,3,55.0
2019-08-30 15:00:00,23,17,42,7,62.94
2019-08-30 16:00:00,12,19,30,14,55.0
2019-08-30 17:00:00,22,19,38,8,67.71
2019-08-30 18:00:00,24,31,30,16,55.11
2019-08-30 19:00:00,43,29,56,8,70.46
2019-08-30 20:00:00,19,35,48,6,57.07
2019-08-30 21:00:00,13,40,59,17,55.0
2019-08-30 22:00:00,24,20,50,9,69.5
2019-08-30 23:00:00,45,30,65,3,77.66
2019-08-31 00:00:00,26,24,59,11,68.99
2019-08-31 01:00:00,22,41,35,13,55.0
2019-08-31 02:00:00,33,19,34,15,75.16
2019-08-31 03:00:00,32,12,62,0,75.77
2019-08-31 04:00:00,19,20,39,1,65.65
2019-08-31 05:00:00,44,28,58,11,78.15
2019-08-31 06:00:00,30,41,53,13,55.0
2019-08-31 07:00:00,10,36,55,11,56.48
2019-08-31 08:00:00,23,6,39,6,64.98
2019-08-31 09:00:00,43,24,41,13,65.38
2019-08-31 10:00:00,22,11,50,10,66.14
2019-08-31 11:00:00,29,19,30,16,62.75
2019-08-31 12:00:00,31,40,41,6,55.0
2019-08-31 13:00:00,34,42,48,13,56.16
2019-08-31 14:00:00,41,11,37,2,74.14
2019-08-31 15:00:00,13,11,40,13,67.01
2019-08-31 16:00:00,27,31,66,13,58.77
2019-08-31 17:00:00,28,21,40,4,60.1
2019-08-31 18:00:00,13,22,63,1,55.97
2019-08-31 19:00:00,33,38,64,17,63.53
2019-08-31 20:00:00,12,40,54,1,55.0
2019-08-31 21:00:00,25,39,35,8,56.64
2019-08-31 22:00:00,20,34,37,0,55.0
2019-08-31 23:00:00,13,42,64,7,56.06
2019-09-01 00:00:00,39,32,30,14,76.16
2019-09-01 01:00:00,17,38,48,9,55.0
2019-09-01 02:00:00,17,25,52,4,69.0
2019-09-01 03:00:00,40,7,61,7,87.96
2019-09-01 04:00:00,41,36,63,1,77.24
2019-09-01 05:00:00,9,40,40,10,55.0
2019-09-01 06:00:00,18,17,48,0,62.96
2019-09-01 07:00:00,34,21,53,6,71.72
2019-09-01 08:00:00,37,27,65,1,65.08
2019-09-01 09:00:00,45,30,50,4,68.76
2019-09-01 10:00:00,29,30,34,1,61.34
2019-09-01 11:00:00,8,20,64,16,55.79
2019-09-01 12:00:00,41,37,48,13,59.44
2019-09-01 13:00:00,14,36,36,16,55.0
2019-09-01 14:00:00,12,40,37,12,55.0
2019-09-01 15:00:00,33,27,37,8,63.78
2019-09-01 16:00:00,30,8,56,3,75.51
2019-09-01 17:00:00,10,37,65,17,55.0
2019-09-01 18:00:00,14,8,46,16,61.66
2019-09-01 19:00:00,30,13,33,7,68.22
2019-09-01 20:00:00,17,16,62,4,67.91
2019-09-01 21:00:00,33,12,53,6,80.42
2019-09-01 22:00:00,23,32,51,7,63.92
2019-09-01 23:00:00,30,22,32,16,66.31
2019-09-02 00:00:00,26,14,65,1,75.0
2019-09-02 01:00:00,21,6,32,11,69.1
2019-09-02 02:00:00,21,14,52,13,65.38
2019-09-02 03:00:00,34,31,52,13,68.36
2019-09-02 04:00:00,27,35,49,3,66.18
2019-09-02 05:00:00,30,16,50,7,72.26
2019-09-02 06:00:00,29,8,44,6,81.58
2019-09-02 07:00:00,15,26,51,7,55.23
2019-09-02 08:00:00,42,34,43,1,64.57
2019-09-02 09:00:00,29,8,47,1,67.1
2019-09-02 10:00:00,35,35,55,0,58.21
2019-09-02 11:00:00,41,12,57,17,70.54
2019-09-02 12:00:00,43,15,35,7,66.22
2019-09-02 13:00:00,33,29,66,4,57.76
2019-09-02 14:00:00,37,7,33,14,74.24
2019-09-02 15:00:00,25,17,40,8,60.27
2019-09-02 16:00:00,36,11,42,6,71.7
2019-09-02 17:00:00,20,13,41,2,66.42
2019-09-02 18:00:00,35,34,43,6,56.65
2019-09-02 19:00:00,11,14,41,11,61.94
2019-09-02 20:00:00,42,7,46,11,87.49
2019-09-02 21:00:00,17,13,58,7,72.92
2019-09-02 22:00:00,32,9,60,11,82.61
2019-09-02 23:00:00,8,29,42,13,55.0
2019-09-03 00:00:00,13,41,39,16,55.0
2019-09-03 01:00:00,45,12,55,9,86.61
2019-09-03 02:00:00,39,32,32,4,76.5
2019-09-03 03:00:00,16,19,46,2,66.16
2019-09-03 04:00:00,12,8,38,2,66.76
2019-09-03 05:00:00,38,31,52,0,71.41
2019-09-03 06:00:00,45,13,32,10,79.94
2019-09-03 07:00:00,14,25,60,3,58.63
2019-09-03 08:00:00,33,24,39,4,64.55
2019-09-03 09:00:00,18,28,49,13,55.0
2019-09-03 10:00:00,36,10,51,5,78.43
2019-09-03 11:00:00,23,15,47,14,55.89
2019-09-03 12:00:00,12,33,46,2,55.0
2019-09-03 13:00:00,20,40,39,6,55.0
2019-09-03 14:00:00,28,6,58,0,65.32
2019-09-03 15:00:00,38,21,49,9,66.11
2019-09-03 16:00:00,8,38,37,2,55.0
2019-09-03 17:00:00,44,16,39,4,77.48
2019-09-03 18:00:00,32,22,46,13,72.0
2019-09-03 19:00:00,41,39,61,15,70.53
2019-09-03 20:00:00,43,41,65,9,62.6
2019-09-03 21:00:00,13,30,44,17,58.68
2019-09-03 22:00:00,11,31,44,13,59.15
2019-09-03 23:00:00,37,28,34,13,72.51
2019-09-04 00:00:00,15,16,50,17,70.13
2019-09-04 01:00:00,13,38,38,1,55.0
2019-09-04 02:00:00,25,7,60,4,75.01
2019-09-04 03:00:00,42,8,49,7,91.42
2019-09-04 04:00:00,38,28,38,11,69.6
2019-09-04 05:00:00,27,36,63,17,70.58
2019-09-04 06:00:00,15,36,60,1,55.0
2019-09-04 07:00:00,20,31,41,4,62.31
2019-09-04 08:00:00,34,19,34,5,66.13
2019-09-04 09:00:00,13,19,39,12,60.04
2019-09-04 10:00:00,27,21,43,17,61.69
2019-09-04 11:00:00,8,15,45,16,55.94
2019-09-04 12:00:00,20,21,60,13,62.5
2019-09-04 13:00:00,17,9,65,13,63.27
2019-09-04 14:00:00,33,17,57,7,72.98
2019-09-04 15:00:00,42,40,61,10,62.12
2019-09-04 16:00:00,13,32,34,3,55.0
2019-09-04 17:00:00,38,11,35,9,65.77
2019-09-04 18:00:00,32,16,63,5,72.92
2019-09-04 19:00:00,44,15,52,16,86.54
2019-09-04 20:00:00,42,16,38,6,82.3
2019-09-04 21:00:00,11,31,59,7,60.8
2019-09-04 22:00:00,36,39,36,7,65.23
2019-09-04 23:00:00,30,32,58,16,74.92
2019-09-05 00:00:00,12,24,62,16,63.77
2019-09-05 01:00:00,17,11,48,7,68.33
2019-09-05 02:00:00,43,11,54,17,88.84
2019-09-05 03:00:00,28,36,57,13,66.69
2019-09-05 04:00:00,20,31,62,15,63.44
2019-09-05 05:00:00,20,24,51,16,60.97
2019-09-05 06:00:00,39,27,40,5,70.25
2019-09-05 07:00:00,18,37,37,9,56.18
2019-09-05 08:00:00,14,36,43,5,55.0
2019-09-05 09:00:00,29,9,32,5,63.63
2019-09-05 10:00:00,45,20,55,8,71.36
2019-09-05 11:00:00,14,7,43,0,59.62
2019-09-05 12:00:00,17,20,56,3,55.0
2019-09-05 13:00:00,25,29,32,14,55.0
2019-09-05 14:00:00,15,13,41,2,67.39
2019-09-05 15:00:00,32,11,44,11,67.78
2019-09-05 16:00:00,17,24,33,13,55.0
2019-09-05 17:00:00,12,25,60,4,55.0
2019-09-05 18:00:00,17,32,52,8,58.94
2019-09-05 19:00:00,43,6,61,15,85.77
2019-09-05 20:00:00,43,15,59,15,80.67
2019-09-05 21:00:00,27,34,31,16,59.76
2019-09-05 22:00:00,23,31,62,11,66.57
2019-09-05 23:00:00,39,39,32,15,64.15
2019-09-06 00:00:00,15,36,62,7,55.0
2019-09-06 01:00:00,32,37,54,10,59.31
2019-09-06 02:00:00,33,24,60,12,66.95
2019-09-06 03:00:00,34,41,48,17,62.71
2019-09-06 04:00:00,16,21,35,6,64.2
2019-09-06 05:00:00,35,39,35,15,65.81
2019-09-06 06:00:00,31,20,34,9,60.39
2019-09-06 07:00:00,41,22,59,1,75.15
2019-09-06 08:00:00,14,31,49,11,55.0
2019-09-06 09:00:00,31,20,38,17,75.84
2019-09-06 10:00:00,39,11,34,8,77.92
2019-09-06 11:00:00,18,39,32,9,55.0
2019-09-06 12:00:00,36,22,39,16,67.79
2019-09-06 13:00:00,11,40,57,16,55.0
2019-09-06 14:00:00,35,20,63,7,66.52
2019-09-06 15:00:00,31,41,52,13,55.0
2019-09-06 16:00:00,15,28,66,11,55.0
2019-09-06 17:00:00,10,34,44,11,55.0
2019-09-06 18:00:00,36,33,42,12,69.57
2019-09-06 19:00:00,17,13,55,5,64.92
2019-09-06 20:00:00,26,36,34,5,55.0
2019-09-06 21:00:00,10,40,63,0,55.0
2019-09-06 22:00:00,44,30,58,15,75.86
2019-09-06 23:00:00,28,41,31,4,62.69
2019-09-07 00:00:00,43,37,36,12,73.35
2019-09-07 01:00:00,14,30,53,12,63.19
2019-09-07 02:00:00,15,23,57,12,63.69
2019-09-07 03:00:00,31,37,38,15,60.87
2019-09-07 04:00:00,30,12,57,15,79.81
2019-09-07 05:00:00,38,26,47,0,64.85
2019-09-07 06:00:00,43,36,54,15,64.32
2019-09-07 07:00:00,39,40,45,3,66.46
2019-09-07 08:00:00,13,15,46,11,55.0
2019-09-07 09:00:00,19,9,44,12,63.41
2019-09-07 10:00:00,42,18,35,0,72.16
2019-09-07 11:00:00,28,37,37,5,55.0
2019-09-07 12:00:00,40,25,36,16,68.78
2019-09-07 13:00:00,29,8,59,2,76.04
2019-09-07 14:00:00,9,10,45,4,58.8
2019-09-07 15:00:00,25,18,44,1,67.46
2019-09-07 16:00:00,39,18,61,3,68.52
2019-09-07 17:00:00,32,11,62,11,72.79
2019-09-07 18:00:00,13,24,38,15,64.2
2019-09-07 19:00:00,15,23,43,10,65.67
2019-09-07 20:00:00,40,13,45,5,73.32
2019-09-07 21:00:00,45,14,61,15,83.11
2019-09-07 22:00:00,36,30,54,6,69.97
2019-09-07 23:00:00,11,41,50,5,55.0
2019-09-08 00:00:00,31,42,38,9,64.41
2019-09-08 01:00:00,39,26,44,2,80.32
2019-09-08 02:00:00,32,7,31,6,77.96
2019-09-08 03:00:00,30,39,56,14,65.38
2019-09-08 04:00:00,25,41,63,10,59.4
2019-09-08 05:00:00,17,16,59,17,64.59
2019-09-08 06:00:00,18,20,41,13,55.0
2019-09-08 07:00:00,36,6,47,6,81.17
2019-09-08 08:00:00,10,35,65,13,55.0
2019-09-08 09:00:00,11,34,45,15,55.0
2019-09-08 10:00:00,23,6,61,11,64.69
2019-09-08 11:00:00,37,31,51,13,68.95
2019-09-08 12:00:00,32,21,48,9,64.02
2019-09-08 13:00:00,30,26,51,16,55.45
2019-09-08 14:00:00,28,14,38,4,59.46
2019-09-08 15:00:00,12,36,45,7,55.0
2019-09-08 16:00:00,20,20,41,4,61.74
2019-09-08 17:00:00,11,37,58,1,55.0
2019-09-08 18:00:00,36,11,52,11,77.86
2019-09-08 19:00:00,36,27,44,2,70.25
2019-09-08 20:00:00,17,17,60,4,65.87
2019-09-08 21:00:00,19,41,46,13,55.0
2019-09-08 22:00:00,20,26,65,4,68.0
2019-09-08 23:00:00,41,32,52,15,74.91
2019-09-09 00:00:00,26,9,62,0,80.32
2019-09-09 01:00:00,36,31,66,8,68.36
2019-09-09 02:00:00,25,9,42,1,69.57
2019-09-09 03:00:00,34,19,39,1,73.64
2019-09-09 04:00:00,28,14,60,14,77.67
2019-09-09 05:00:00,18,6,38,1,73.73
2019-09-09 06:00:00,41,27,57,16,73.74
2019-09-09 07:00:00,34,14,36,10,69.63
2019-09-09 08:00:00,37,24,62,8,65.88
2019-09-09 09:00:00,44,34,55,16,65.75
2019-09-09 10:00:00,17,12,49,6,61.72
2019-09-09 11:00:00,11,32,46,7,55.0
2019-09-09 12:00:00,30,16,53,7,64.58
2019-09-09 13:00:00,20,18,44,11,57.57
2019-09-09 14:00:00,24,27,44,15,65.07
2019-09-09 15:00:00,16,29,37,9,57.57
2019-09-09 16:00:00,23,30,35,5,55.0
2019-09-09 17:00:00,22,13,62,16,73.86
2019-09-09 18:00:00,21,27,57,10,55.91
2019-09-09 19:00:00,36,15,46,14,73.58
2019-09-09 20:00:00,30,16,60,7,72.67
2019-09-09 21:00:00,26,41,52,3,57.82
2019-09-09 22:00:00,12,9,52,17,71.23
2019-09-09 23:00:00,29,21,34,12,70.57
2019-09-10 00:00:00,14,22,49,5,66.4
2019-09-10 01:00:00,19,15,33,15,67.18
2019-09-10 02:00:00,23,35,55,0,63.23
2019-09-10 03:00:00,13,24,32,16,59.59
2019-09-10 04:00:00,22,32,49,10,55.03
2019-09-10 05:00:00,18,20,43,10,65.23
2019-09-10 06:00:00,40,39,34,0,63.27
2019-09-10 07:00:00,40,32,47,3,64.02
2019-09-10 08:00:00,8,18,37,12,55.0
2019-09-10 09:00:00,30,41,39,10,55.0
2019-09-10 10:00:00,32,38,62,2,56.96
2019-09-10 11:00:00,22,27,42,11,63.08
2019-09-10 12:00:00,25,6,44,13,77.65
2019-09-10 13:00:00,38,27,30,4,55.0
2019-09-10 14:00:00,22,31,41,12,56.14
2019-09-10 15:00:00,10,19,42,17,58.83
2019-09-10 16:00:00,22,11,56,8,67.47
2019-09-10 17:00:00,17,26,34,4,59.94
2019-09-10 18:00:00,22,35,64,17,64.8
2019-09-10 19:00:00,16,17,34,16,57.47
2019-09-10 20:00:00,13,22,54,8,62.17
2019-09-10 21:00:00,45,6,30,7,94.4
2019-09-10 22:00:00,12,32,60,15,55.0
2019-09-10 23:00:00,34,38,55,0,66.12
2019-09-11 00:00:00,35,34,60,5,68.43
2019-09-11 01:00:00,31,21,64,9,79.62
2019-09-11 02:00:00,42,7,60,11,93.08
2019-09-11 03:00:00,8,24,52,11,59.4
2019-09-11 04:00:00,19,40,61,6,56.1
2019-09-11 05:00:00,15,9,33,15,60.06
2019-09-11 06:00:00,29,13,53,11,78.96
2019-09-11 07:00:00,32,36,66,9,60.99
2019-09-11 08:00:00,42,27,43,16,68.9
2019-09-11 09:00:00,22,12,66,1,71.97
2019-09-11 10:00:00,16,6,48,12,66.36
2019-09-11 11:00:00,43,21,47,16,75.64
2019-09-11 12:00:00,33,28,41,11,63.93
2019-09-11 13:00:00,37,37,33,10,58.94
2019-09-11 14:00:00,24,38,62,6,55.01
2019-09-11 15:00:00,25,22,56,4,58.75
2019-09-11 16:00:00,22,21,44,9,61.27
2019-09-11 17:00:00,36,40,65,16,66.64
2019-09-11 18:00:00,16,34,36,8,55.0
2019-09-11 19:00:00,45,13,58,2,80.87
2019-09-11 20:00:00,14,31,46,8,55.0
2019-09-11 21:00:00,25,32,53,1,64.42
2019-09-11 22:00:00,19,14,31,16,74.53
2019-09-11 23:00:00,32,42,52,9,65.41
2019-09-12 00:00:00,33,16,55,3,69.16
2019-09-12 01:00:00,42,26,66,11,80.86
2019-09-12 02:00:00,37,24,42,9,72.0
2019-09-12 03:00:00,17,31,32,9,59.24
2019-09-12 04:00:00,15,39,32,10,55.0
2019-09-12 05:00:00,41,20,35,16,71.29
2019-09-12 06:00:00,26,20,41,15,65.63
2019-09-12 07:00:00,11,33,60,4,55.0
2019-09-12 08:00:00,39,41,37,4,60.1
2019-09-12 09:00:00,32,39,35,17,55.0
2019-09-12 10:00:00,8,33,31,11,55.0
2019-09-12 11:00:00,37,32,44,0,64.25
2019-09-12 12:00:00,31,34,52,9,62.01
2019-09-12 13:00:00,31,40,40,2,55.54
2019-09-12 14:00:00,40,6,48,0,75.53
2019-09-12 15:00:00,26,27,39,3,55.73
2019-09-12 16:00:00,25,7,59,4,69.34
2019-09-12 17:00:00,31,27,30,1,66.12
2019-09-12 18:00:00,15,20,37,15,56.17
2019-09-12 19:00:00,13,17,50,7,66.02
2019-09-12 20:00:00,40,38,61,9,70.52
2019-09-12 21:00:00,16,32,44,15,62.25
2019-09-12 22:00:00,27,26,32,15,70.42
2019-09-12 23:00:00,18,38,50,14,59.04
2019-09-13 00:00:00,16,9,40,3,63.95
2019-09-13 01:00:00,30,29,41,13,68.92
2019-09-13 02:00:00,38,11,64,17,83.09
2019-09-13 03:00:00,24,14,64,0,71.07
2019-09-13 04:00:00,13,12,39,15,69.63
2019-09-13 05:00:00,17,26,51,15,58.19
2019-09-13 06:00:00,14,29,50,15,55.0
2019-09-13 07:00:00,41,33,65,7,71.71
2019-09-13 08:00:00,20,22,65,3,59.01
2019-09-13 09:00:00,22,40,42,13,55.0
2019-09-13 10:00:00,10,19,30,11,55.0
2019-09-13 11:00:00,24,11,30,13,60.0
2019-09-13 12:00:00,42,7,30,4,72.29
2019-09-13 13:00:00,23,10,58,3,68.57
2019-09-13 14:00:00,32,22,57,16,60.71
2019-09-13 15:00:00,14,21,60,9,55.0
2019-09-13 16:00:00,13,37,35,15,55.0
2019-09-13 17:00:00,35,10,32,16,70.73
2019-09-13 18:00:00,10,15,36,8,58.26
2019-09-13 19:00:00,25,42,53,4,59.72
2019-09-13 20:00:00,20,7,30,16,70.17
2019-09-13 21:00:00,8,21,54,12,64.95
2019-09-13 22:00:00,28,13,62,11,75.55
2019-09-13 23:00:00,44,25,35,17,79.8
2019-09-14 00:00:00,10,42,57,4,55.0
2019-09-14 01:00:00,38,14,50,6,79.81
2019-09-14 02:00:00,28,19,64,0,68.35
2019-09-14 03:00:00,35,22,38,6,67.71
2019-09-14 04:00:00,11,35,38,8,55.0
2019-09-14 05:00:00,41,42,30,8,55.13
2019-09-14 06:00:00,8,9,56,2,62.52
2019-09-14 07:00:00,42,24,62,14,70.55
2019-09-14 08:00:00,32,33,30,8,57.97
2019-09-14 09:00:00,20,6,48,7,60.9
2019-09-14 10:00:00,8,35,56,15,55.0
2019-09-14 11:00:00,31,14,58,8,74.42
2019-09-14 12:00:00,11,25,64,16,56.98
2019-09-14 13:00:00,31,42,56,4,59.65
2019-09-14 14:00:00,37,29,64,15,63.9
2019-09-14 15:00:00,18,42,66,17,55.0
2019-09-14 16:00:00,17,28,64,13,56.88
2019-09-14 17:00:00,16,13,46,16,60.96
2019-09-14 18:00:00,16,31,45,13,55.0
2019-09-14 19:00:00,12,28,45,10,56.97
2019-09-14 20:00:00,17,17,65,13,64.64
2019-09-14 21:00:00,33,8,40,17,71.89
2019-09-14 22:00:00,19,29,57,10,58.89
2019-09-14 23:00:00,37,27,53,12,71.13
2019-09-15 00:00:00,39,34,32,1,67.56
2019-09-15 01:00:00,36,10,47,17,80.5
2019-09-15 02:00:00,28,25,37,13,71.78
2019-09-15 03:00:00,20,36,56,2,55.0
2019-09-15 04:00:00,43,38,46,5,66.05
2019-09-15 05:00:00,15,40,43,4,55.0
2019-09-15 06:00:00,25,13,32,5,71.89
2019-09-15 07:00:00,25,12,34,15,64.2
2019-09-15 08:00:00,36,27,58,8,64.19
2019-09-15 09:00:00,28,23,61,7,66.93
2019-09-15 10:00:00,38,14,40,14,75.66
2019-09-15 11:00:00,42,9,60,6,82.76
2019-09-15 12:00:00,22,11,50,15,57.04
2019-09-15 13:00:00,41,18,42,13,71.5
2019-09-15 14:00:00,14,33,46,4,55.0
2019-09-15 15:00:00,42,8,55,11,77.87
2019-09-15 16:00:00,14,9,63,8,64.13
2019-09-15 17:00:00,40,15,48,6,79.59
2019-09-15 18:00:00,22,38,42,16,56.62
2019-09-15 19:00:00,44,42,58,7,68.71
2019-09-15 20:00:00,12,22,49,2,59.54
2019-09-15 21:00:00,25,7,44,7,83.63
2019-09-15 22:00:00,42,6,47,9,83.86
2019-09-15 23:00:00,9,37,49,2,55.0
2019-09-16 00:00:00,18,22,35,13,62.74
2019-09-16 01:00:00,11,8,32,4,67.43
2019-09-16 02:00:00,20,36,54,1,63.71
2019-09-16 03:00:00,22,25,36,9,61.09
2019-09-16 04:00:00,31,18,49,2,74.26
2019-09-16 05:00:00,17,22,58,14,56.31
2019-09-16 06:00:00,14,14,37,1,66.03
2019-09-16 07:00:00,14,40,44,7,55.0
2019-09-16 08:00:00,43,35,66,0,65.63
2019-09-16 09:00:00,44,13,31,6,83.49
2019-09-16 10:00:00,16,33,57,16,55.0
2019-09-16 11:00:00,15,12,36,11,55.0
2019-09-16 12:00:00,10,22,63,9,55.0
2019-09-16 13:00:00,44,33,45,2,75.15
2019-09-16 14:00:00,34,7,30,5,79.87
2019-09-16 15:00:00,36,32,56,6,66.31
2019-09-16 16:00:00,19,14,35,10,55.0
2019-09-16 17:00:00,32,31,43,3,67.01
2019-09-16 18:00:00,10,24,48,17,55.0
2019-09-16 19:00:00,33,6,57,11,85.01
2019-09-16 20:00:00,30,34,45,5,59.66
2019-09-16 21:00:00,20,15,61,2,71.99
2019-09-16 22:00:00,34,41,47,10,60.19
2019-09-16 23:00:00,32,37,42,8,62.34
2019-09-17 00:00:00,24,13,42,12,76.18
2019-09-17 01:00:00,15,28,59,10,56.76
2019-09-17 02:00:00,8,19,54,11,71.67
2019-09-17 03:00:00,43,28,34,15,69.66
2019-09-17 04:00:00,18,26,57,9,58.16
2019-09-17 05:00:00,19,16,45,13,68.75
2019-09-17 06:00:00,33,30,42,6,69.96
2019-09-17 07:00:00,17,15,33,16,60.88
2019-09-17 08:00:00,22,39,66,7,55.0
2019-09-17 09:00:00,35,41,31,12,55.0
2019-09-17 10:00:00,30,12,66,17,67.42
2019-09-17 11:00:00,32,32,32,6,59.02
2019-09-17 12:00:00,8,40,48,1,55.0
2019-09-17 13:00:00,25,10,33,4,67.84
2019-09-17 14:00:00,26,33,48,4,57.45
2019-09-17 15:00:00,32,40,60,1,60.65
2019-09-17 16:00:00,13,14,51,9,59.6
2019-09-17 17:00:00,14,27,50,4,55.0
2019-09-17 18:00:00,36,35,34,1,63.51
2019-09-17 19:00:00,33,18,65,2,74.63
2019-09-17 20:00:00,38,14,43,4,79.7
2019-09-17 21:00:00,18,20,49,6,63.07
2019-09-17 22:00:00,45,18,63,17,86.55
2019-09-17 23:00:00,18,32,53,12,56.17
2019-09-18 00:00:00,32,19,57,12,74.76
2019-09-18 01:00:00,14,19,36,12,68.88
2019-09-18 02:00:00,42,40,47,14,64.34
2019-09-18 03:00:00,20,27,50,5,67.7
2019-09-18 04:00:00,38,40,36,1,58.28
2019-09-18 05:00:00,20,32,44,9,55.0
2019-09-18 06:00:00,38,38,60,0,59.19
2019-09-18 07:00:00,25,13,64,3,71.47
2019-09-18 08:00:00,10,40,60,13,55.0
2019-09-18 09:00:00,15,40,64,9,55.0
2019-09-18 10:00:00,33,7,66,12,81.02
2019-09-18 11:00:00,15,19,37,9,59.77
2019-09-18 12:00:00,18,21,61,9,55.79
2019-09-18 13:00:00,28,21,52,5,60.51
2019-09-18 14:00:00,17,34,61,3,55.17
2019-09-18 15:00:00,12,31,53,4,56.52
2019-09-18 16:00:00,31,13,34,14,66.1
2019-09-18 17:00:00,34,28,50,17,71.48
2019-09-18 18:00:00,35,42,58,1,55.0
2019-09-18 19:00:00,43,22,34,9,76.84
2019-09-18 20:00:00,12,40,48,8,55.0
2019-09-18 21:00:00,24,30,54,10,63.64
2019-09-18 22:00:00,16,40,47,4,55.0
2019-09-18 23:00:00,42,39,59,0,67.65
2019-09-19 00:00:00,28,6,34,3,80.3
2019-09-19 01:00:00,11,35,42,3,55.0
2019-09-19 02:00:00,34,12,65,0,84.76
2019-09-19 03:00:00,9,36,49,6,58.11
2019-09-19 04:00:00,18,35,36,12,55.53
2019-09-19 05:00:00,35,15,34,17,70.81
2019-09-19 06:00:00,27,8,51,11,69.52
2019-09-19 07:00:00,36,21,64,3,78.8
2019-09-19 08:00:00,29,17,31,6,72.25
2019-09-19 09:00:00,40,26,34,5,69.99
2019-09-19 10:00:00,29,9,43,3,70.16
2019-09-19 11:00:00,10,7,37,17,62.78
2019-09-19 12:00:00,10,22,34,11,56.04
2019-09-19 13:00:00,37,34,41,8,57.45
2019-09-19 14:00:00,9,17,53,7,55.64
2019-09-19 15:00:00,22,17,60,5,59.66
2019-09-19 16:00:00,8,12,41,7,57.65
2019-09-19 17:00:00,19,16,55,11,70.68
2019-09-19 18:00:00,30,17,60,16,75.98
2019-09-19 19:00:00,14,15,30,8,62.68
2019-09-19 20:00:00,25,18,61,3,59.95
2019-09-19 21:00:00,45,16,36,17,78.63
2019-09-19 22:00:00,10,31,55,5,56.78
2019-09-19 23:00:00,10,18,57,1,63.3
2019-09-20 00:00:00,18,33,61,9,59.96
2019-09-20 01:00:00,39,28,44,14,73.25
2019-09-20 02:00:00,23,29,54,4,61.34
2019-09-20 03:00:00,32,27,30,5,66.38
2019-09-20 04:00:00,9,40,46,5,55.0
2019-09-20 05:00:00,35,15,65,14,73.33
2019-09-20 06:00:00,10,42,35,17,55.0
2019-09-20 07:00:00,35,13,35,15,70.01
2019-09-20 08:00:00,13,11,55,4,55.0
2019-09-20 09:00:00,40,36,48,15,68.43
2019-09-20 10:00:00,19,39,46,5,55.0
2019-09-20 11:00:00,14,9,39,15,63.38
2019-09-20 12:00:00,20,28,36,17,55.0
2019-09-20 13:00:00,8,24,57,12,55.0
2019-09-20 14:00:00,14,14,43,17,57.69
2019-09-20 15:00:00,30,25,58,2,66.85
2019-09-20 16:00:00,19,31,46,11,55.0
2019-09-20 17:00:00,21,27,44,0,55.0
2019-09-20 18:00:00,38,25,38,11,69.46
2019-09-20 19:00:00,12,38,54,6,55.0
2019-09-20 20:00:00,23,14,40,17,60.96
2019-09-20 21:00:00,15,29,63,8,56.86
2019-09-20 22:00:00,26,17,45,13,82.3
2019-09-20 23:00:00,20,42,60,5,55.0
2019-09-21 00:00:00,9,15,47,1,63.69
2019-09-21 01:00:00,10,38,45,13,55.0
2019-09-21 02:00:00,40,29,46,3,78.72
2019-09-21 03:00:00,10,13,46,13,58.52
2019-09-21 04:00:00,37,34,47,8,65.84
2019-09-21 05:00:00,42,14,62,17,82.34
2019-09-21 06:00:00,25,15,56,6,67.21
2019-09-21 07:00:00,19,18,31,7,56.25
2019-09-21 08:00:00,37,31,32,13,60.99
2019-09-21 09:00:00,45,20,30,14,69.16
2019-09-21 10:00:00,12,27,55,2,55.0
2019-09-21 11:00:00,44,26,37,13,69.81
2019-09-21 12:00:00,43,13,44,8,74.84
2019-09-21 13:00:00,13,14,60,17,60.14
2019-09-21 14:00:00,10,17,34,11,55.0
2019-09-21 15:00:00,35,14,35,13,72.54
2019-09-21 16:00:00,10,39,32,6,55.0
2019-09-21 17:00:00,30,20,40,5,64.02
2019-09-21 18:00:00,10,20,33,14,57.91
2019-09-21 19:00:00,34,30,53,0,60.31
2019-09-21 20:00:00,16,35,57,10,55.0
2019-09-21 21:00:00,11,31,36,17,59.92
2019-09-21 22:00:00,10,26,49,17,55.49
2019-09-21 23:00:00,15,42,41,12,55.0
2019-09-22 00:00:00,28,39,32,8,55.0
2019-09-22 01:00:00,10,13,47,14,59.37
2019-09-22 02:00:00,38,11,55,0,78.46
2019-09-22 03:00:00,30,20,38,14,72.12
2019-09-22 04:00:00,19,36,59,3,55.0
2019-09-22 05:00:00,45,41,66,13,65.68
2019-09-22 06:00:00,33,31,32,6,58.38
2019-09-22 07:00:00,33,31,36,13,65.26
2019-09-22 08:00:00,14,14,40,10,62.29
2019-09-22 09:00:00,35,27,61,16,62.44
2019-09-22 10:00:00,29,12,35,14,68.75
2019-09-22 11:00:00,45,25,47,16,67.43
2019-09-22 12:00:00,26,13,49,2,63.26
2019-09-22 13:00:00,33,8,34,6,69.67
2019-09-22 14:00:00,20,41,31,7,55.0
2019-09-22 15:00:00,9,39,34,0,55.0
2019-09-22 16:00:00,12,31,32,0,55.0
2019-09-22 17:00:00,40,29,48,0,76.74
2019-09-22 18:00:00,36,14,64,13,76.29
2019-09-22 19:00:00,21,27,43,8,59.37
2019-09-22 20:00:00,34,33,39,13,63.43
2019-09-22 21:00:00,8,25,38,15,56.61
2019-09-22 22:00:00,9,16,66,0,57.27
2019-09-22 23:00:00,27,20,65,15,78.56
2019-09-23 00:00:00,31,37,53,4,68.42
2019-09-23 01:00:00,43,15,47,7,79.87
2019-09-23 02:00:00,36,41,35,17,62.77
2019-09-23 03:00:00,17,33,64,5,56.55
2019-09-23 04:00:00,38,38,30,16,64.45
2019-09-23 05:00:00,26,24,36,9,64.11
2019-09-23 06:00:00,39,14,55,0,78.16
2019-09-23 07:00:00,14,7,36,14,60.17
2019-09-23 08:00:00,8,25,34,0,55.0
2019-09-23 09:00:00,10,20,52,11,59.1
2019-09-23 10:00:00,45,10,30,8,74.22
2019-09-23 11:00:00,11,40,39,2,55.0
2019-09-23 12:00:00,43,41,53,9,59.3
2019-09-23 13:00:00,35,19,36,6,75.7
2019-09-23 14:00:00,13,30,58,1,55.0
2019-09-23 15:00:00,40,21,33,9,66.23
2019-09-23 16:00:00,13,24,52,0,55.0
2019-09-23 17:00:00,13,29,32,9,55.0
2019-09-23 18:00:00,29,21,57,4,61.07
2019-09-23 19:00:00,18,35,57,14,55.0
2019-09-23 20:00:00,19,13,59,17,71.04
2019-09-23 21:00:00,15,30,40,16,63.31
2019-09-23 22:00:00,31,42,38,16,57.89
2019-09-23 23:00:00,9,37,66,1,59.81
2019-09-24 00:00:00,17,7,56,9,71.52
2019-09-24 01:00:00,29,10,36,4,63.79
2019-09-24 02:00:00,26,29,31,1,67.26
2019-09-24 03:00:00,34,40,43,7,65.28
2019-09-24 04:00:00,16,37,54,7,57.98
2019-09-24 05:00:00,32,39,43,5,63.34
2019-09-24 06:00:00,36,11,59,2,79.36
2019-09-24 07:00:00,22,25,48,7,59.89
2019-09-24 08:00:00,17,32,66,2,55.0
2019-09-24 09:00:00,29,29,62,0,60.11
2019-09-24 10:00:00,29,34,47,8,55.39
2019-09-24 11:00:00,11,13,60,1,55.0
2019-09-24 12:00:00,29,22,46,17,58.03
2019-09-24 13:00:00,13,22,30,15,55.0
2019-09-24 14:00:00,29,40,41,16,55.0
2019-09-24 15:00:00,43,13,45,1,68.72
2019-09-24 16:00:00,28,18,66,8,67.45
2019-09-24 17:00:00,36,6,60,14,79.76
2019-09-24 18:00:00,19,11,35,10,65.58
2019-09-24 19:00:00,43,42,30,5,55.0
2019-09-24 20:00:00,38,37,49,14,72.85
2019-09-24 21:00:00,42,15,49,5,76.13
2019-09-24 22:00:00,36,31,57,17,68.01
2019-09-24 23:00:00,32,27,39,1,64.89
2019-09-25 00:00:00,27,39,60,12,68.27
2019-09-25 01:00:00,43,17,45,0,84.0
2019-09-25 02:00:00,40,42,42,16,64.27
2019-09-25 03:00:00,23,19,45,6,66.88
2019-09-25 04:00:00,11,32,64,0,56.99
2019-09-25 05:00:00,8,20,44,15,55.0
2019-09-25 06:00:00,16,30,50,17,57.99
2019-09-25 07:00:00,10,18,63,16,57.71
2019-09-25 08:00:00,16,37,30,8,55.0
2019-09-25 09:00:00,12,29,49,1,55.0
2019-09-25 10:00:00,45,16,56,4,74.45
2019-09-25 11:00:00,11,41,63,0,55.0
2019-09-25 12:00:00,31,32,32,0,56.33
2019-09-25 13:00:00,21,21,56,2,55.0
2019-09-25 14:00:00,14,11,59,10,63.14
2019-09-25 15:00:00,34,42,42,13,55.0
2019-09-25 16:00:00,44,33,57,10,66.32
2019-09-25 17:00:00,38,30,48,3,62.02
2019-09-25 18:00:00,45,36,54,10,74.27
2019-09-25 19:00:00,30,28,44,4,64.02
2019-09-25 20:00:00,33,14,36,8,84.88
2019-09-25 21:00:00,13,14,60,16,67.94
2019-09-25 22:00:00,40,8,38,2,85.87
2019-09-25 23:00:00,36,8,36,15,82.67
2019-09-26 00:00:00,17,32,62,4,62.34
2019-09-26 01:00:00,21,37,64,12,64.84
2019-09-26 02:00:00,31,12,52,4,82.48
2019-09-26 03:00:00,8,27,51,2,55.0
2019-09-26 04:00:00,39,10,43,8,84.44
2019-09-26 05:00:00,18,21,52,6,65.22
2019-09-26 06:00:00,10,35,52,9,55.0
2019-09-26 07:00:00,20,36,49,4,60.31
2019-09-26 08:00:00,39,41,54,17,67.58
2019-09-26 09:00:00,18,17,50,12,64.51
2019-09-26 10:00:00,28,41,62,15,55.0
2019-09-26 11:00:00,38,34,54,14,57.0
2019-09-26 12:00:00,9,18,44,13,56.49
2019-09-26 13:00:00,36,18,54,2,74.91
2019-09-26 14:00:00,18,9,38,10,55.26
2019-09-26 15:00:00,34,40,37,16,60.08
2019-09-26 16:00:00,15,13,60,1,62.35
2019-09-26 17:00:00,13,15,51,8,55.0
2019-09-26 18:00:00,37,21,31,3,72.3
2019-09-26 19:00:00,38,11,43,14,82.47
2019-09-26 20:00:00,45,35,66,16,71.47
2019-09-26 21:00:00,33,31,53,0,63.87
2019-09-26 22:00:00,25,11,62,14,83.17
2019-09-26 23:00:00,15,12,50,6,66.84
2019-09-27 00:00:00,19,6,31,17,76.87
2019-09-27 01:00:00,32,41,36,0,55.0
2019-09-27 02:00:00,21,22,33,3,65.79
2019-09-27 03:00:00,26,30,57,12,65.71
2019-09-27 04:00:00,14,11,57,14,70.57
2019-09-27 05:00:00,24,14,46,1,74.72
2019-09-27 06:00:00,17,26,56,2,55.0
2019-09-27 07:00:00,12,13,50,6,62.85
2019-09-27 08:00:00,13,28,57,0,55.0
2019-09-27 09:00:00,27,40,54,14,55.0
2019-09-27 10:00:00,21,17,46,12,58.07
2019-09-27 11:00:00,11,28,54,13,55.0
2019-09-27 12:00:00,27,39,41,8,57.19
2019-09-27 13:00:00,14,39,57,11,55.0
2019-09-27 14:00:00,8,6,63,10,59.56
2019-09-27 15:00:00,13,10,37,12,60.87
2019-09-27 16:00:00,25,42,54,8,55.05
2019-09-27 17:00:00,44,40,34,11,64.98
2019-09-27 18:00:00,17,17,43,11,61.1
2019-09-27 19:00:00,18,25,54,11,60.5
2019-09-27 20:00:00,17,27,40,15,57.79
2019-09-27 21:00:00,21,30,38,6,58.68
2019-09-27 22:00:00,35,33,44,15,65.51
2019-09-27 23:00:00,20,19,34,0,65.3
2019-09-28 00:00:00,32,38,53,8,61.71
2019-09-28 01:00:00,42,8,34,7,78.74
2019-09-28 02:00:00,43,7,42,15,88.18
2019-09-28 03:00:00,29,41,41,0,59.58
2019-09-28 04:00:00,35,12,65,3,85.74
2019-09-28 05:00:00,42,42,66,8,66.07
2019-09-28 06:00:00,37,16,32,14,69.91
2019-09-28 07:00:00,19,19,35,8,56.66
2019-09-28 08:00:00,13,7,57,11,63.77
2019-09-28 09:00:00,12,40,41,3,55.0
2019-09-28 10:00:00,41,19,53,16,69.35
2019-09-28 11:00:00,29,12,64,14,62.35
2019-09-28 12:00:00,19,23,36,0,55.0
2019-09-28 13:00:00,21,11,65,12,64.56
2019-09-28 14:00:00,18,35,31,2,55.0
2019-09-28 15:00:00,38,8,38,10,68.0
2019-09-28 16:00:00,31,24,48,12,64.29
2019-09-28 17:00:00,41,20,62,16,74.3
2019-09-28 18:00:00,19,7,50,1,66.62
2019-09-28 19:00:00,25,7,35,5,69.05
2019-09-28 20:00:00,12,25,39,12,55.0
2019-09-28 21:00:00,44,20,58,4,79.58
2019-09-28 22:00:00,27,10,50,12,79.58
2019-09-28 23:00:00,29,11,30,3,78.87
2019-09-29 00:00:00,23,35,48,2,55.27
2019-09-29 01:00:00,18,33,45,9,56.91
2019-09-29 02:00:00,44,28,30,12,63.98
2019-09-29 03:00:00,26,36,39,3,59.08
2019-09-29 04:00:00,33,8,64,15,81.85
2019-09-29 05:00:00,9,31,56,15,58.01
2019-09-29 06:00:00,18,33,32,1,55.0
2019-09-29 07:00:00,38,13,30,5,68.29
2019-09-29 08:00:00,11,25,42,10,55.0
2019-09-29 09:00:00,11,34,47,8,55.0
2019-09-29 10:00:00,38,28,46,4,63.95
2019-09-29 11:00:00,19,15,55,9,62.91
2019-09-29 12:00:00,18,30,36,17,55.0
2019-09-29 13:00:00,29,34,31,5,55.0
2019-09-29 14:00:00,15,6,54,3,58.67
2019-09-29 15:00:00,9,26,63,13,56.33
2019-09-29 16:00:00,8,24,36,10,55.0
2019-09-29 17:00:00,11,19,43,12,55.0
2019-09-29 18:00:00,14,7,53,11,61.26
2019-09-29 19:00:00,34,9,36,13,77.13
2019-09-29 20:00:00,19,33,61,13,63.14
2019-09-29 21:00:00,10,36,38,10,55.0
2019-09-29 22:00:00,8,21,49,8,56.95
2019-09-29 23:00:00,26,40,42,8,55.0
2019-09-30 00:00:00,39,40,54,4,73.57
2019-09-30 01:00:00,20,30,37,8,55.0
2019-09-30 02:00:00,10,27,33,10,60.99
2019-09-30 03:00:00,16,41,48,12,55.0
2019-09-30 04:00:00,26,28,62,13,65.06
2019-09-30 05:00:00,15,40,53,6,55.0
2019-09-30 06:00:00,45,42,57,13,66.31
2019-09-30 07:00:00,37,13,46,7,71.72
2019-09-30 08:00:00,21,30,35,6,58.53
2019-09-30 09:00:00,44,33,45,2,69.76
2019-09-30 10:00:00,20,36,66,4,55.0
2019-09-30 11:00:00,13,18,58,12,59.37
2019-09-30 12:00:00,43,37,56,3,60.97
2019-09-30 13:00:00,44,24,41,1,68.96
2019-09-30 14:00:00,19,20,52,4,64.85
2019-09-30 15:00:00,30,11,53,17,67.87
2019-09-30 16:00:00,14,17,54,2,63.21
2019-09-30 17:00:00,32,42,63,2,59.46
2019-09-30 18:00:00,34,32,55,7,63.82
2019-09-30 19:00:00,34,32,38,6,65.53
2019-09-30 20:00:00,29,39,38,16,59.54
2019-09-30 21:00:00,34,15,52,4,72.2
2019-09-30 22:00:00,29,30,62,7,65.12
2019-09-30 23:00:00,39,19,65,5,75.67
2019-10-01 00:00:00,14,37,52,4,55.0
2019-10-01 01:00:00,26,21,49,5,76.32
2019-10-01 02:00:00,23,37,60,4,63.46
2019-10-01 03:00:00,28,33,66,12,60.24
2019-10-01 04:00:00,13,34,31,14,55.0
2019-10-01 05:00:00,20,40,41,3,55.0
2019-10-01 06:00:00,44,35,42,8,71.06
2019-10-01 07:00:00,11,17,50,4,56.87
2019-10-01 08:00:00,32,25,40,15,59.59
2019-10-01 09:00:00,33,23,41,1,65.13
2019-10-01 10:00:00,26,8,30,7,70.22
2019-10-01 11:00:00,9,27,30,5,55.0
2019-10-01 12:00:00,9,22,46,6,55.0
2019-10-01 13:00:00,18,20,66,16,67.11
2019-10-01 14:00:00,11,10,40,9,59.2
2019-10-01 15:00:00,11,24,38,6,55.0
2019-10-01 16:00:00,14,27,39,14,55.0
2019-10-01 17:00:00,15,9,66,13,72.1
2019-10-01 18:00:00,39,29,54,2,72.13
2019-10-01 19:00:00,32,12,54,8,77.76
2019-10-01 20:00:00,9,11,37,7,59.18
2019-10-01 21:00:00,31,20,63,8,78.85
2019-10-01 22:00:00,13,20,37,6,65.71
2019-10-01 23:00:00,24,39,65,14,65.59
2019-10-02 00:00:00,9,8,65,17,70.87
2019-10-02 01:00:00,11,18,51,0,64.47
2019-10-02 02:00:00,13,33,62,15,57.54
2019-10-02 03:00:00,24,15,66,15,83.02
2019-10-02 04:00:00,25,42,51,6,55.0
2019-10-02 05:00:00,21,33,58,8,55.0
2019-10-02 06:00:00,31,41,51,1,57.28
2019-10-02 07:00:00,35,41,49,6,57.47
2019-10-02 08:00:00,35,10,42,4,79.91
2019-10-02 09:00:00,30,22,54,16,60.36
2019-10-02 10:00:00,28,33,39,1,55.0
2019-10-02 11:00:00,26,6,37,6,70.29
2019-10-02 12:00:00,17,22,40,8,60.99
2019-10-02 13:00:00,26,31,30,17,57.93
2019-10-02 14:00:00,8,35,64,14,55.0
2019-10-02 15:00:00,44,21,39,16,73.92
2019-10-02 16:00:00,22,37,59,5,55.0
2019-10-02 17:00:00,36,30,46,4,69.33
2019-10-02 18:00:00,44,7,42,10,78.25
2019-10-02 19:00:00,26,16,38,6,62.8
2019-10-02 20:00:00,40,40,60,0,71.32
2019-10-02 21:00:00,26,6,49,14,79.09
2019-10-02 22:00:00,13,9,46,1,73.72
2019-10-02 23:00:00,9,18,54,3,60.56
2019-10-03 00:00:00,13,42,59,16,58.11
2019-10-03 01:00:00,43,32,54,13,77.0
2019-10-03 02:00:00,26,11,47,11,75.24
2019-10-03 03:00:00,20,20,63,2,68.83
2019-10-03 04:00:00,24,40,63,4,59.66
2019-10-03 05:00:00,17,14,65,3,64.41
2019-10-03 06:00:00,41,27,33,11,67.98
2019-10-03 07:00:00,45,23,62,9,76.98
2019-10-03 08:00:00,11,34,37,6,55.0
2019-10-03 09:00:00,35,33,52,13,55.76
2019-10-03 10:00:00,20,36,54,14,55.0
2019-10-03 11:00:00,9,10,37,13,60.67
2019-10-03 12:00:00,43,22,30,1,72.84
2019-10-03 13:00:00,10,31,64,10,55.0
2019-10-03 14:00:00,15,21,62,3,60.8
2019-10-03 15:00:00,8,30,36,4,55.0
2019-10-03 16:00:00,25,29,52,17,59.59
2019-10-03 17:00:00,30,19,35,7,58.43
2019-10-03 18:00:00,20,9,50,14,74.21
2019-10-03 19:00:00,10,41,41,4,55.0
2019-10-03 20:00:00,12,36,57,17,55.0
2019-10-03 21:00:00,43,39,51,4,64.59
2019-10-03 22:00:00,38,17,48,3,88.71
2019-10-03 23:00:00,43,17,55,5,84.43
2019-10-04 00:00:00,28,17,47,3,68.56
2019-10-04 01:00:00,28,7,30,10,73.64
2019-10-04 02:00:00,37,12,52,2,80.32
2019-10-04 03:00:00,31,17,58,3,76.33
2019-10-04 04:00:00,24,42,48,12,55.75
2019-10-04 05:00:00,19,13,36,0,61.83
2019-10-04 06:00:00,26,24,30,7,62.85
2019-10-04 07:00:00,10,26,40,12,55.0
2019-10-04 08:00:00,15,19,58,8,63.02
2019-10-04 09:00:00,36,39,41,0,56.97
2019-10-04 10:00:00,40,9,65,2,74.09
2019-10-04 11:00:00,11,38,42,17,55.0
2019-10-04 12:00:00,11,33,45,13,55.0
2019-10-04 13:00:00,11,17,58,6,55.0
2019-10-04 14:00:00,38,34,52,15,63.9
2019-10-04 15:00:00,19,21,31,0,58.81
2019-10-04 16:00:00,20,41,32,0,55.0
2019-10-04 17:00:00,8,7,37,15,63.41
2019-10-04 18:00:00,44,7,62,12,83.17
2019-10-04 19:00:00,24,26,30,10,55.0
2019-10-04 20:00:00,38,40,32,6,62.58
2019-10-04 21:00:00,34,8,58,14,82.13
2019-10-04 22:00:00,13,34,53,10,55.33
2019-10-04 23:00:00,38,40,66,7,55.28
2019-10-05 00:00:00,28,23,38,6,70.6
2019-10-05 01:00:00,30,38,54,6,58.53
2019-10-05 02:00:00,15,34,34,10,56.42
2019-10-05 03:00:00,40,13,51,11,86.76
2019-10-05 04:00:00,43,37,33,14,64.67
2019-10-05 05:00:00,23,31,63,7,61.65
2019-10-05 06:00:00,11,6,45,4,64.21
2019-10-05 07:00:00,40,27,39,10,68.82
2019-10-05 08:00:00,41,30,66,10,67.64
2019-10-05 09:00:00,27,35,32,5,55.0
2019-10-05 10:00:00,30,34,59,1,55.0
2019-10-05 11:00:00,16,23,48,5,59.8
2019-10-05 12:00:00,10,17,55,1,55.73
2019-10-05 13:00:00,43,13,39,1,76.21
2019-10-05 14:00:00,26,9,62,17,70.08
2019-10-05 15:00:00,18,29,46,14,56.1
2019-10-05 16:00:00,34,41,45,0,55.0
2019-10-05 17:00:00,8,8,46,6,60.6
2019-10-05 18:00:00,11,32,40,4,55.0
2019-10-05 19:00:00,17,27,41,17,61.77
2019-10-05 20:00:00,25,12,35,7,80.42
2019-10-05 21:00:00,21,13,47,4,70.74
2019-10-05 22:00:00,15,16,47,11,62.23
2019-10-05 23:00:00,21,31,44,8,55.29
2019-10-06 00:00:00,20,17,66,3,66.19
2019-10-06 01:00:00,27,36,34,5,56.76
2019-10-06 02:00:00,29,19,63,2,61.15
2019-10-06 03:00:00,41,10,62,12,80.79
2019-10-06 04:00:00,38,9,30,17,81.13
2019-10-06 05:00:00,19,20,55,14,63.48
2019-10-06 06:00:00,42,21,37,6,71.28
2019-10-06 07:00:00,27,33,31,8,55.0
2019-10-06 08:00:00,15,23,61,1,60.71
2019-10-06 09:00:00,20,12,34,6,63.73
2019-10-06 10:00:00,36,13,41,0,69.86
2019-10-06 11:00:00,39,26,33,13,55.0
2019-10-06 12:00:00,22,18,35,16,56.3
2019-10-06 13:00:00,13,30,32,3,55.0
2019-10-06 14:00:00,15,40,61,12,55.0
2019-10-06 15:00:00,11,19,32,10,55.0
2019-10-06 16:00:00,34,26,58,7,67.75
2019-10-06 17:00:00,27,36,35,13,55.07
2019-10-06 18:00:00,25,13,63,12,72.56
2019-10-06 19:00:00,33,24,61,4,65.9
2019-10-06 20:00:00,39,17,53,14,71.82
2019-10-06 21:00:00,38,29,60,11,73.1
2019-10-06 22:00:00,13,33,41,5,56.79
2019-10-06 23:00:00,30,11,58,13,79.73
2019-10-07 00:00:00,41,12,38,11,82.78
2019-10-07 01:00:00,37,6,52,2,83.3
2019-10-07 02:00:00,20,6,64,2,76.84
2019-10-07 03:00:00,22,7,56,5,76.55
2019-10-07 04:00:00,41,32,39,0,70.86
2019-10-07 05:00:00,9,39,57,7,58.79
2019-10-07 06:00:00,27,21,62,8,63.82
2019-10-07 07:00:00,12,38,62,13,61.64
2019-10-07 08:00:00,41,32,57,3,61.37
2019-10-07 09:00:00,9,35,57,10,55.0
2019-10-07 10:00:00,8,33,59,11,55.0
2019-10-07 11:00:00,20,13,57,8,64.43
2019-10-07 12:00:00,15,25,34,16,55.33
2019-10-07 13:00:00,26,25,59,5,60.23
2019-10-07 14:00:00,19,29,36,7,56.1
2019-10-07 15:00:00,21,35,50,0,55.0
2019-10-07 16:00:00,29,10,42,7,62.2
2019-10-07 17:00:00,29,30,37,0,62.49
2019-10-07 18:00:00,43,36,40,17,65.97
2019-10-07 19:00:00,26,10,33,4,69.35
2019-10-07 20:00:00,29,21,46,14,67.61
2019-10-07 21:00:00,33,39,45,2,64.01
2019-10-07 22:00:00,14,6,44,4,67.44
2019-10-07 23:00:00,33,11,33,2,79.25
2019-10-08 00:00:00,40,35,52,6,76.14
2019-10-08 01:00:00,20,12,36,10,79.53
2019-10-08 02:00:00,14,31,61,7,65.2
2019-10-08 03:00:00,21,39,30,10,55.87
2019-10-08 04:00:00,18,24,32,14,62.12
2019-10-08 05:00:00,30,23,41,0,66.45
2019-10-08 06:00:00,40,21,45,7,72.03
2019-10-08 07:00:00,30,19,65,10,73.81
2019-10-08 08:00:00,12,20,49,9,55.96
2019-10-08 09:00:00,19,26,44,2,57.77
2019-10-08 10:00:00,34,39,60,3,55.0
2019-10-08 11:00:00,20,42,38,6,55.0
2019-10-08 12:00:00,30,38,63,11,55.05
2019-10-08 13:00:00,34,10,44,17,76.54
2019-10-08 14:00:00,20,17,41,6,57.98
2019-10-08 15:00:00,32,34,41,9,55.73
2019-10-08 16:00:00,23,26,30,5,63.35
2019-10-08 17:00:00,13,18,54,0,57.92
2019-10-08 18:00:00,22,17,51,7,60.52
2019-10-08 19:00:00,24,10,53,6,68.94
2019-10-08 20:00:00,8,18,54,2,64.52
2019-10-08 21:00:00,41,21,31,12,79.26
2019-10-08 22:00:00,28,21,62,4,69.84
2019-10-08 23:00:00,9,26,48,4,56.21
2019-10-09 00:00:00,40,16,55,7,85.06
2019-10-09 01:00:00,40,13,31,17,86.73
2019-10-09 02:00:00,8,38,58,11,55.0
2019-10-09 03:00:00,14,20,55,7,66.77
2019-10-09 04:00:00,21,15,43,14,72.51
2019-10-09 05:00:00,27,29,64,0,74.25
2019-10-09 06:00:00,35,26,54,6,64.9
2019-10-09 07:00:00,24,27,63,9,59.98
2019-10-09 08:00:00,31,14,60,8,70.24
2019-10-09 09:00:00,8,32,37,12,55.0
2019-10-09 10:00:00,33,13,66,12,71.87
2019-10-09 11:00:00,42,36,57,8,65.07
2019-10-09 12:00:00,27,21,37,16,62.16
2019-10-09 13:00:00,25,21,59,16,62.93
2019-10-09 14:00:00,19,20,45,8,59.65
2019-10-09 15:00:00,44,21,61,16,78.86
2019-10-09 16:00:00,9,30,36,11,55.0
2019-10-09 17:00:00,18,24,39,2,58.01
2019-10-09 18:00:00,13,10,42,2,60.16
2019-10-09 19:00:00,40,26,46,1,73.54
2019-10-09 20:00:00,26,15,53,3,71.99
2019-10-09 21:00:00,43,10,38,5,88.58
2019-10-09 22:00:00,33,37,56,1,66.45
2019-10-09 23:00:00,29,17,30,10,71.34
2019-10-10 00:00:00,27,28,42,7,65.68
2019-10-10 01:00:00,15,12,54,10,76.81
2019-10-10 02:00:00,29,18,39,9,66.09
2019-10-10 03:00:00,34,20,45,4,71.39
2019-10-10 04:00:00,44,10,52,11,84.81
2019-10-10 05:00:00,28,42,39,17,55.0
2019-10-10 06:00:00,43,17,65,5,81.28
2019-10-10 07:00:00,43,27,61,5,72.03
2019-10-10 08:00:00,27,26,65,9,64.34
2019-10-10 09:00:00,24,21,48,14,62.26
2019-10-10 10:00:00,13,27,42,9,55.0
2019-10-10 11:00:00,18,26,66,14,55.0
2019-10-10 12:00:00,41,8,56,1,78.48
2019-10-10 13:00:00,13,30,59,1,55.0
2019-10-10 14:00:00,23,10,36,7,62.69
2019-10-10 15:00:00,34,22,62,4,70.1
2019-10-10 16:00:00,17,19,49,0,64.83
2019-10-10 17:00:00,45,22,58,3,85.2
2019-10-10 18:00:00,32,8,60,4,76.01
2019-10-10 19:00:00,9,31,33,16,55.0
2019-10-10 20:00:00,17,21,33,14,63.96
2019-10-10 21:00:00,36,8,32,6,87.78
2019-10-10 22:00:00,40,6,53,17,92.55
2019-10-10 23:00:00,43,25,63,15,74.93
2019-10-11 00:00:00,40,30,31,4,70.02
2019-10-11 01:00:00,10,26,35,8,59.93
2019-10-11 02:00:00,35,32,47,16,71.41
2019-10-11 03:00:00,12,33,44,8,55.88
2019-10-11 04:00:00,10,38,33,6,55.0
2019-10-11 05:00:00,34,42,52,16,61.78
2019-10-11 06:00:00,26,38,63,11,60.9
2019-10-11 07:00:00,32,35,37,7,55.0
2019-10-11 08:00:00,40,21,30,15,74.0
2019-10-11 09:00:00,10,24,38,13,55.0
2019-10-11 10:00:00,28,28,36,6,55.0
2019-10-11 11:00:00,39,12,47,7,76.38
2019-10-11 12:00:00,24,31,33,0,55.68
2019-10-11 13:00:00,27,27,43,1,60.84
2019-10-11 14:00:00,26,25,34,17,63.84
2019-10-11 15:00:00,42,36,55,0,63.06
2019-10-11 16:00:00,9,31,47,15,55.0
2019-10-11 17:00:00,41,40,32,3,55.0
2019-10-11 18:00:00,39,42,31,9,63.39
2019-10-11 19:00:00,38,36,48,13,68.62
2019-10-11 20:00:00,23,17,51,17,73.55
2019-10-11 21:00:00,27,12,36,6,68.76
2019-10-11 22:00:00,22,17,41,16,72.07
2019-10-11 23:00:00,17,32,52,8,62.85
2019-10-12 00:00:00,41,37,47,15,65.63
2019-10-12 01:00:00,27,38,34,1,62.75
2019-10-12 02:00:00,35,31,44,4,69.18
2019-10-12 03:00:00,11,31,37,11,55.0
2019-10-12 04:00:00,37,41,64,12,65.62
2019-10-12 05:00:00,33,31,59,14,61.93
2019-10-12 06:00:00,45,11,41,6,72.93
2019-10-12 07:00:00,13,24,38,11,55.0
2019-10-12 08:00:00,28,19,34,11,62.67
2019-10-12 09:00:00,27,29,57,17,63.86
2019-10-12 10:00:00,28,29,63,2,59.41
2019-10-12 11:00:00,10,16,40,0,56.3
2019-10-12 12:00:00,25,17,53,10,64.07
2019-10-12 13:00:00,19,9,38,0,65.87
2019-10-12 14:00:00,31,16,63,3,63.94
2019-10-12 15:00:00,16,36,41,9,55.0
2019-10-12 16:00:00,24,30,33,4,55.0
2019-10-12 17:00:00,31,40,62,4,59.53
2019-10-12 18:00:00,10,40,64,6,55.0
2019-10-12 19:00:00,37,37,44,12,59.94
2019-10-12 20:00:00,35,12,63,6,76.68
2019-10-12 21:00:00,10,18,39,14,66.11
2019-10-12 22:00:00,10,8,40,2,59.05
2019-10-12 23:00:00,40,9,49,1,85.96
2019-10-13 00:00:00,18,14,52,2,73.93
2019-10-13 01:00:00,40,16,44,16,81.32
2019-10-13 02:00:00,26,6,59,4,85.74
2019-10-13 03:00:00,21,37,59,0,61.1
2019-10-13 04:00:00,18,25,34,5,60.4
2019-10-13 05:00:00,33,30,66,12,64.61
2019-10-13 06:00:00,12,30,35,6,55.0
2019-10-13 07:00:00,23,41,49,6,55.0
2019-10-13 08:00:00,21,11,45,1,64.83
2019-10-13 09:00:00,13,18,46,12,55.0
2019-10-13 10:00:00,21,17,34,3,55.0
2019-10-13 11:00:00,28,26,42,1,58.76
2019-10-13 12:00:00,33,25,31,12,55.0
2019-10-13 13:00:00,11,35,66,16,55.0
2019-10-13 14:00:00,41,26,35,10,55.19
2019-10-13 15:00:00,41,14,47,16,76.76
2019-10-13 16:00:00,34,26,37,7,67.53
2019-10-13 17:00:00,43,41,36,9,60.91
2019-10-13 18:00:00,24,27,44,6,67.14
2019-10-13 19:00:00,39,27,65,9,76.72
2019-10-13 20:00:00,35,12,47,16,78.58
2019-10-13 21:00:00,29,6,65,11,78.94
2019-10-13 22:00:00,14,13,60,0,66.11
2019-10-13 23:00:00,29,6,46,10,80.91
2019-10-14 00:00:00,42,22,63,6,79.24
2019-10-14 01:00:00,45,38,42,9,72.59
2019-10-14 02:00:00,25,22,48,10,70.84
2019-10-14 03:00:00,17,29,55,10,59.16
2019-10-14 04:00:00,36,37,51,15,69.18
2019-10-14 05:00:00,10,34,60,15,55.0
2019-10-14 06:00:00,13,30,36,17,55.0
2019-10-14 07:00:00,29,35,48,10,55.0
2019-10-14 08:00:00,45,16,54,5,76.02
2019-10-14 09:00:00,20,21,42,3,67.1
2019-10-14 10:00:00,24,20,62,15,58.9
2019-10-14 11:00:00,20,35,41,16,55.0
2019-10-14 12:00:00,24,21,41,0,57.43
2019-10-14 13:00:00,8,40,42,3,55.0
2019-10-14 14:00:00,30,12,55,12,71.74
2019-10-14 15:00:00,30,12,34,2,65.89
2019-10-14 16:00:00,19,32,35,0,55.0
2019-10-14 17:00:00,18,34,58,17,57.79
2019-10-14 18:00:00,36,31,37,1,65.39
2019-10-14 19:00:00,15,17,33,3,62.68
2019-10-14 20:00:00,9,6,39,17,62.33
2019-10-14 21:00:00,9,17,44,1,64.01
2019-10-14 22:00:00,41,23,31,14,74.14
2019-10-14 23:00:00,21,21,60,10,60.35
2019-10-15 00:00:00,11,40,34,9,55.0
2019-10-15 01:00:00,41,37,44,14,74.42
2019-10-15 02:00:00,13,34,37,0,60.91
2019-10-15 03:00:00,20,6,40,1,82.5
2019-10-15 04:00:00,8,10,31,3,66.28
2019-10-15 05:00:00,33,22,65,8,74.71
2019-10-15 06:00:00,34,29,64,17,72.45
2019-10-15 07:00:00,36,31,34,1,60.38
2019-10-15 08:00:00,17,16,37,7,55.0
2019-10-15 09:00:00,20,10,62,7,65.55
2019-10-15 10:00:00,43,18,45,3,78.4
2019-10-15 11:00:00,39,35,32,6,57.35
2019-10-15 12:00:00,9,42,35,3,55.0
2019-10-15 13:00:00,34,40,45,2,58.08
2019-10-15 14:00:00,38,27,50,9,67.07
2019-10-15 15:00:00,29,9,53,16,66.95
2019-10-15 16:00:00,32,41,35,7,56.61
2019-10-15 17:00:00,8,11,43,11,58.74
2019-10-15 18:00:00,9,15,39,12,66.35
2019-10-15 19:00:00,9,42,49,15,55.0
2019-10-15 20:00:00,14,24,41,14,58.24
2019-10-15 21:00:00,45,13,37,16,90.48
2019-10-15 22:00:00,32,24,60,14,74.61
2019-10-15 23:00:00,37,8,51,16,77.65
2019-10-16 00:00:00,19,17,47,17,69.16
2019-10-16 01:00:00,43,41,34,13,74.56
2019-10-16 02:00:00,15,17,32,8,61.89
2019-10-16 03:00:00,42,39,59,5,69.63
2019-10-16 04:00:00,9,26,65,10,55.0
2019-10-16 05:00:00,8,30,51,14,55.0
2019-10-16 06:00:00,10,32,31,13,55.0
2019-10-16 07:00:00,38,26,47,9,64.4
2019-10-16 08:00:00,17,7,40,1,63.95
2019-10-16 09:00:00,25,40,32,4,57.89
2019-10-16 10:00:00,25,23,35,10,59.73
2019-10-16 11:00:00,38,30,48,6,67.17
2019-10-16 12:00:00,21,26,45,8,60.79
2019-10-16 13:00:00,8,30,50,5,55.0
2019-10-16 14:00:00,22,19,55,1,59.1
2019-10-16 15:00:00,18,37,39,8,55.0
2019-10-16 16:00:00,35,14,40,8,69.93
2019-10-16 17:00:00,36,30,55,14,69.6
2019-10-16 18:00:00,11,27,37,2,60.78
2019-10-16 19:00:00,38,24,32,8,65.41
2019-10-16 20:00:00,10,6,61,15,68.29
2019-10-16 21:00:00,31,20,37,4,71.31
2019-10-16 22:00:00,22,7,34,5,72.61
2019-10-16 23:00:00,19,24,57,1,64.03
2019-10-17 00:00:00,26,31,49,10,63.2
2019-10-17 01:00:00,19,25,35,15,63.01
2019-10-17 02:00:00,38,34,61,8,71.38
2019-10-17 03:00:00,44,19,39,7,83.17
2019-10-17 04:00:00,39,17,55,13,78.27
2019-10-17 05:00:00,24,22,54,7,70.66
2019-10-17 06:00:00,27,14,60,7,69.3
2019-10-17 07:00:00,24,35,56,13,55.0
2019-10-17 08:00:00,38,35,56,5,62.3
2019-10-17 09:00:00,28,21,31,15,64.14
2019-10-17 10:00:00,25,35,64,4,58.97
2019-10-17 11:00:00,23,6,34,9,72.76
2019-10-17 12:00:00,22,11,39,4,65.13
2019-10-17 13:00:00,29,16,46,11,68.94
2019-10-17 14:00:00,34,20,40,7,71.8
2019-10-17 15:00:00,24,14,51,4,62.82
2019-10-17 16:00:00,38,24,31,13,66.23
2019-10-17 17:00:00,39,35,46,16,75.24
2019-10-17 18:00:00,24,22,42,0,67.25
2019-10-17 19:00:00,42,22,53,10,78.03
2019-10-17 20:00:00,14,8,49,12,72.55
2019-10-17 21:00:00,43,16,57,12,76.91
2019-10-17 22:00:00,19,35,36,3,55.0
2019-10-17 23:00:00,29,35,65,2,62.02
2019-10-18 00:00:00,18,9,44,9,73.0
2019-10-18 01:00:00,24,6,42,11,74.45
2019-10-18 02:00:00,20,36,50,5,57.96
2019-10-18 03:00:00,34,12,36,6,75.12
2019-10-18 04:00:00,11,27,60,9,55.0
2019-10-18 05:00:00,39,36,39,8,67.73
2019-10-18 06:00:00,42,35,64,8,60.68
2019-10-18 07:00:00,29,26,35,12,58.55
2019-10-18 08:00:00,28,19,61,17,61.02
2019-10-18 09:00:00,34,34,44,14,55.18
2019-10-18 10:00:00,15,31,52,0,55.0
2019-10-18 11:00:00,36,37,62,6,63.72
2019-10-18 12:00:00,16,25,34,0,55.0
2019-10-18 13:00:00,33,40,42,15,55.0
2019-10-18 14:00:00,19,34,65,11,55.0
2019-10-18 15:00:00,36,8,35,3,70.78
2019-10-18 16:00:00,38,16,33,15,70.92
2019-10-18 17:00:00,15,35,49,10,55.0
2019-10-18 18:00:00,31,10,30,0,63.56
2019-10-18 19:00:00,26,32,66,2,64.15
2019-10-18 20:00:00,19,18,63,14,62.69
2019-10-18 21:00:00,30,13,36,5,68.75
2019-10-18 22:00:00,45,25,36,9,76.25
2019-10-18 23:00:00,8,40,58,16,55.0
2019-10-19 00:00:00,44,39,49,5,68.58
2019-10-19 01:00:00,40,20,60,0,73.8
2019-10-19 02:00:00,28,6,65,1,78.92
2019-10-19 03:00:00,31,38,44,16,57.66
2019-10-19 04:00:00,22,39,39,10,56.05
2019-10-19 05:00:00,12,28,52,5,58.7
2019-10-19 06:00:00,29,29,53,1,66.18
2019-10-19 07:00:00,39,25,45,12,67.79
2019-10-19 08:00:00,16,6,41,0,68.67
2019-10-19 09:00:00,35,11,39,1,66.66
2019-10-19 10:00:00,36,11,49,10,78.71
2019-10-19 11:00:00,36,39,45,11,55.0
2019-10-19 12:00:00,20,7,46,10,55.96
2019-10-19 13:00:00,22,26,33,16,59.05
2019-10-19 14:00:00,23,19,62,4,58.49
2019-10-19 15:00:00,40,6,56,9,78.42
2019-10-19 16:00:00,42,40,64,5,57.96
2019-10-19 17:00:00,23,6,60,6,80.47
2019-10-19 18:00:00,44,37,52,2,73.17
2019-10-19 19:00:00,29,34,41,14,65.53
2019-10-19 20:00:00,22,35,54,12,57.68
2019-10-19 21:00:00,8,11,50,12,67.28
2019-10-19 22:00:00,31,38,64,2,63.06
2019-10-19 23:00:00,32,28,38,2,71.67
2019-10-20 00:00:00,44,20,30,14,76.12
2019-10-20 01:00:00,35,31,34,11,73.35
2019-10-20 02:00:00,9,18,36,0,57.77
2019-10-20 03:00:00,29,16,54,11,71.4
2019-10-20 04:00:00,36,16,35,17,71.95
2019-10-20 05:00:00,26,27,34,13,61.85
2019-10-20 06:00:00,24,28,44,4,57.71
2019-10-20 07:00:00,38,14,58,5,76.85
2019-10-20 08:00:00,31,15,45,13,66.19
2019-10-20 09:00:00,33,41,40,7,56.64
2019-10-20 10:00:00,25,25,40,13,63.24
2019-10-20 11:00:00,18,37,60,17,55.0
2019-10-20 12:00:00,27,18,46,7,70.99
2019-10-20 13:00:00,44,16,43,10,76.93
2019-10-20 14:00:00,30,16,58,8,75.22
2019-10-20 15:00:00,34,25,43,9,62.89
2019-10-20 16:00:00,12,34,43,1,55.0
2019-10-20 17:00:00,45,24,57,17,70.32
2019-10-20 18:00:00,17,16,42,9,59.4
2019-10-20 19:00:00,44,41,48,4,60.86
2019-10-20 20:00:00,24,27,54,10,55.0
2019-10-20 21:00:00,42,20,37,7,80.14
2019-10-20 22:00:00,41,6,34,14,76.17
2019-10-20 23:00:00,36,26,61,13,76.72
2019-10-21 00:00:00,42,28,40,6,82.94
2019-10-21 01:00:00,31,40,42,12,58.48
2019-10-21 02:00:00,40,14,51,0,82.85
2019-10-21 03:00:00,14,12,33,17,63.99
2019-10-21 04:00:00,10,42,31,9,55.0
2019-10-21 05:00:00,28,26,45,11,59.99
2019-10-21 06:00:00,38,6,65,11,81.57
2019-10-21 07:00:00,37,9,51,5,81.82
2019-10-21 08:00:00,28,23,51,12,63.4
2019-10-21 09:00:00,27,28,52,7,55.0
2019-10-21 10:00:00,31,15,61,12,73.97
2019-10-21 11:00:00,40,19,60,1,66.02
2019-10-21 12:00:00,39,33,30,2,60.11
2019-10-21 13:00:00,12,41,50,16,55.0
2019-10-21 14:00:00,30,24,50,13,62.88
2019-10-21 15:00:00,22,21,38,2,69.32
2019-10-21 16:00:00,38,19,66,3,75.74
2019-10-21 17:00:00,27,11,39,9,68.73
2019-10-21 18:00:00,45,7,60,0,87.31
2019-10-21 19:00:00,24,36,33,7,56.7
2019-10-21 20:00:00,33,7,52,5,79.93
2019-10-21 21:00:00,12,36,57,2,55.0
2019-10-21 22:00:00,43,15,48,5,80.36
2019-10-21 23:00:00,13,31,33,5,56.6
2019-10-22 00:00:00,22,41,34,1,55.0
2019-10-22 01:00:00,39,33,52,11,64.2
2019-10-22 02:00:00,44,32,61,4,80.1
2019-10-22 03:00:00,26,15,52,0,71.11
2019-10-22 04:00:00,26,28,33,0,63.95
2019-10-22 05:00:00,9,29,59,17,55.0
2019-10-22 06:00:00,45,21,46,2,73.82
2019-10-22 07:00:00,8,7,32,16,57.37
2019-10-22 08:00:00,8,39,43,2,55.0
2019-10-22 09:00:00,25,13,37,1,70.82
2019-10-22 10:00:00,8,42,66,9,55.0
2019-10-22 11:00:00,14,40,63,15,55.0
2019-10-22 12:00:00,31,6,33,1,64.72
2019-10-22 13:00:00,34,33,51,5,63.42
2019-10-22 14:00:00,19,29,30,13,55.0
2019-10-22 15:00:00,38,14,46,1,69.09
2019-10-22 16:00:00,31,36,35,3,57.56
2019-10-22 17:00:00,16,10,57,5,65.44
2019-10-22 18:00:00,35,15,32,14,67.07
2019-10-22 19:00:00,30,41,63,14,55.0
2019-10-22 20:00:00,38,33,38,12,69.08
2019-10-22 21:00:00,13,10,39,11,65.05
2019-10-22 22:00:00,16,11,62,0,73.83
2019-10-22 23:00:00,19,15,63,4,72.37
2019-10-23 00:00:00,20,8,33,16,77.76
2019-10-23 01:00:00,41,12,34,12,79.54
2019-10-23 02:00:00,35,27,61,4,74.5
2019-10-23 03:00:00,28,6,66,12,83.6
2019-10-23 04:00:00,28,16,48,13,70.32
2019-10-23 05:00:00,41,17,36,13,81.64
2019-10-23 06:00:00,24,41,35,17,55.0
2019-10-23 07:00:00,16,42,39,9,55.0
2019-10-23 08:00:00,13,37,55,1,55.0
2019-10-23 09:00:00,20,18,33,14,57.44
2019-10-23 10:00:00,32,25,53,0,63.8
2019-10-23 11:00:00,25,24,59,11,64.6
2019-10-23 12:00:00,24,37,35,14,55.0
2019-10-23 13:00:00,26,33,66,2,55.19
2019-10-23 14:00:00,45,39,66,14,58.98
2019-10-23 15:00:00,45,26,40,14,65.58
2019-10-23 16:00:00,14,40,34,11,55.0
2019-10-23 17:00:00,12,33,42,5,55.0
2019-10-23 18:00:00,17,33,39,3,55.0
2019-10-23 19:00:00,40,30,40,12,74.68
2019-10-23 20:00:00,25,18,64,2,67.87
2019-10-23 21:00:00,40,28,35,12,70.89
2019-10-23 22:00:00,32,19,41,3,73.09
2019-10-23 23:00:00,29,30,59,6,74.98
2019-10-24 00:00:00,18,15,32,9,68.41
2019-10-24 01:00:00,21,35,32,2,55.0
2019-10-24 02:00:00,13,27,41,14,62.62
2019-10-24 03:00:00,27,32,65,12,72.84
2019-10-24 04:00:00,18,14,61,0,68.07
2019-10-24 05:00:00,19,35,64,15,55.0
2019-10-24 06:00:00,9,35,61,12,55.0
2019-10-24 07:00:00,38,11,34,15,83.46
2019-10-24 08:00:00,43,18,44,10,77.82
2019-10-24 09:00:00,26,31,49,11,55.0
2019-10-24 10:00:00,28,38,36,6,55.74
2019-10-24 11:00:00,43,33,66,4,67.89
2019-10-24 12:00:00,27,23,52,4,57.6
2019-10-24 13:00:00,31,17,61,5,73.13
2019-10-24 14:00:00,24,39,39,5,55.0
2019-10-24 15:00:00,27,38,56,13,60.15
2019-10-24 16:00:00,27,39,33,9,55.0
2019-10-24 17:00:00,35,17,30,7,71.85
2019-10-24 18:00:00,30,22,53,13,64.64
2019-10-24 19:00:00,27,15,32,13,70.48
2019-10-24 20:00:00,10,41,40,16,55.0
2019-10-24 21:00:00,42,38,59,5,64.1
2019-10-24 22:00:00,41,12,48,4,77.69
2019-10-24 23:00:00,15,15,43,0,70.99
2019-10-25 00:00:00,19,26,40,2,62.07
2019-10-25 01:00:00,44,21,54,10,84.56
2019-10-25 02:00:00,20,23,65,14,63.0
2019-10-25 03:00:00,38,19,57,10,77.02
2019-10-25 04:00:00,37,30,43,17,70.63
2019-10-25 05:00:00,40,39,45,11,64.53
2019-10-25 06:00:00,8,39,33,15,55.0
2019-10-25 07:00:00,26,22,35,4,73.31
2019-10-25 08:00:00,29,36,39,5,56.13
2019-10-25 09:00:00,39,31,44,14,57.74
2019-10-25 10:00:00,16,13,66,11,63.09
2019-10-25 11:00:00,19,35,62,8,55.0
2019-10-25 12:00:00,14,18,34,17,58.16
2019-10-25 13:00:00,36,29,42,13,64.89
2019-10-25 14:00:00,45,32,32,5,63.08
2019-10-25 15:00:00,13,40,32,10,55.0
2019-10-25 16:00:00,16,41,43,7,55.0
2019-10-25 17:00:00,19,35,65,7,55.0
2019-10-25 18:00:00,41,24,36,14,75.29
2019-10-25 19:00:00,24,20,55,12,63.41
2019-10-25 20:00:00,18,22,44,0,64.47
2019-10-25 21:00:00,20,41,50,10,55.0
2019-10-25 22:00:00,30,13,62,11,74.96
2019-10-25 23:00:00,22,25,60,9,62.97
2019-10-26 00:00:00,13,31,60,5,60.29
2019-10-26 01:00:00,39,6,45,11,81.34
2019-10-26 02:00:00,24,29,31,17,64.15
2019-10-26 03:00:00,17,15,66,1,65.33
2019-10-26 04:00:00,35,16,66,10,75.2
2019-10-26 05:00:00,36,29,61,16,68.09
2019-10-26 06:00:00,13,6,47,7,66.0
2019-10-26 07:00:00,10,11,40,6,55.42
2019-10-26 08:00:00,9,22,36,4,55.0
2019-10-26 09:00:00,37,27,43,4,62.36
2019-10-26 10:00:00,31,10,42,7,70.86
2019-10-26 11:00:00,38,19,40,13,66.87
2019-10-26 12:00:00,31,17,65,3,68.88
2019-10-26 13:00:00,23,25,54,4,55.14
2019-10-26 14:00:00,30,17,38,17,60.72
2019-10-26 15:00:00,35,6,53,17,76.61
2019-10-26 16:00:00,23,25,56,4,57.11
2019-10-26 17:00:00,42,37,49,7,69.15
2019-10-26 18:00:00,42,27,65,7,71.85
2019-10-26 19:00:00,38,19,65,5,69.45
2019-10-26 20:00:00,45,23,45,2,73.34
2019-10-26 21:00:00,22,11,47,1,66.76
2019-10-26 22:00:00,12,14,38,11,67.72
2019-10-26 23:00:00,26,22,58,0,72.27
2019-10-27 00:00:00,36,27,64,11,72.67
2019-10-27 01:00:00,37,23,54,1,75.67
2019-10-27 02:00:00,22,41,37,2,55.0
2019-10-27 03:00:00,19,29,49,0,63.09
2019-10-27 04:00:00,24,6,59,7,77.19
2019-10-27 05:00:00,38,25,31,5,71.28
2019-10-27 06:00:00,10,27,51,5,55.0
2019-10-27 07:00:00,20,7,54,5,65.92
2019-10-27 08:00:00,16,20,49,16,60.17
2019-10-27 09:00:00,38,38,53,7,65.39
2019-10-27 10:00:00,25,19,63,14,67.19
2019-10-27 11:00:00,11,22,34,4,56.39
2019-10-27 12:00:00,17,14,51,8,59.96
2019-10-27 13:00:00,9,8,59,1,55.29
2019-10-27 14:00:00,26,17,60,4,60.59
2019-10-27 15:00:00,45,34,47,1,70.15
2019-10-27 16:00:00,29,42,66,0,55.0
2019-10-27 17:00:00,41,30,41,3,72.07
2019-10-27 18:00:00,36,36,46,2,58.51
2019-10-27 19:00:00,41,30,60,5,77.97
2019-10-27 20:00:00,19,30,46,13,57.58
2019-10-27 21:00:00,44,21,42,2,79.98
2019-10-27 22:00:00,17,8,50,10,80.45
2019-10-27 23:00:00,24,21,53,6,67.04
2019-10-28 00:00:00,33,38,65,7,64.86
2019-10-28 01:00:00,18,25,52,16,60.92
2019-10-28 02:00:00,18,34,36,8,55.0
2019-10-28 03:00:00,12,7,31,4,65.71
2019-10-28 04:00:00,8,13,65,4,61.78
2019-10-28 05:00:00,27,17,45,3,64.16
2019-10-28 06:00:00,45,19,37,14,75.16
2019-10-28 07:00:00,16,42,38,11,55.0
2019-10-28 08:00:00,24,23,33,4,56.02
2019-10-28 09:00:00,43,30,37,8,65.02
2019-10-28 10:00:00,37,29,58,9,69.93
2019-10-28 11:00:00,8,21,54,0,55.0
2019-10-28 12:00:00,27,41,52,16,58.73
2019-10-28 13:00:00,13,14,30,14,55.0
2019-10-28 14:00:00,17,7,54,9,65.81
2019-10-28 15:00:00,17,33,65,12,57.63
2019-10-28 16:00:00,31,30,64,1,69.04
2019-10-28 17:00:00,15,15,44,17,63.11
2019-10-28 18:00:00,17,38,52,11,55.0
2019-10-28 19:00:00,16,12,41,16,62.33
2019-10-28 20:00:00,21,15,62,15,67.45
2019-10-28 21:00:00,32,11,64,10,86.69
2019-10-28 22:00:00,23,12,38,5,70.21
2019-10-28 23:00:00,20,32,48,12,61.84
2019-10-29 00:00:00,27,32,38,9,60.31
2019-10-29 01:00:00,31,29,52,7,64.96
2019-10-29 02:00:00,8,37,40,12,55.0
2019-10-29 03:00:00,41,8,55,15,84.47
2019-10-29 04:00:00,42,28,66,3,74.48
2019-10-29 05:00:00,30,10,62,9,71.39
2019-10-29 06:00:00,29,41,36,14,55.64
2019-10-29 07:00:00,34,29,34,5,70.12
2019-10-29 08:00:00,24,34,60,6,55.0
2019-10-29 09:00:00,21,27,33,0,59.35
2019-10-29 10:00:00,21,20,44,5,55.0
2019-10-29 11:00:00,14,31,66,10,55.0
2019-10-29 12:00:00,39,36,46,17,55.0
2019-10-29 13:00:00,20,12,30,9,66.94
2019-10-29 14:00:00,18,38,66,5,55.0
2019-10-29 15:00:00,44,32,56,14,63.82
2019-10-29 16:00:00,27,9,42,3,71.95
2019-10-29 17:00:00,31,40,52,3,62.83
2019-10-29 18:00:00,17,12,52,9,72.32
2019-10-29 19:00:00,18,28,50,14,57.98
2019-10-29 20:00:00,35,10,65,3,72.6
2019-10-29 21:00:00,25,13,59,0,71.03
2019-10-29 22:00:00,13,29,39,13,61.0
2019-10-29 23:00:00,39,31,66,10,82.68
2019-10-30 00:00:00,23,31,65,12,65.55
2019-10-30 01:00:00,33,18,31,7,72.44
2019-10-30 02:00:00,20,36,40,2,67.86
2019-10-30 03:00:00,29,7,52,5,81.27
2019-10-30 04:00:00,37,37,62,8,62.71
2019-10-30 05:00:00,41,17,56,7,78.66
2019-10-30 06:00:00,15,28,51,16,61.12
2019-10-30 07:00:00,33,39,41,4,58.52
2019-10-30 08:00:00,42,15,33,5,78.25
2019-10-30 09:00:00,32,21,63,3,61.92
2019-10-30 10:00:00,13,36,49,10,55.0
2019-10-30 11:00:00,15,37,46,14,55.0
2019-10-30 12:00:00,15,14,66,15,60.69
2019-10-30 13:00:00,12,24,36,4,55.0
2019-10-30 14:00:00,36,18,39,7,71.62
2019-10-30 15:00:00,44,25,61,13,82.4
2019-10-30 16:00:00,27,20,40,0,61.82
2019-10-30 17:00:00,30,6,64,12,76.35
2019-10-30 18:00:00,37,40,61,2,60.78
2019-10-30 19:00:00,23,29,33,0,64.65
2019-10-30 20:00:00,25,23,46,2,71.66
2019-10-30 21:00:00,30,9,57,15,77.81
2019-10-30 22:00:00,19,8,48,12,82.18
2019-10-30 23:00:00,10,23,37,14,57.23
2019-10-31 00:00:00,29,30,31,12,69.69
2019-10-31 01:00:00,39,15,30,14,84.89
2019-10-31 02:00:00,10,33,36,8,55.0
2019-10-31 03:00:00,16,20,39,14,65.71
2019-10-31 04:00:00,17,6,41,1,60.02
2019-10-31 05:00:00,38,25,61,10,76.23
2019-10-31 06:00:00,27,12,48,13,67.16
2019-10-31 07:00:00,28,6,35,17,75.23
2019-10-31 08:00:00,32,10,33,6,74.69
2019-10-31 09:00:00,18,16,34,3,64.32
2019-10-31 10:00:00,35,25,41,12,67.78
2019-10-31 11:00:00,9,42,57,1,55.0
2019-10-31 12:00:00,12,14,31,13,55.0
2019-10-31 13:00:00,39,8,45,12,75.43
2019-10-31 14:00:00,33,13,46,12,65.76
2019-10-31 15:00:00,14,17,35,5,56.34
2019-10-31 16:00:00,24,13,32,2,64.36
2019-10-31 17:00:00,9,17,38,10,55.0
2019-10-31 18:00:00,33,41,35,6,55.0
2019-10-31 19:00:00,36,20,59,7,69.28
2019-10-31 20:00:00,18,29,63,3,55.0
2019-10-31 21:00:00,21,31,53,6,60.27
2019-10-31 22:00:00,16,10,58,14,72.96
2019-10-31 23:00:00,22,15,58,16,61.79
2019-11-01 00:00:00,18,21,62,6,67.48
2019-11-01 01:00:00,17,23,33,2,61.34
2019-11-01 02:00:00,24,6,66,0,73.17
2019-11-01 03:00:00,40,29,46,3,69.59
2019-11-01 04:00:00,36,17,50,0,79.38
2019-11-01 05:00:00,19,17,59,12,61.75
2019-11-01 06:00:00,43,28,48,11,70.84
2019-11-01 07:00:00,15,41,39,14,55.0
2019-11-01 08:00:00,42,38,30,5,57.14
2019-11-01 09:00:00,19,42,36,14,55.0
2019-11-01 10:00:00,28,21,33,3,62.35
2019-11-01 11:00:00,15,10,44,4,59.28
2019-11-01 12:00:00,36,13,58,16,80.88
2019-11-01 13:00:00,20,18,42,15,62.48
2019-11-01 14:00:00,41,17,52,10,65.24
2019-11-01 15:00:00,11,13,36,10,55.24
2019-11-01 16:00:00,27,11,51,12,79.0
2019-11-01 17:00:00,14,12,65,14,59.99
2019-11-01 18:00:00,41,30,41,4,67.89
2019-11-01 19:00:00,23,24,47,1,67.72
2019-11-01 20:00:00,33,7,65,3,83.14
2019-11-01 21:00:00,41,26,52,6,77.3
2019-11-01 22:00:00,28,37,44,4,63.78
2019-11-01 23:00:00,10,21,34,9,59.28
2019-11-02 00:00:00,16,17,64,2,64.01
2019-11-02 01:00:00,16,16,52,10,68.12
2019-11-02 02:00:00,42,20,32,12,74.42
2019-11-02 03:00:00,42,16,50,1,77.39
2019-11-02 04:00:00,26,40,65,5,63.81
2019-11-02 05:00:00,41,42,64,9,62.32
2019-11-02 06:00:00,17,18,37,1,66.8
2019-11-02 07:00:00,33,40,45,11,57.34
2019-11-02 08:00:00,22,37,66,13,55.0
2019-11-02 09:00:00,17,8,58,6,57.13
2019-11-02 10:00:00,17,24,50,0,62.56
2019-11-02 11:00:00,23,30,41,9,55.0
2019-11-02 12:00:00,20,21,58,15,55.0
2019-11-02 13:00:00,16,22,51,5,58.23
2019-11-02 14:00:00,20,24,49,15,55.43
2019-11-02 15:00:00,12,31,64,15,55.0
2019-11-02 16:00:00,44,16,43,5,78.0
2019-11-02 17:00:00,22,28,53,10,55.0
2019-11-02 18:00:00,12,15,31,0,55.42
2019-11-02 19:00:00,29,38,56,9,57.45
2019-11-02 20:00:00,41,9,50,15,85.09
2019-11-02 21:00:00,21,8,62,16,82.32
2019-11-02 22:00:00,40,7,42,3,82.1
2019-11-02 23:00:00,31,18,64,11,76.57
2019-11-03 00:00:00,36,28,51,1,82.06
2019-11-03 01:00:00,19,42,37,5,55.0
2019-11-03 02:00:00,9,22,35,15,59.18
2019-11-03 03:00:00,21,12,37,11,63.94
2019-11-03 04:00:00,43,19,41,7,84.45
2019-11-03 05:00:00,38,10,50,17,75.77
2019-11-03 06:00:00,37,23,62,13,72.04
2019-11-03 07:00:00,41,32,66,0,68.41
2019-11-03 08:00:00,22,7,55,1,68.9
2019-11-03 09:00:00,20,34,48,11,55.0
2019-11-03 10:00:00,43,14,52,15,75.28
2019-11-03 11:00:00,29,30,42,2,63.39
2019-11-03 12:00:00,19,36,39,9,56.24
2019-11-03 13:00:00,18,34,49,14,55.0
2019-11-03 14:00:00,41,30,60,15,63.42
2019-11-03 15:00:00,10,31,32,11,55.0
2019-11-03 16:00:00,10,12,34,17,67.86
2019-11-03 17:00:00,36,11,36,16,73.76
2019-11-03 18:00:00,8,20,37,15,58.62
2019-11-03 19:00:00,14,28,35,12,56.81
2019-11-03 20:00:00,45,28,34,17,80.9
2019-11-03 21:00:00,24,34,31,0,56.85
2019-11-03 22:00:00,35,17,42,1,70.63
2019-11-03 23:00:00,26,38,56,9,67.85
2019-11-04 00:00:00,11,22,35,12,63.56
2019-11-04 01:00:00,15,15,42,16,68.37
2019-11-04 02:00:00,36,33,66,12,76.29
2019-11-04 03:00:00,11,10,36,4,67.39
2019-11-04 04:00:00,30,20,66,16,78.63
2019-11-04 05:00:00,21,34,48,1,57.8
2019-11-04 06:00:00,22,34,56,1,60.61
2019-11-04 07:00:00,44,15,41,12,78.99
2019-11-04 08:00:00,31,12,42,17,69.1
2019-11-04 09:00:00,31,7,44,9,71.6
2019-11-04 10:00:00,21,9,34,2,62.53
2019-11-04 11:00:00,22,36,41,0,55.0
2019-11-04 12:00:00,34,34,63,17,57.98
2019-11-04 13:00:00,9,24,30,5,55.0
2019-11-04 14:00:00,17,27,51,11,55.31
2019-11-04 15:00:00,30,18,55,5,67.74
2019-11-04 16:00:00,31,13,35,3,70.04
2019-11-04 17:00:00,11,6,34,12,60.72
2019-11-04 18:00:00,37,30,50,13,65.72
2019-11-04 19:00:00,28,7,38,8,67.83
2019-11-04 20:00:00,17,9,66,9,70.77
2019-11-04 21:00:00,36,35,37,8,61.49
2019-11-04 22:00:00,45,27,34,10,75.6
2019-11-04 23:00:00,24,24,42,14,63.69
2019-11-05 00:00:00,18,14,42,12,61.64
2019-11-05 01:00:00,19,11,35,5,80.19
2019-11-05 02:00:00,30,23,54,4,71.16
2019-11-05 03:00:00,9,19,42,12,66.61
2019-11-05 04:00:00,26,25,49,11,64.53
2019-11-05 05:00:00,8,12,39,6,68.6
2019-11-05 06:00:00,9,14,33,15,55.0
2019-11-05 07:00:00,24,10,32,7,69.38
2019-11-05 08:00:00,36,21,31,6,63.67
2019-11-05 09:00:00,41,16,62,10,86.11
2019-11-05 10:00:00,11,14,39,3,56.29
2019-11-05 11:00:00,17,26,41,12,57.06
2019-11-05 12:00:00,24,24,51,16,61.34
2019-11-05 13:00:00,29,13,33,17,66.59
2019-11-05 14:00:00,45,31,52,8,70.01
2019-11-05 15:00:00,34,18,49,4,74.89
2019-11-05 16:00:00,28,18,59,8,70.76
2019-11-05 17:00:00,10,23,34,1,55.0
2019-11-05 18:00:00,11,11,30,12,64.02
2019-11-05 19:00:00,13,21,58,7,69.16
2019-11-05 20:00:00,33,27,43,2,67.12
2019-11-05 21:00:00,20,10,32,9,63.4
2019-11-05 22:00:00,17,26,50,12,58.5
2019-11-05 23:00:00,33,7,47,4,78.2
2019-11-06 00:00:00,38,28,65,7,72.14
2019-11-06 01:00:00,24,7,64,16,75.88
2019-11-06 02:00:00,41,12,49,12,83.82
2019-11-06 03:00:00,35,18,35,14,76.19
2019-11-06 04:00:00,35,28,57,8,71.92
2019-11-06 05:00:00,40,32,37,8,65.51
2019-11-06 06:00:00,14,23,61,8,64.3
2019-11-06 07:00:00,36,10,52,8,79.64
2019-11-06 08:00:00,44,20,43,2,80.75
2019-11-06 09:00:00,45,35,66,0,71.47
2019-11-06 10:00:00,29,9,49,14,69.77
2019-11-06 11:00:00,36,32,44,9,66.65
2019-11-06 12:00:00,41,20,36,9,70.91
2019-11-06 13:00:00,40,6,53,10,82.02
2019-11-06 14:00:00,42,31,39,7,68.1
2019-11-06 15:00:00,39,6,35,16,77.14
2019-11-06 16:00:00,22,19,34,8,62.38
2019-11-06 17:00:00,35,13,53,9,74.88
2019-11-06 18:00:00,23,27,64,9,59.96
2019-11-06 19:00:00,38,8,39,2,72.16
2019-11-06 20:00:00,38,9,38,3,78.39
2019-11-06 21:00:00,43,25,52,3,78.25
2019-11-06 22:00:00,30,42,35,4,64.31
2019-11-06 23:00:00,26,7,33,2,80.45
2019-11-07 00:00:00,14,23,53,4,62.25
2019-11-07 01:00:00,32,35,49,16,63.4
2019-11-07 02:00:00,29,16,31,6,71.95
2019-11-07 03:00:00,27,24,38,14,63.25
2019-11-07 04:00:00,33,37,37,7,55.0
2019-11-07 05:00:00,40,32,55,14,63.4
2019-11-07 06:00:00,13,16,54,13,67.77
2019-11-07 07:00:00,24,33,57,15,65.54
2019-11-07 08:00:00,35,31,33,5,64.79
2019-11-07 09:00:00,39,24,61,1,69.46
2019-11-07 10:00:00,37,22,37,5,61.0
2019-11-07 11:00:00,38,40,66,12,59.03
2019-11-07 12:00:00,40,38,62,11,63.77
2019-11-07 13:00:00,44,42,46,12,63.19
2019-11-07 14:00:00,31,30,59,17,63.83
2019-11-07 15:00:00,17,19,54,4,64.48
2019-11-07 16:00:00,29,10,58,7,80.29
2019-11-07 17:00:00,34,10,30,8,71.94
2019-11-07 18:00:00,11,41,33,2,56.54
2019-11-07 19:00:00,36,19,63,11,67.26
2019-11-07 20:00:00,28,10,58,0,73.36
2019-11-07 21:00:00,43,14,52,16,83.65
2019-11-07 22:00:00,16,6,41,1,74.21
2019-11-07 23:00:00,42,25,45,1,75.99
2019-11-08 00:00:00,25,27,44,3,63.3
2019-11-08 01:00:00,29,20,46,16,80.19
2019-11-08 02:00:00,33,33,53,15,64.5
2019-11-08 03:00:00,30,23,58,16,66.23
2019-11-08 04:00:00,42,41,44,14,71.44
2019-11-08 05:00:00,14,34,60,16,57.04
2019-11-08 06:00:00,35,8,33,8,80.01
2019-11-08 07:00:00,45,16,59,0,78.95
2019-11-08 08:00:00,16,33,55,7,55.0
2019-11-08 09:00:00,17,25,48,3,55.04
2019-11-08 10:00:00,26,33,43,4,55.0
2019-11-08 11:00:00,35,18,43,12,67.75
2019-11-08 12:00:00,44,7,43,3,80.24
2019-11-08 13:00:00,38,35,64,5,65.48
2019-11-08 14:00:00,38,35,30,7,57.86
2019-11-08 15:00:00,24,29,53,1,59.84
2019-11-08 16:00:00,32,20,66,12,64.81
2019-11-08 17:00:00,16,6,50,13,70.68
2019-11-08 18:00:00,25,32,53,10,61.63
2019-11-08 19:00:00,15,30,52,0,55.0
2019-11-08 20:00:00,9,30,48,14,55.1
2019-11-08 21:00:00,40,12,53,8,85.72
2019-11-08 22:00:00,38,33,63,4,70.74
2019-11-08 23:00:00,27,32,56,17,61.39
2019-11-09 00:00:00,8,37,61,15,55.0
2019-11-09 01:00:00,11,26,50,7,60.14
2019-11-09 02:00:00,12,33,58,7,55.0
2019-11-09 03:00:00,35,20,62,16,70.43
2019-11-09 04:00:00,15,31,37,3,56.07
2019-11-09 05:00:00,17,31,61,7,59.69
2019-11-09 06:00:00,40,34,55,10,74.23
2019-11-09 07:00:00,41,37,46,6,65.13
2019-11-09 08:00:00,36,6,58,5,72.04
2019-11-09 09:00:00,19,34,36,1,57.16
2019-11-09 10:00:00,30,35,55,4,59.9
2019-11-09 11:00:00,15,26,51,6,55.0
2019-11-09 12:00:00,40,25,62,15,62.66
2019-11-09 13:00:00,11,32,52,6,55.0
2019-11-09 14:00:00,36,22,49,2,68.89
2019-11-09 15:00:00,27,21,49,15,55.0
2019-11-09 16:00:00,36,35,50,6,59.65
2019-11-09 17:00:00,25,35,62,16,59.49
2019-11-09 18:00:00,14,13,59,1,55.0
2019-11-09 19:00:00,36,36,33,0,64.28
2019-11-09 20:00:00,31,18,49,16,74.6
2019-11-09 21:00:00,25,11,40,1,68.33
2019-11-09 22:00:00,22,38,36,0,55.0
2019-11-09 23:00:00,21,14,62,11,67.78
2019-11-10 00:00:00,26,13,61,5,64.12
2019-11-10 01:00:00,17,15,64,8,67.6
2019-11-10 02:00:00,18,24,44,7,62.94
2019-11-10 03:00:00,18,12,45,5,63.17
2019-11-10 04:00:00,8,11,58,8,67.35
2019-11-10 05:00:00,43,20,37,4,74.99
2019-11-10 06:00:00,16,14,32,4,62.4
2019-11-10 07:00:00,14,13,45,4,59.34
2019-11-10 08:00:00,13,39,53,2,55.0
2019-11-10 09:00:00,45,28,46,9,72.99
2019-11-10 10:00:00,26,6,37,9,66.23
2019-11-10 11:00:00,20,9,49,0,66.71
2019-11-10 12:00:00,23,36,64,8,55.0
2019-11-10 13:00:00,11,15,40,13,56.19
2019-11-10 14:00:00,19,11,44,0,68.67
2019-11-10 15:00:00,17,30,41,5,55.0
2019-11-10 16:00:00,38,37,40,17,57.68
2019-11-10 17:00:00,10,20,54,7,55.0
2019-11-10 18:00:00,24,33,43,0,59.31
2019-11-10 19:00:00,38,21,53,9,71.79
2019-11-10 20:00:00,39,10,30,7,75.48
2019-11-10 21:00:00,27,35,54,3,67.9
2019-11-10 22:00:00,16,40,33,1,58.3
2019-11-10 23:00:00,20,42,43,15,55.0
2019-11-11 00:00:00,16,9,62,14,67.08
2019-11-11 01:00:00,33,26,42,12,77.85
2019-11-11 02:00:00,19,29,55,0,63.78
2019-11-11 03:00:00,31,8,43,15,79.81
2019-11-11 04:00:00,32,41,63,8,62.02
2019-11-11 05:00:00,43,9,65,8,81.16
2019-11-11 06:00:00,22,15,63,15,66.5
2019-11-11 07:00:00,44,41,44,7,65.6
2019-11-11 08:00:00,23,26,41,4,56.41
2019-11-11 09:00:00,33,31,52,4,62.85
2019-11-11 10:00:00,33,24,60,16,65.11
2019-11-11 11:00:00,39,33,49,9,57.63
2019-11-11 12:00:00,25,9,57,10,74.48
2019-11-11 13:00:00,38,31,62,10,66.08
2019-11-11 14:00:00,21,8,57,3,68.28
2019-11-11 15:00:00,26,12,43,7,69.04
2019-11-11 16:00:00,26,24,39,17,55.0
2019-11-11 17:00:00,34,22,46,2,66.06
2019-11-11 18:00:00,31,11,51,17,67.99
2019-11-11 19:00:00,10,35,61,4,55.0
2019-11-11 20:00:00,38,17,41,5,77.2
2019-11-11 21:00:00,36,38,35,0,64.15
2019-11-11 22:00:00,11,6,41,11,73.46
2019-11-11 23:00:00,44,14,51,5,77.96
2019-11-12 00:00:00,33,16,38,8,73.39
2019-11-12 01:00:00,11,28,44,10,59.99
2019-11-12 02:00:00,26,20,39,11,71.09
2019-11-12 03:00:00,39,11,66,17,78.86
2019-11-12 04:00:00,18,27,48,10,65.82
2019-11-12 05:00:00,43,41,56,3,72.98
2019-11-12 06:00:00,23,10,49,12,72.69
2019-11-12 07:00:00,16,15,30,0,55.29
2019-11-12 08:00:00,21,23,39,15,60.13
2019-11-12 09:00:00,27,32,61,5,60.47
2019-11-12 10:00:00,34,11,48,13,71.4
2019-11-12 11:00:00,43,14,56,2,81.53
2019-11-12 12:00:00,15,14,58,7,60.32
2019-11-12 13:00:00,44,28,50,12,76.81
2019-11-12 14:00:00,28,9,51,11,73.72
2019-11-12 15:00:00,12,30,38,0,55.0
2019-11-12 16:00:00,43,21,39,0,76.37
2019-11-12 17:00:00,21,18,35,17,69.05
2019-11-12 18:00:00,31,37,41,9,63.33
2019-11-12 19:00:00,34,36,53,15,64.0
2019-11-12 20:00:00,8,35,64,1,55.0
2019-11-12 21:00:00,16,38,46,8,55.0
2019-11-12 22:00:00,34,14,52,10,69.27
2019-11-12 23:00:00,20,37,61,16,60.73
2019-11-13 00:00:00,8,12,55,12,65.42
2019-11-13 01:00:00,8,18,39,11,60.58
2019-11-13 02:00:00,39,26,40,5,78.33
2019-11-13 03:00:00,13,33,53,17,56.2
2019-11-13 04:00:00,11,27,40,5,64.2
2019-11-13 05:00:00,29,26,39,5,63.59
2019-11-13 06:00:00,12,19,51,13,56.54
2019-11-13 07:00:00,32,27,53,17,61.02
2019-11-13 08:00:00,28,23,39,15,66.46
2019-11-13 09:00:00,32,23,31,3,68.64
2019-11-13 10:00:00,26,27,58,14,58.15
2019-11-13 11:00:00,37,28,44,6,59.92
2019-11-13 12:00:00,32,18,53,3,73.79
2019-11-13 13:00:00,23,11,36,16,59.22
2019-11-13 14:00:00,8,17,41,17,58.46
2019-11-13 15:00:00,18,21,52,6,57.25
2019-11-13 16:00:00,12,11,34,0,62.46
2019-11-13 17:00:00,8,12,41,3,64.21
2019-11-13 18:00:00,18,41,56,9,55.0
2019-11-13 19:00:00,15,16,58,1,64.4
2019-11-13 20:00:00,10,33,43,4,58.65
2019-11-13 21:00:00,19,10,34,2,71.86
2019-11-13 22:00:00,27,41,30,17,73.1
2019-11-13 23:00:00,14,13,50,6,62.25
2019-11-14 00:00:00,18,20,55,6,60.54
2019-11-14 01:00:00,8,34,51,7,57.64
2019-11-14 02:00:00,9,13,44,0,64.49
2019-11-14 03:00:00,13,26,30,9,60.72
2019-11-14 04:00:00,25,35,38,16,55.0
2019-11-14 05:00:00,33,6,31,14,77.85
2019-11-14 06:00:00,37,6,47,4,82.1
2019-11-14 07:00:00,31,35,41,0,57.08
2019-11-14 08:00:00,31,15,32,13,69.2
2019-11-14 09:00:00,43,39,52,15,57.29
2019-11-14 10:00:00,17,40,43,16,55.0
2019-11-14 11:00:00,38,38,65,10,66.46
2019-11-14 12:00:00,43,42,45,8,55.0
2019-11-14 13:00:00,29,36,33,13,55.0
2019-11-14 14:00:00,39,20,56,12,75.43
2019-11-14 15:00:00,13,42,56,13,55.0
2019-11-14 16:00:00,41,18,64,5,78.68
2019-11-14 17:00:00,29,27,55,16,64.18
2019-11-14 18:00:00,16,6,43,0,66.65
2019-11-14 19:00:00,10,41,54,1,55.0
2019-11-14 20:00:00,35,27,59,11,74.78
2019-11-14 21:00:00,24,41,49,10,58.37
2019-11-14 22:00:00,19,19,59,9,59.71
2019-11-14 23:00:00,22,17,65,16,74.97
2019-11-15 00:00:00,45,25,57,15,74.4
2019-11-15 01:00:00,24,37,48,12,58.59
2019-11-15 02:00:00,10,26,48,2,57.41
2019-11-15 03:00:00,18,35,61,1,65.0
2019-11-15 04:00:00,13,13,62,2,64.92
2019-11-15 05:00:00,34,34,39,11,56.85
2019-11-15 06:00:00,38,33,30,12,69.11
2019-11-15 07:00:00,39,39,59,14,65.12
2019-11-15 08:00:00,32,8,38,1,75.28
2019-11-15 09:00:00,37,20,66,4,76.2
2019-11-15 10:00:00,23,9,31,6,71.28
2019-11-15 11:00:00,31,20,63,11,61.92
2019-11-15 12:00:00,12,34,55,0,55.0
2019-11-15 13:00:00,28,29,41,15,60.05
2019-11-15 14:00:00,29,33,31,1,55.0
2019-11-15 15:00:00,9,33,61,9,55.0
2019-11-15 16:00:00,28,42,34,16,55.0
2019-11-15 17:00:00,35,38,33,3,60.3
2019-11-15 18:00:00,21,27,59,12,61.69
2019-11-15 19:00:00,28,38,55,9,58.02
2019-11-15 20:00:00,18,7,34,14,63.63
2019-11-15 21:00:00,18,32,42,10,62.0
2019-11-15 22:00:00,12,25,54,15,60.65
2019-11-15 23:00:00,20,41,54,7,60.15
2019-11-16 00:00:00,38,24,43,2,64.92
2019-11-16 01:00:00,43,12,45,12,82.95
2019-11-16 02:00:00,32,32,32,17,61.06
2019-11-16 03:00:00,31,41,30,7,57.66
2019-11-16 04:00:00,31,6,65,14,83.1
2019-11-16 05:00:00,26,8,38,15,73.17
2019-11-16 06:00:00,24,30,64,11,60.0
2019-11-16 07:00:00,31,26,31,14,61.57
2019-11-16 08:00:00,37,26,66,10,60.99
2019-11-16 09:00:00,23,9,45,14,62.22
2019-11-16 10:00:00,29,27,59,6,64.42
2019-11-16 11:00:00,25,27,61,9,55.46
2019-11-16 12:00:00,18,37,43,1,55.0
2019-11-16 13:00:00,19,20,57,3,60.94
2019-11-16 14:00:00,10,18,42,10,56.25
2019-11-16 15:00:00,24,9,59,13,69.13
2019-11-16 16:00:00,35,26,65,0,64.29
2019-11-16 17:00:00,34,29,59,1,63.71
2019-11-16 18:00:00,45,16,56,0,80.94
2019-11-16 19:00:00,9,33,43,9,55.0
2019-11-16 20:00:00,36,40,34,6,65.26
2019-11-16 21:00:00,38,12,48,0,77.11
2019-11-16 22:00:00,24,27,34,14,62.13
2019-11-16 23:00:00,18,31,48,9,58.52
2019-11-17 00:00:00,21,6,62,0,75.85
2019-11-17 01:00:00,33,12,34,12,71.1
2019-11-17 02:00:00,40,20,63,16,78.87
2019-11-17 03:00:00,32,11,52,7,79.37
2019-11-17 04:00:00,27,19,31,17,58.63
2019-11-17 05:00:00,32,11,56,7,70.17
2019-11-17 06:00:00,10,39,30,1,55.0
2019-11-17 07:00:00,31,28,52,2,65.59
2019-11-17 08:00:00,9,18,48,1,55.86
2019-11-17 09:00:00,44,34,57,5,62.35
2019-11-17 10:00:00,41,6,43,6,79.58
2019-11-17 11:00:00,27,28,34,7,55.0
2019-11-17 12:00:00,22,31,44,8,55.0
2019-11-17 13:00:00,35,35,58,15,55.0
2019-11-17 14:00:00,32,14,65,0,68.92
2019-11-17 15:00:00,34,27,37,16,57.31
2019-11-17 16:00:00,27,34,43,4,58.29
2019-11-17 17:00:00,16,35,62,17,55.0
2019-11-17 18:00:00,10,12,41,2,57.78
2019-11-17 19:00:00,18,42,39,1,55.0
2019-11-17 20:00:00,28,16,60,2,68.09
2019-11-17 21:00:00,24,20,48,5,67.1
2019-11-17 22:00:00,27,13,51,16,71.3
2019-11-17 23:00:00,18,11,48,8,73.03
2019-11-18 00:00:00,43,15,52,2,85.67
2019-11-18 01:00:00,21,11,39,11,76.95
2019-11-18 02:00:00,40,33,57,9,71.78
2019-11-18 03:00:00,22,28,43,12,55.0
2019-11-18 04:00:00,24,20,49,13,65.63
2019-11-18 05:00:00,30,26,36,14,71.23
2019-11-18 06:00:00,17,28,30,2,55.0
2019-11-18 07:00:00,16,12,51,8,56.47
2019-11-18 08:00:00,22,16,35,11,64.35
2019-11-18 09:00:00,38,38,63,10,63.21
2019-11-18 10:00:00,13,6,65,17,61.54
2019-11-18 11:00:00,24,41,41,17,55.0
2019-11-18 12:00:00,33,41,40,14,55.0
2019-11-18 13:00:00,34,15,48,4,70.99
2019-11-18 14:00:00,24,17,37,9,61.88
2019-11-18 15:00:00,11,13,61,14,55.15
2019-11-18 16:00:00,8,26,33,4,55.0
2019-11-18 17:00:00,25,13,46,12,65.1
2019-11-18 18:00:00,38,35,36,4,69.09
2019-11-18 19:00:00,9,20,60,2,62.69
2019-11-18 20:00:00,41,41,35,4,63.26
2019-11-18 21:00:00,33,37,46,16,63.91
2019-11-18 22:00:00,8,20,60,17,65.35
2019-11-18 23:00:00,21,28,46,15,62.4
2019-11-19 00:00:00,16,6,36,4,75.57
2019-11-19 01:00:00,44,8,35,14,92.49
2019-11-19 02:00:00,29,24,52,3,68.82
2019-11-19 03:00:00,20,23,34,2,70.45
2019-11-19 04:00:00,18,20,43,4,69.81
2019-11-19 05:00:00,29,9,52,2,77.3
2019-11-19 06:00:00,8,37,44,11,55.0
2019-11-19 07:00:00,17,21,60,12,62.52
2019-11-19 08:00:00,14,23,55,0,56.26
2019-11-19 09:00:00,31,20,35,1,62.14
2019-11-19 10:00:00,33,24,60,8,68.12
2019-11-19 11:00:00,25,29,63,2,55.0
2019-11-19 12:00:00,13,34,37,14,55.0
2019-11-19 13:00:00,22,26,43,7,55.39
2019-11-19 14:00:00,40,12,44,7,69.38
2019-11-19 15:00:00,15,38,45,0,55.0
2019-11-19 16:00:00,14,16,47,12,59.37
2019-11-19 17:00:00,12,6,63,12,72.57
2019-11-19 18:00:00,39,7,54,13,80.96
2019-11-19 19:00:00,12,34,63,9,55.0
2019-11-19 20:00:00,30,20,42,4,67.27
2019-11-19 21:00:00,45,6,49,1,88.63
2019-11-19 22:00:00,32,36,33,5,64.11
2019-11-19 23:00:00,23,17,40,9,73.55
2019-11-20 00:00:00,15,42,51,2,55.0
2019-11-20 01:00:00,8,38,36,0,58.99
2019-11-20 02:00:00,13,7,65,3,74.69
2019-11-20 03:00:00,44,31,40,1,69.55
2019-11-20 04:00:00,13,28,35,0,55.0
2019-11-20 05:00:00,8,12,58,8,66.07
2019-11-20 06:00:00,39,18,33,13,69.95
2019-11-20 07:00:00,23,24,42,8,64.03
2019-11-20 08:00:00,21,11,37,1,69.7
2019-11-20 09:00:00,35,32,55,6,66.82
2019-11-20 10:00:00,27,16,61,0,63.95
2019-11-20 11:00:00,42,40,37,11,63.31
2019-11-20 12:00:00,25,35,45,4,55.0
2019-11-20 13:00:00,35,29,47,6,60.39
2019-11-20 14:00:00,41,10,55,16,77.19
2019-11-20 15:00:00,25,6,43,10,72.62
2019-11-20 16:00:00,18,11,49,13,62.98
2019-11-20 17:00:00,45,24,48,6,75.56
2019-11-20 18:00:00,16,34,30,16,58.05
2019-11-20 19:00:00,9,11,51,12,68.19
2019-11-20 20:00:00,29,32,51,9,65.2
2019-11-20 21:00:00,45,7,66,10,90.79
2019-11-20 22:00:00,11,15,48,11,63.51
2019-11-20 23:00:00,40,28,63,2,74.38
2019-11-21 00:00:00,39,36,42,4,62.72
2019-11-21 01:00:00,43,34,55,12,74.32
2019-11-21 02:00:00,24,25,63,7,70.9
2019-11-21 03:00:00,17,7,35,14,70.42
2019-11-21 04:00:00,27,16,50,9,68.31
2019-11-21 05:00:00,13,34,64,1,55.0
2019-11-21 06:00:00,40,9,50,11,85.94
2019-11-21 07:00:00,33,32,63,10,67.8
2019-11-21 08:00:00,26,32,45,6,57.35
2019-11-21 09:00:00,27,33,62,14,66.43
2019-11-21 10:00:00,35,14,53,6,82.27
2019-11-21 11:00:00,27,15,47,2,63.55
2019-11-21 12:00:00,39,13,37,2,71.04
2019-11-21 13:00:00,43,20,36,16,73.2
2019-11-21 14:00:00,44,25,40,6,65.42
2019-11-21 15:00:00,31,10,57,7,75.99
2019-11-21 16:00:00,36,26,47,5,66.88
2019-11-21 17:00:00,19,14,44,13,65.99
2019-11-21 18:00:00,9,26,47,10,55.0
2019-11-21 19:00:00,23,17,42,16,64.03
2019-11-21 20:00:00,41,41,59,16,58.73
2019-11-21 21:00:00,13,17,44,17,69.84
2019-11-21 22:00:00,28,38,47,5,65.38
2019-11-21 23:00:00,15,12,50,10,72.21
2019-11-22 00:00:00,24,9,53,6,76.92
2019-11-22 01:00:00,13,12,42,12,57.36
2019-11-22 02:00:00,35,21,32,13,69.27
2019-11-22 03:00:00,38,39,55,4,64.59
2019-11-22 04:00:00,36,12,50,15,73.6
2019-11-22 05:00:00,34,35,53,5,56.62
2019-11-22 06:00:00,16,31,50,17,55.0
2019-11-22 07:00:00,28,18,48,15,66.81
2019-11-22 08:00:00,11,18,65,0,58.08
2019-11-22 09:00:00,22,41,31,7,55.0
2019-11-22 10:00:00,27,32,33,6,62.38
2019-11-22 11:00:00,33,14,64,14,72.73
2019-11-22 12:00:00,11,39,62,13,55.0
2019-11-22 13:00:00,38,21,45,0,74.18
2019-11-22 14:00:00,25,8,50,15,61.6
2019-11-22 15:00:00,41,36,46,3,55.0
2019-11-22 16:00:00,28,38,66,6,55.0
2019-11-22 17:00:00,28,22,46,3,67.46
2019-11-22 18:00:00,34,32,58,2,65.05
2019-11-22 19:00:00,39,14,43,9,72.18
2019-11-22 20:00:00,13,37,44,1,55.0
2019-11-22 21:00:00,27,19,54,1,65.5
2019-11-22 22:00:00,9,15,44,14,57.51
2019-11-22 23:00:00,26,24,30,6,72.13
2019-11-23 00:00:00,38,15,36,11,77.01
2019-11-23 01:00:00,40,28,62,17,81.06
2019-11-23 02:00:00,18,33,43,0,55.0
2019-11-23 03:00:00,22,21,33,14,65.83
2019-11-23 04:00:00,28,34,64,1,63.09
2019-11-23 05:00:00,23,21,66,13,69.21
2019-11-23 06:00:00,14,41,48,5,55.0
2019-11-23 07:00:00,19,15,53,2,67.11
2019-11-23 08:00:00,23,32,57,4,57.55
2019-11-23 09:00:00,27,25,32,6,55.0
2019-11-23 10:00:00,42,40,40,13,60.96
2019-11-23 11:00:00,28,14,50,12,64.77
2019-11-23 12:00:00,22,13,50,13,59.17
2019-11-23 13:00:00,33,38,42,0,56.71
2019-11-23 14:00:00,37,39,30,17,58.52
2019-11-23 15:00:00,24,33,65,7,55.0
2019-11-23 16:00:00,26,23,52,2,60.03
2019-11-23 17:00:00,16,21,57,16,55.0
2019-11-23 18:00:00,40,30,46,14,59.71
2019-11-23 19:00:00,40,33,48,1,65.68
2019-11-23 20:00:00,14,16,46,7,65.75
2019-11-23 21:00:00,21,6,45,16,70.47
2019-11-23 22:00:00,18,8,54,12,77.34
2019-11-23 23:00:00,43,18,66,3,80.71
2019-11-24 00:00:00,10,31,58,12,55.01
2019-11-24 01:00:00,15,22,54,3,61.8
2019-11-24 02:00:00,19,28,30,6,62.94
2019-11-24 03:00:00,29,23,49,3,64.61
2019-11-24 04:00:00,17,15,65,12,66.4
2019-11-24 05:00:00,28,33,44,16,57.69
2019-11-24 06:00:00,36,32,50,0,62.02
2019-11-24 07:00:00,39,41,42,10,59.14
2019-11-24 08:00:00,11,36,37,4,55.0
2019-11-24 09:00:00,13,20,56,13,59.84
2019-11-24 10:00:00,11,32,41,2,55.0
2019-11-24 11:00:00,42,18,51,6,73.24
2019-11-24 12:00:00,32,38,51,3,55.05
2019-11-24 13:00:00,28,28,61,15,64.43
2019-11-24 14:00:00,38,36,64,1,59.46
2019-11-24 15:00:00,30,16,50,10,65.38
2019-11-24 16:00:00,16,6,31,2,66.39
2019-11-24 17:00:00,27,11,51,10,68.53
2019-11-24 18:00:00,34,25,62,13,70.21
2019-11-24 19:00:00,9,41,47,13,55.0
2019-11-24 20:00:00,31,29,50,0,61.5
2019-11-24 21:00:00,26,35,58,13,67.22
2019-11-24 22:00:00,10,23,46,5,56.44
2019-11-24 23:00:00,18,41,45,12,58.61
2019-11-25 00:00:00,25,40,47,17,61.69
2019-11-25 01:00:00,21,14,61,2,74.7
2019-11-25 02:00:00,19,37,48,6,56.19
2019-11-25 03:00:00,32,6,42,15,78.68
2019-11-25 04:00:00,23,27,52,2,60.36
2019-11-25 05:00:00,26,22,55,4,66.89
2019-11-25 06:00:00,38,17,63,9,75.11
2019-11-25 07:00:00,11,40,63,17,55.0
2019-11-25 08:00:00,21,30,58,5,55.0
2019-11-25 09:00:00,10,11,58,6,60.16
2019-11-25 10:00:00,43,11,46,14,81.35
2019-11-25 11:00:00,15,10,42,2,64.38
2019-11-25 12:00:00,39,17,50,5,70.69
2019-11-25 13:00:00,15,8,56,5,73.35
2019-11-25 14:00:00,20,15,49,7,59.44
2019-11-25 15:00:00,31,34,37,10,56.52
2019-11-25 16:00:00,39,38,30,3,55.0
2019-11-25 17:00:00,14,35,32,7,55.0
2019-11-25 18:00:00,16,24,45,16,65.25
2019-11-25 19:00:00,41,31,59,14,69.1
2019-11-25 20:00:00,20,40,59,17,55.0
2019-11-25 21:00:00,15,7,59,12,74.97
2019-11-25 22:00:00,36,39,56,10,67.4
2019-11-25 23:00:00,11,32,30,3,57.12
2019-11-26 00:00:00,40,20,62,2,79.45
2019-11-26 01:00:00,41,22,65,9,76.21
2019-11-26 02:00:00,40,22,61,7,78.1
2019-11-26 03:00:00,19,11,46,14,73.34
2019-11-26 04:00:00,12,14,37,0,63.5
2019-11-26 05:00:00,24,16,63,16,72.35
2019-11-26 06:00:00,20,6,36,3,68.09
2019-11-26 07:00:00,44,24,59,7,76.37
2019-11-26 08:00:00,32,23,65,6,68.13
2019-11-26 09:00:00,43,18,63,16,72.98
2019-11-26 10:00:00,36,12,49,12,73.7
2019-11-26 11:00:00,35,41,60,0,55.74
2019-11-26 12:00:00,12,31,60,15,55.0
2019-11-26 13:00:00,10,23,66,12,57.53
2019-11-26 14:00:00,9,32,43,1,55.0
2019-11-26 15:00:00,30,19,53,14,60.57
2019-11-26 16:00:00,15,13,60,0,59.93
2019-11-26 17:00:00,45,30,38,7,67.28
2019-11-26 18:00:00,13,34,38,2,55.0
2019-11-26 19:00:00,43,30,44,0,69.48
2019-11-26 20:00:00,33,26,43,10,73.04
2019-11-26 21:00:00,12,6,57,12,73.91
2019-11-26 22:00:00,10,29,64,8,57.09
2019-11-26 23:00:00,23,28,35,6,66.4
2019-11-27 00:00:00,20,21,42,9,68.64
2019-11-27 01:00:00,19,15,64,2,71.99
2019-11-27 02:00:00,28,42,52,0,65.16
2019-11-27 03:00:00,12,19,37,2,59.56
2019-11-27 04:00:00,12,16,52,0,64.63
2019-11-27 05:00:00,34,32,62,13,63.43
2019-11-27 06:00:00,45,23,43,10,71.56
2019-11-27 07:00:00,18,26,47,3,55.0
2019-11-27 08:00:00,43,29,52,10,65.88
2019-11-27 09:00:00,21,19,61,8,63.52
2019-11-27 10:00:00,20,11,50,2,64.01
2019-11-27 11:00:00,11,12,65,17,59.69
2019-11-27 12:00:00,24,40,57,16,55.0
2019-11-27 13:00:00,26,24,45,13,67.51
2019-11-27 14:00:00,33,21,48,14,62.12
2019-11-27 15:00:00,14,17,55,9,55.0
2019-11-27 16:00:00,15,32,32,14,55.0
2019-11-27 17:00:00,24,39,38,9,55.0
2019-11-27 18:00:00,10,34,38,2,55.0
2019-11-27 19:00:00,13,25,59,3,62.11
2019-11-27 20:00:00,31,23,60,15,75.6
2019-11-27 21:00:00,44,38,60,8,71.22
2019-11-27 22:00:00,29,37,33,13,60.38
2019-11-27 23:00:00,13,20,40,2,70.2
2019-11-28 00:00:00,45,41,41,8,58.18
2019-11-28 01:00:00,27,36,30,1,61.17
2019-11-28 02:00:00,35,37,39,3,66.94
2019-11-28 03:00:00,15,8,45,1,77.55
2019-11-28 04:00:00,29,10,62,3,70.78
2019-11-28 05:00:00,10,17,36,10,57.75
2019-11-28 06:00:00,31,34,61,0,57.54
2019-11-28 07:00:00,15,8,60,3,60.01
2019-11-28 08:00:00,42,9,35,12,77.1
2019-11-28 09:00:00,10,7,39,2,64.22
2019-11-28 10:00:00,32,13,46,10,74.5
2019-11-28 11:00:00,13,39,64,15,55.0
2019-11-28 12:00:00,34,32,59,14,63.69
2019-11-28 13:00:00,26,32,65,2,56.58
2019-11-28 14:00:00,44,16,41,2,76.35
2019-11-28 15:00:00,32,29,63,12,67.91
2019-11-28 16:00:00,22,34,65,6,55.39
2019-11-28 17:00:00,11,25,52,7,59.16
2019-11-28 18:00:00,30,37,35,8,55.0
2019-11-28 19:00:00,24,27,39,10,64.56
2019-11-28 20:00:00,9,18,34,8,63.36
2019-11-28 21:00:00,30,29,59,0,71.87
2019-11-28 22:00:00,15,40,41,1,55.0
2019-11-28 23:00:00,16,36,55,0,56.54
2019-11-29 00:00:00,8,24,39,4,58.29
2019-11-29 01:00:00,22,28,66,14,66.9
2019-11-29 02:00:00,16,42,58,17,55.0
2019-11-29 03:00:00,10,33,43,8,58.03
2019-11-29 04:00:00,24,24,47,0,59.25
2019-11-29 05:00:00,16,16,32,1,60.88
2019-11-29 06:00:00,13,39,35,14,55.0
2019-11-29 07:00:00,25,42,66,6,56.05
2019-11-29 08:00:00,10,8,60,15,64.55
2019-11-29 09:00:00,45,7,61,9,94.69
2019-11-29 10:00:00,25,10,53,15,71.24
2019-11-29 11:00:00,45,20,38,2,72.01
2019-11-29 12:00:00,41,11,33,15,73.8
2019-11-29 13:00:00,45,38,56,9,61.32
2019-11-29 14:00:00,28,39,42,7,55.0
2019-11-29 15:00:00,24,12,30,9,65.0
2019-11-29 16:00:00,35,36,30,5,55.0
2019-11-29 17:00:00,11,11,50,10,62.1
2019-11-29 18:00:00,39,35,61,13,66.18
2019-11-29 19:00:00,20,19,43,14,70.51
2019-11-29 20:00:00,8,7,66,17,66.35
2019-11-29 21:00:00,17,21,44,7,59.8
2019-11-29 22:00:00,17,36,57,13,57.7
2019-11-29 23:00:00,8,40,39,15,55.0
2019-11-30 00:00:00,33,10,52,0,78.66
2019-11-30 01:00:00,11,36,40,8,55.0
2019-11-30 02:00:00,40,16,58,12,79.1
2019-11-30 03:00:00,25,23,46,8,63.4
2019-11-30 04:00:00,35,10,31,1,75.06
2019-11-30 05:00:00,20,42,39,11,55.0
2019-11-30 06:00:00,13,35,43,7,55.0
2019-11-30 07:00:00,14,29,47,11,55.0
2019-11-30 08:00:00,32,32,39,0,60.64
2019-11-30 09:00:00,35,38,51,0,56.02
2019-11-30 10:00:00,18,11,65,10,73.72
2019-11-30 11:00:00,21,15,56,17,62.38
2019-11-30 12:00:00,43,7,41,11,71.26
2019-11-30 13:00:00,40,24,55,16,63.43
2019-11-30 14:00:00,23,24,65,15,55.12
2019-11-30 15:00:00,17,7,38,5,59.65
2019-11-30 16:00:00,19,30,38,1,55.0
2019-11-30 17:00:00,28,6,31,10,66.44
2019-11-30 18:00:00,29,35,61,11,58.31
2019-11-30 19:00:00,14,32,60,13,58.67
2019-11-30 20:00:00,10,36,45,9,55.0
2019-11-30 21:00:00,26,10,62,16,77.7
2019-11-30 22:00:00,38,38,54,15,59.4
2019-11-30 23:00:00,13,26,66,10,59.14
2019-12-01 00:00:00,23,37,64,9,56.72
2019-12-01 01:00:00,14,31,65,0,59.76
2019-12-01 02:00:00,17,30,44,14,55.0
2019-12-01 03:00:00,31,7,53,12,87.02
2019-12-01 04:00:00,18,31,36,16,55.0
2019-12-01 05:00:00,18,22,63,1,66.87
2019-12-01 06:00:00,45,37,41,2,69.07
2019-12-01 07:00:00,14,31,46,12,55.0
2019-12-01 08:00:00,15,8,51,8,63.98
2019-12-01 09:00:00,43,38,59,10,69.95
2019-12-01 10:00:00,28,8,57,7,79.75
2019-12-01 11:00:00,9,17,65,11,55.0
2019-12-01 12:00:00,24,14,56,11,64.29
2019-12-01 13:00:00,29,42,59,3,55.0
2019-12-01 14:00:00,17,11,51,13,56.89
2019-12-01 15:00:00,28,37,45,8,55.28
2019-12-01 16:00:00,32,14,63,10,72.01
2019-12-01 17:00:00,17,30,43,11,55.0
2019-12-01 18:00:00,38,9,52,13,80.04
2019-12-01 19:00:00,25,20,40,5,66.11
2019-12-01 20:00:00,44,29,47,0,69.86
2019-12-01 21:00:00,11,32,43,3,55.0
2019-12-01 22:00:00,20,38,39,17,56.65
2019-12-01 23:00:00,35,36,60,4,73.29
2019-12-02 00:00:00,42,25,58,4,79.24
2019-12-02 01:00:00,16,17,55,15,70.42
2019-12-02 02:00:00,45,15,33,4,78.37
2019-12-02 03:00:00,15,42,39,8,55.0
2019-12-02 04:00:00,23,28,38,6,63.73
2019-12-02 05:00:00,19,39,56,11,55.0
2019-12-02 06:00:00,24,22,63,10,66.23
2019-12-02 07:00:00,42,23,44,9,73.66
2019-12-02 08:00:00,35,36,42,9,59.25
2019-12-02 09:00:00,38,32,50,15,64.4
2019-12-02 10:00:00,17,13,66,10,63.13
2019-12-02 11:00:00,43,25,43,9,65.36
2019-12-02 12:00:00,24,13,40,15,58.84
2019-12-02 13:00:00,32,34,49,1,57.09
2019-12-02 14:00:00,34,7,63,15,80.47
2019-12-02 15:00:00,33,36,57,3,62.97
2019-12-02 16:00:00,30,40,49,5,55.0
2019-12-02 17:00:00,26,6,57,0,72.07
2019-12-02 18:00:00,32,29,30,10,60.89
2019-12-02 19:00:00,42,8,57,14,81.81
2019-12-02 20:00:00,22,19,33,6,66.35
2019-12-02 21:00:00,27,18,44,11,74.76
2019-12-02 22:00:00,14,25,42,7,69.1
2019-12-02 23:00:00,21,39,55,13,55.0
2019-12-03 00:00:00,37,23,38,17,77.54
2019-12-03 01:00:00,32,20,38,12,75.85
2019-12-03 02:00:00,16,9,62,6,71.57
2019-12-03 03:00:00,28,38,47,14,57.22
2019-12-03 04:00:00,38,17,57,0,79.54
2019-12-03 05:00:00,12,23,51,17,67.63
2019-12-03 06:00:00,10,9,52,15,65.76
2019-12-03 07:00:00,22,16,55,11,63.42
2019-12-03 08:00:00,32,26,54,11,64.76
2019-12-03 09:00:00,19,39,63,4,55.0
2019-12-03 10:00:00,39,18,59,7,72.57
2019-12-03 11:00:00,40,26,41,1,69.13
2019-12-03 12:00:00,28,38,36,6,55.0
2019-12-03 13:00:00,22,19,61,10,55.0
2019-12-03 14:00:00,9,16,43,6,56.6
2019-12-03 15:00:00,39,7,41,13,75.45
2019-12-03 16:00:00,42,39,34,15,58.74
2019-12-03 17:00:00,24,10,50,10,67.44
2019-12-03 18:00:00,27,13,48,6,73.04
2019-12-03 19:00:00,36,11,60,5,78.22
2019-12-03 20:00:00,34,32,57,9,71.71
2019-12-03 21:00:00,13,19,56,12,68.23
2019-12-03 22:00:00,33,32,49,2,67.2
2019-12-03 23:00:00,43,28,61,8,75.55
2019-12-04 00:00:00,36,6,66,7,87.28
2019-12-04 01:00:00,26,17,60,5,73.89
2019-12-04 02:00:00,27,6,42,4,71.81
2019-12-04 03:00:00,17,8,40,15,78.96
2019-12-04 04:00:00,33,23,30,7,72.78
2019-12-04 05:00:00,17,15,66,10,66.18
2019-12-04 06:00:00,20,9,57,0,63.25
2019-12-04 07:00:00,18,21,64,5,62.03
2019-12-04 08:00:00,20,22,59,4,59.37
2019-12-04 09:00:00,21,42,45,5,55.0
2019-12-04 10:00:00,11,30,35,15,55.0
2019-12-04 11:00:00,35,20,31,10,64.28
2019-12-04 12:00:00,24,23,59,16,59.47
2019-12-04 13:00:00,44,9,41,7,77.4
2019-12-04 14:00:00,14,20,44,13,55.43
2019-12-04 15:00:00,33,27,60,2,65.5
2019-12-04 16:00:00,14,6,47,14,72.1
2019-12-04 17:00:00,28,40,65,10,55.85
2019-12-04 18:00:00,26,25,50,0,61.08
2019-12-04 19:00:00,25,35,60,12,55.0
2019-12-04 20:00:00,32,16,34,8,71.58
2019-12-04 21:00:00,39,36,44,0,62.8
2019-12-04 22:00:00,20,19,36,15,71.06
2019-12-04 23:00:00,40,40,32,9,66.33
2019-12-05 00:00:00,15,25,66,10,67.88
2019-12-05 01:00:00,19,29,49,10,68.13
2019-12-05 02:00:00,19,13,43,1,66.56
2019-12-05 03:00:00,44,42,43,5,65.71
2019-12-05 04:00:00,12,13,38,12,69.35
2019-12-05 05:00:00,23,7,34,6,72.64
2019-12-05 06:00:00,24,22,63,15,68.01
2019-12-05 07:00:00,38,36,33,5,65.89
2019-12-05 08:00:00,26,40,44,8,56.56
2019-12-05 09:00:00,44,37,35,8,64.33
2019-12-05 10:00:00,36,26,64,0,72.11
2019-12-05 11:00:00,34,39,37,14,55.0
2019-12-05 12:00:00,36,24,44,2,67.1
2019-12-05 13:00:00,14,23,57,8,55.0
2019-12-05 14:00:00,25,12,51,16,70.96
2019-12-05 15:00:00,30,35,44,17,55.0
2019-12-05 16:00:00,15,17,50,4,55.0
2019-12-05 17:00:00,12,13,46,6,64.03
2019-12-05 18:00:00,13,19,40,10,55.14
2019-12-05 19:00:00,37,28,52,12,65.36
2019-12-05 20:00:00,32,15,43,4,79.48
2019-12-05 21:00:00,18,19,65,9,71.52
2019-12-05 22:00:00,36,18,47,15,75.65
2019-12-05 23:00:00,34,28,57,13,59.69
2019-12-06 00:00:00,39,32,38,14,71.76
2019-12-06 01:00:00,42,30,53,15,76.38
2019-12-06 02:00:00,41,11,50,15,84.94
2019-12-06 03:00:00,14,18,57,9,66.04
2019-12-06 04:00:00,37,29,47,17,68.1
2019-12-06 05:00:00,22,14,56,8,67.0
2019-12-06 06:00:00,23,8,32,12,64.5
2019-12-06 07:00:00,32,17,55,16,67.28
2019-12-06 08:00:00,30,31,57,0,61.67
2019-12-06 09:00:00,23,30,48,16,56.6
2019-12-06 10:00:00,45,10,31,14,79.09
2019-12-06 11:00:00,14,31,50,17,55.0
2019-12-06 12:00:00,11,13,58,13,55.0
2019-12-06 13:00:00,9,33,47,2,55.0
2019-12-06 14:00:00,38,26,33,5,59.4
2019-12-06 15:00:00,23,10,44,0,66.59
2019-12-06 16:00:00,24,18,66,10,59.89
2019-12-06 17:00:00,32,36,40,7,62.84
2019-12-06 18:00:00,24,22,49,8,60.19
2019-12-06 19:00:00,29,31,43,13,68.21
2019-12-06 20:00:00,10,33,56,14,55.0
2019-12-06 21:00:00,13,7,45,1,64.24
2019-12-06 22:00:00,43,40,44,16,75.81
2019-12-06 23:00:00,25,18,51,6,71.84
2019-12-07 00:00:00,14,35,51,13,55.54
2019-12-07 01:00:00,22,23,48,10,65.17
2019-12-07 02:00:00,20,27,39,7,62.64
2019-12-07 03:00:00,18,19,33,3,64.86
2019-12-07 04:00:00,19,37,55,3,55.0
2019-12-07 05:00:00,35,10,42,13,75.09
2019-12-07 06:00:00,12,39,52,5,55.0
2019-12-07 07:00:00,19,13,43,4,65.6
2019-12-07 08:00:00,25,38,61,0,55.93
2019-12-07 09:00:00,28,6,56,15,72.01
2019-12-07 10:00:00,41,6,44,7,74.38
2019-12-07 11:00:00,43,9,42,6,72.98
2019-12-07 12:00:00,19,26,57,6,55.0
2019-12-07 13:00:00,28,15,30,10,65.0
2019-12-07 14:00:00,8,28,32,8,55.0
2019-12-07 15:00:00,31,36,33,9,55.0
2019-12-07 16:00:00,13,7,42,5,63.03
2019-12-07 17:00:00,10,25,48,5,55.0
2019-12-07 18:00:00,33,33,40,15,60.81
2019-12-07 19:00:00,14,21,36,7,55.0
2019-12-07 20:00:00,26,40,41,17,56.56
2019-12-07 21:00:00,11,30,48,15,55.0
2019-12-07 22:00:00,36,7,41,12,80.43
2019-12-07 23:00:00,37,26,51,9,76.96
2019-12-08 00:00:00,29,20,44,15,72.93
2019-12-08 01:00:00,39,10,64,1,81.48
2019-12-08 02:00:00,24,41,66,8,57.61
2019-12-08 03:00:00,15,14,54,12,72.59
2019-12-08 04:00:00,13,9,50,1,65.28
2019-12-08 05:00:00,16,14,31,3,62.59
2019-12-08 06:00:00,15,36,53,1,55.0
2019-12-08 07:00:00,20,28,44,8,56.76
2019-12-08 08:00:00,16,36,40,9,55.0
2019-12-08 09:00:00,30,23,59,8,60.66
2019-12-08 10:00:00,13,10,31,0,57.87
2019-12-08 11:00:00,31,20,39,8,65.3
2019-12-08 12:00:00,20,13,58,15,67.5
2019-12-08 13:00:00,34,26,64,0,57.65
2019-12-08 14:00:00,27,15,49,13,71.72
2019-12-08 15:00:00,42,41,49,4,58.18
2019-12-08 16:00:00,24,19,65,1,67.76
2019-12-08 17:00:00,19,17,33,0,57.35
2019-12-08 18:00:00,30,42,47,0,55.0
2019-12-08 19:00:00,33,25,38,7,61.17
2019-12-08 20:00:00,24,12,47,8,69.29
2019-12-08 21:00:00,29,23,63,11,71.94
2019-12-08 22:00:00,25,15,52,1,71.78
2019-12-08 23:00:00,19,32,66,11,59.86
2019-12-09 00:00:00,19,27,48,13,67.37
2019-12-09 01:00:00,42,33,61,1,73.4
2019-12-09 02:00:00,33,40,36,12,62.77
2019-12-09 03:00:00,11,32,41,2,66.18
2019-12-09 04:00:00,44,18,40,7,78.52
2019-12-09 05:00:00,35,13,58,11,74.28
2019-12-09 06:00:00,9,25,48,15,55.92
2019-12-09 07:00:00,35,22,38,9,70.72
2019-12-09 08:00:00,30,17,36,7,67.7
2019-12-09 09:00:00,42,36,44,15,63.15
2019-12-09 10:00:00,26,39,35,3,56.38
2019-12-09 11:00:00,27,20,55,3,68.43
2019-12-09 12:00:00,19,31,61,8,55.0
2019-12-09 13:00:00,20,42,65,2,55.0
2019-12-09 14:00:00,31,6,38,0,73.37
2019-12-09 15:00:00,39,19,46,6,67.82
2019-12-09 16:00:00,41,33,48,2,68.49
2019-12-09 17:00:00,37,24,48,11,70.48
2019-12-09 18:00:00,31,35,46,9,71.08
2019-12-09 19:00:00,27,23,38,8,71.06
2019-12-09 20:00:00,20,8,34,8,65.94
2019-12-09 21:00:00,37,22,44,1,71.76
2019-12-09 22:00:00,20,20,33,7,57.54
2019-12-09 23:00:00,18,37,32,1,55.0
2019-12-10 00:00:00,40,11,49,6,84.74
2019-12-10 01:00:00,30,11,61,12,75.07
2019-12-10 02:00:00,21,11,50,17,79.9
2019-12-10 03:00:00,40,27,30,5,76.9
2019-12-10 04:00:00,44,42,61,4,67.3
2019-12-10 05:00:00,20,28,55,12,59.89
2019-12-10 06:00:00,27,36,41,16,64.03
2019-12-10 07:00:00,26,37,40,5,62.58
2019-12-10 08:00:00,34,28,63,15,62.56
2019-12-10 09:00:00,44,28,47,5,65.01
2019-12-10 10:00:00,28,14,35,11,65.04
2019-12-10 11:00:00,38,41,40,3,58.67
2019-12-10 12:00:00,30,35,39,4,55.0
2019-12-10 13:00:00,41,38,44,17,62.45
2019-12-10 14:00:00,23,42,42,7,56.59
2019-12-10 15:00:00,22,18,50,0,57.33
2019-12-10 16:00:00,24,11,41,13,66.16
2019-12-10 17:00:00,45,37,53,2,61.93
2019-12-10 18:00:00,31,23,48,1,64.79
2019-12-10 19:00:00,13,41,64,15,55.0
2019-12-10 20:00:00,9,31,60,6,55.0
2019-12-10 21:00:00,27,15,42,2,75.0
2019-12-10 22:00:00,38,19,31,17,76.99
2019-12-10 23:00:00,26,28,51,5,68.48
2019-12-11 00:00:00,29,20,42,11,71.59
2019-12-11 01:00:00,38,16,63,4,81.06
2019-12-11 02:00:00,27,13,45,10,73.86
2019-12-11 03:00:00,42,30,40,12,71.96
2019-12-11 04:00:00,32,7,42,13,81.05
2019-12-11 05:00:00,35,9,62,7,73.14
2019-12-11 06:00:00,37,7,34,11,80.22
2019-12-11 07:00:00,31,33,65,15,59.93
2019-12-11 08:00:00,9,7,38,15,60.46
2019-12-11 09:00:00,24,21,61,13,57.49
2019-12-11 10:00:00,13,10,50,7,60.49
2019-12-11 11:00:00,27,27,51,9,61.03
2019-12-11 12:00:00,13,7,37,17,63.5
2019-12-11 13:00:00,27,6,56,4,67.23
2019-12-11 14:00:00,21,21,53,12,62.21
2019-12-11 15:00:00,8,31,47,14,55.0
2019-12-11 16:00:00,12,10,46,8,60.65
2019-12-11 17:00:00,27,24,52,15,64.86
2019-12-11 18:00:00,10,35,47,7,55.0
2019-12-11 19:00:00,40,29,66,15,69.4
2019-12-11 20:00:00,36,33,31,11,67.25
2019-12-11 21:00:00,34,17,39,0,79.42
2019-12-11 22:00:00,14,40,61,14,55.0
2019-12-11 23:00:00,38,11,59,12,94.94
2019-12-12 00:00:00,32,28,42,4,70.68
2019-12-12 01:00:00,22,22,48,12,62.57
2019-12-12 02:00:00,8,7,30,9,71.12
2019-12-12 03:00:00,28,40,36,16,55.0
2019-12-12 04:00:00,38,31,64,5,72.33
2019-12-12 05:00:00,9,14,53,4,58.52
2019-12-12 06:00:00,9,7,31,1,57.29
2019-12-12 07:00:00,22,31,59,14,62.15
2019-12-12 08:00:00,27,26,44,17,60.18
2019-12-12 09:00:00,26,7,51,12,77.79
2019-12-12 10:00:00,24,42,61,6,55.0
2019-12-12 11:00:00,17,32,60,15,55.0
2019-12-12 12:00:00,10,23,35,4,55.0
2019-12-12 13:00:00,9,14,43,12,67.29
2019-12-12 14:00:00,11,16,40,10,59.21
2019-12-12 15:00:00,34,22,63,15,70.45
2019-12-12 16:00:00,37,8,58,17,80.37
2019-12-12 17:00:00,24,19,53,6,63.47
2019-12-12 18:00:00,10,14,32,1,70.44
2019-12-12 19:00:00,23,10,59,2,74.57
2019-12-12 20:00:00,45,10,50,13,86.48
2019-12-12 21:00:00,17,18,40,6,69.09
2019-12-12 22:00:00,26,20,46,2,65.22
2019-12-12 23:00:00,28,18,46,14,69.45
2019-12-13 00:00:00,20,31,40,11,58.95
2019-12-13 01:00:00,24,25,63,2,71.54
2019-12-13 02:00:00,25,13,63,12,69.08
2019-12-13 03:00:00,26,41,31,11,55.24
2019-12-13 04:00:00,35,33,64,17,66.39
2019-12-13 05:00:00,30,23,44,17,60.6
2019-12-13 06:00:00,10,7,59,17,62.99
2019-12-13 07:00:00,8,39,58,16,55.0
2019-12-13 08:00:00,23,33,52,14,55.0
2019-12-13 09:00:00,42,23,57,12,76.09
2019-12-13 10:00:00,9,11,55,9,59.85
2019-12-13 11:00:00,10,9,61,14,61.17
2019-12-13 12:00:00,33,16,45,17,66.86
2019-12-13 13:00:00,25,14,57,2,60.51
2019-12-13 14:00:00,16,13,66,2,59.23
2019-12-13 15:00:00,15,21,65,8,58.94
2019-12-13 16:00:00,33,7,35,5,70.42
2019-12-13 17:00:00,27,18,48,9,66.82
2019-12-13 18:00:00,32,38,48,5,55.38
2019-12-13 19:00:00,18,38,53,14,55.0
2019-12-13 20:00:00,28,6,53,16,79.23
2019-12-13 21:00:00,40,31,61,5,65.2
2019-12-13 22:00:00,20,42,49,13,55.0
2019-12-13 23:00:00,23,27,55,1,59.04
2019-12-14 00:00:00,14,20,63,14,56.89
2019-12-14 01:00:00,32,24,33,12,66.5
2019-12-14 02:00:00,9,13,53,12,75.01
2019-12-14 03:00:00,17,20,43,8,65.76
2019-12-14 04:00:00,35,40,63,1,68.2
2019-12-14 05:00:00,8,28,50,15,55.0
2019-12-14 06:00:00,45,21,52,1,76.05
2019-12-14 07:00:00,23,10,57,8,72.1
2019-12-14 08:00:00,23,39,38,3,55.0
2019-12-14 09:00:00,28,12,50,15,69.33
2019-12-14 10:00:00,32,32,58,10,63.44
2019-12-14 11:00:00,25,17,58,9,65.48
2019-12-14 12:00:00,41,16,38,5,74.85
2019-12-14 13:00:00,44,12,60,14,76.81
2019-12-14 14:00:00,15,19,36,3,61.1
2019-12-14 15:00:00,34,31,39,12,58.37
2019-12-14 16:00:00,19,21,61,17,68.05
2019-12-14 17:00:00,45,6,52,4,84.61
2019-12-14 18:00:00,17,15,50,12,61.39
2019-12-14 19:00:00,19,11,50,5,62.68
2019-12-14 20:00:00,35,20,65,16,70.6
2019-12-14 21:00:00,37,39,38,16,58.87
2019-12-14 22:00:00,12,41,41,5,55.0
2019-12-14 23:00:00,29,42,48,4,55.0
2019-12-15 00:00:00,21,10,61,1,78.88
2019-12-15 01:00:00,31,24,50,12,70.7
2019-12-15 02:00:00,29,7,56,16,78.94
2019-12-15 03:00:00,45,24,60,2,73.13
2019-12-15 04:00:00,43,27,63,14,71.34
2019-12-15 05:00:00,32,34,47,13,55.0
2019-12-15 06:00:00,33,18,46,8,76.38
2019-12-15 07:00:00,42,7,32,4,72.68
2019-12-15 08:00:00,14,22,32,11,55.0
2019-12-15 09:00:00,35,21,48,10,72.03
2019-12-15 10:00:00,37,29,57,14,64.81
2019-12-15 11:00:00,12,9,61,10,60.95
2019-12-15 12:00:00,41,28,45,0,65.57
2019-12-15 13:00:00,34,20,51,3,69.33
2019-12-15 14:00:00,21,33,60,6,55.0
2019-12-15 15:00:00,26,42,41,8,55.0
2019-12-15 16:00:00,26,14,35,6,67.84
2019-12-15 17:00:00,42,33,64,15,68.94
2019-12-15 18:00:00,44,10,50,5,85.45
2019-12-15 19:00:00,38,42,35,12,55.0
2019-12-15 20:00:00,32,23,39,6,65.24
2019-12-15 21:00:00,11,33,42,17,55.0
2019-12-15 22:00:00,42,34,37,16,65.28
2019-12-15 23:00:00,13,28,46,14,55.0
2019-12-16 00:00:00,14,20,60,13,65.99
2019-12-16 01:00:00,10,33,57,11,58.98
2019-12-16 02:00:00,44,23,63,10,79.23
2019-12-16 03:00:00,26,30,60,10,67.17
2019-12-16 04:00:00,16,28,41,0,59.36
2019-12-16 05:00:00,11,23,32,16,55.81
2019-12-16 06:00:00,23,10,35,17,69.19
2019-12-16 07:00:00,35,16,59,9,78.58
2019-12-16 08:00:00,45,40,42,15,58.84
2019-12-16 09:00:00,28,25,56,7,65.16
2019-12-16 10:00:00,31,29,46,2,55.08
2019-12-16 11:00:00,39,15,63,15,69.97
2019-12-16 12:00:00,42,32,48,9,68.58
2019-12-16 13:00:00,18,24,63,16,55.0
2019-12-16 14:00:00,45,14,39,3,74.09
2019-12-16 15:00:00,27,11,58,8,78.86
2019-12-16 16:00:00,43,20,49,12,77.4
2019-12-16 17:00:00,12,26,37,2,55.0
2019-12-16 18:00:00,11,16,38,17,56.79
2019-12-16 19:00:00,41,15,41,10,76.88
2019-12-16 20:00:00,33,15,35,3,78.9
2019-12-16 21:00:00,14,16,64,13,62.48
2019-12-16 22:00:00,42,33,37,15,66.3
2019-12-16 23:00:00,11,24,52,6,63.25
2019-12-17 00:00:00,33,23,51,10,67.31
2019-12-17 01:00:00,15,12,49,13,66.19
2019-12-17 02:00:00,10,26,53,2,58.99
2019-12-17 03:00:00,38,41,63,9,66.63
2019-12-17 04:00:00,40,33,65,10,66.08
2019-12-17 05:00:00,12,22,62,5,62.22
2019-12-17 06:00:00,11,17,47,5,62.55
2019-12-17 07:00:00,31,19,56,11,67.32
2019-12-17 08:00:00,9,6,36,13,68.58
2019-12-17 09:00:00,36,7,62,7,79.26
2019-12-17 10:00:00,42,34,37,2,59.12
2019-12-17 11:00:00,36,37,34,14,63.92
2019-12-17 12:00:00,16,41,60,3,55.0
2019-12-17 13:00:00,15,29,58,0,55.0
2019-12-17 14:00:00,33,40,35,5,55.0
2019-12-17 15:00:00,10,21,65,14,58.7
2019-12-17 16:00:00,28,15,34,13,65.31
2019-12-17 17:00:00,25,15,31,5,64.69
2019-12-17 18:00:00,36,14,65,9,76.9
2019-12-17 19:00:00,15,33,38,17,55.0
2019-12-17 20:00:00,36,6,38,12,85.78
2019-12-17 21:00:00,34,40,59,13,59.69
2019-12-17 22:00:00,17,34,52,1,58.54
2019-12-17 23:00:00,21,20,49,4,69.09
2019-12-18 00:00:00,10,31,66,1,58.22
2019-12-18 01:00:00,25,10,33,17,78.94
2019-12-18 02:00:00,17,21,64,6,61.25
2019-12-18 03:00:00,12,10,39,8,69.62
2019-12-18 04:00:00,29,10,53,9,72.19
2019-12-18 05:00:00,29,6,41,9,75.05
2019-12-18 06:00:00,11,35,40,0,55.0
2019-12-18 07:00:00,15,33,41,16,55.0
2019-12-18 08:00:00,11,39,50,6,55.0
2019-12-18 09:00:00,33,42,62,16,63.79
2019-12-18 10:00:00,20,41,34,13,55.0
2019-12-18 11:00:00,10,42,54,12,55.0
2019-12-18 12:00:00,15,6,61,12,61.29
2019-12-18 13:00:00,45,35,57,17,68.98
2019-12-18 14:00:00,17,32,66,5,60.18
2019-12-18 15:00:00,34,12,30,5,74.57
2019-12-18 16:00:00,25,11,43,12,63.67
2019-12-18 17:00:00,14,42,45,4,55.0
2019-12-18 18:00:00,19,38,49,14,55.0
2019-12-18 19:00:00,8,18,41,0,56.63
2019-12-18 20:00:00,36,8,39,16,90.85
2019-12-18 21:00:00,20,18,61,6,67.62
2019-12-18 22:00:00,26,6,38,0,77.69
2019-12-18 23:00:00,13,31,65,10,57.72
2019-12-19 00:00:00,39,20,31,4,77.5
2019-12-19 01:00:00,16,7,45,5,77.85
2019-12-19 02:00:00,29,42,52,8,60.93
2019-12-19 03:00:00,41,36,66,10,70.18
2019-12-19 04:00:00,35,39,58,2,60.08
2019-12-19 05:00:00,30,42,30,0,60.92
2019-12-19 06:00:00,41,6,57,8,82.9
2019-12-19 07:00:00,14,34,42,6,55.0
2019-12-19 08:00:00,44,35,61,10,57.96
2019-12-19 09:00:00,29,34,58,13,57.88
2019-12-19 10:00:00,23,15,37,11,61.12
2019-12-19 11:00:00,17,20,43,1,55.0
2019-12-19 12:00:00,36,40,60,17,61.78
2019-12-19 13:00:00,45,8,64,12,78.78
2019-12-19 14:00:00,34,29,52,0,70.16
2019-12-19 15:00:00,9,35,38,13,55.0
2019-12-19 16:00:00,25,35,44,15,55.0
2019-12-19 17:00:00,35,28,59,10,72.58
2019-12-19 18:00:00,23,34,52,14,64.11
2019-12-19 19:00:00,37,39,37,15,60.05
2019-12-19 20:00:00,34,34,40,17,60.64
2019-12-19 21:00:00,10,10,37,17,56.78
2019-12-19 22:00:00,29,15,47,3,76.34
2019-12-19 23:00:00,14,17,46,0,61.92
2019-12-20 00:00:00,26,18,50,11,73.02
2019-12-20 01:00:00,22,19,64,12,67.6
2019-12-20 02:00:00,38,14,54,10,76.86
2019-12-20 03:00:00,40,31,51,4,68.47
2019-12-20 04:00:00,25,10,43,17,67.08
2019-12-20 05:00:00,28,35,53,7,57.85
2019-12-20 06:00:00,31,30,65,13,61.58
2019-12-20 07:00:00,32,41,30,11,55.0
2019-12-20 08:00:00,32,6,42,16,74.15
2019-12-20 09:00:00,37,16,32,12,64.76
2019-12-20 10:00:00,45,39,37,11,64.99
2019-12-20 11:00:00,39,24,32,15,63.94
2019-12-20 12:00:00,13,26,51,0,56.94
2019-12-20 13:00:00,26,7,60,12,70.55
2019-12-20 14:00:00,25,34,64,10,55.31
2019-12-20 15:00:00,27,15,38,13,62.73
2019-12-20 16:00:00,28,41,55,4,56.04
2019-12-20 17:00:00,35,19,42,10,69.45
2019-12-20 18:00:00,23,12,41,5,71.06
2019-12-20 19:00:00,18,27,52,2,65.31
2019-12-20 20:00:00,25,23,55,10,63.42
2019-12-20 21:00:00,40,23,51,0,77.57
2019-12-20 22:00:00,19,41,33,1,55.0
2019-12-20 23:00:00,8,19,45,9,62.11
2019-12-21 00:00:00,45,20,40,16,77.35
2019-12-21 01:00:00,15,29,30,12,55.0
2019-12-21 02:00:00,30,12,31,0,71.39
2019-12-21 03:00:00,38,36,46,1,63.3
2019-12-21 04:00:00,18,14,33,7,61.22
2019-12-21 05:00:00,20,14,57,7,66.58
2019-12-21 06:00:00,18,6,32,0,63.6
2019-12-21 07:00:00,13,18,38,4,58.46
2019-12-21 08:00:00,13,27,66,2,55.0
2019-12-21 09:00:00,15,32,56,10,55.0
2019-12-21 10:00:00,25,39,50,11,55.0
2019-12-21 11:00:00,28,34,30,7,55.0
2019-12-21 12:00:00,8,17,31,10,55.0
2019-12-21 13:00:00,40,36,63,3,64.1
2019-12-21 14:00:00,33,13,59,15,68.06
2019-12-21 15:00:00,10,13,65,0,60.0
2019-12-21 16:00:00,40,19,59,9,66.8
2019-12-21 17:00:00,9,25,30,5,55.0
2019-12-21 18:00:00,29,13,59,8,69.29
2019-12-21 19:00:00,25,39,46,9,55.0
2019-12-21 20:00:00,27,16,55,11,66.07
2019-12-21 21:00:00,44,20,45,16,72.84
2019-12-21 22:00:00,43,28,56,10,72.65
2019-12-21 23:00:00,18,21,61,4,71.62
2019-12-22 00:00:00,30,20,66,9,71.09
2019-12-22 01:00:00,44,42,50,9,58.67
2019-12-22 02:00:00,35,22,40,15,73.57
2019-12-22 03:00:00,41,10,52,10,78.04
2019-12-22 04:00:00,24,33,48,15,62.42
2019-12-22 05:00:00,18,32,37,11,55.0
2019-12-22 06:00:00,27,14,56,10,68.72
2019-12-22 07:00:00,39,37,32,5,64.99
2019-12-22 08:00:00,43,20,44,4,74.33
2019-12-22 09:00:00,34,11,55,1,67.04
2019-12-22 10:00:00,34,12,64,9,67.27
2019-12-22 11:00:00,27,32,52,16,55.0
2019-12-22 12:00:00,20,13,66,0,73.42
2019-12-22 13:00:00,24,23,60,17,55.81
2019-12-22 14:00:00,26,33,38,15,57.79
2019-12-22 15:00:00,38,37,61,7,58.4
2019-12-22 16:00:00,29,24,42,5,57.44
2019-12-22 17:00:00,38,39,53,10,60.73
2019-12-22 18:00:00,9,17,37,15,55.06
2019-12-22 19:00:00,36,38,49,0,65.23
2019-12-22 20:00:00,27,15,55,8,74.67
2019-12-22 21:00:00,45,8,63,0,84.53
2019-12-22 22:00:00,25,32,64,11,57.75
2019-12-22 23:00:00,26,34,59,1,58.12
2019-12-23 00:00:00,12,40,50,5,55.0
2019-12-23 01:00:00,38,40,62,13,66.35
2019-12-23 02:00:00,34,9,33,13,78.9
2019-12-23 03:00:00,40,28,66,4,69.81
2019-12-23 04:00:00,11,32,37,9,55.0
2019-12-23 05:00:00,16,28,44,3,56.9
2019-12-23 06:00:00,41,6,63,10,81.02
2019-12-23 07:00:00,9,7,56,0,62.68
2019-12-23 08:00:00,27,30,61,14,58.73
2019-12-23 09:00:00,23,37,55,0,55.0
2019-12-23 10:00:00,43,12,52,10,74.09
2019-12-23 11:00:00,40,7,36,7,73.45
2019-12-23 12:00:00,42,20,66,4,64.67
2019-12-23 13:00:00,18,17,53,9,59.3
2019-12-23 14:00:00,30,42,54,2,55.0
2019-12-23 15:00:00,34,40,45,10,55.31
2019-12-23 16:00:00,44,26,65,11,79.8
2019-12-23 17:00:00,8,41,46,8,55.0
2019-12-23 18:00:00,45,14,37,6,78.12
2019-12-23 19:00:00,21,42,36,8,55.0
2019-12-23 20:00:00,12,22,55,17,68.7
2019-12-23 21:00:00,31,23,57,13,72.29
2019-12-23 22:00:00,37,7,37,0,73.2
2019-12-23 23:00:00,12,12,55,5,69.57
2019-12-24 00:00:00,9,13,66,0,64.32
2019-12-24 01:00:00,42,24,49,4,70.39
2019-12-24 02:00:00,43,13,65,14,92.63
2019-12-24 03:00:00,13,9,35,15,73.75
2019-12-24 04:00:00,42,28,44,8,69.67
2019-12-24 05:00:00,42,38,50,12,63.71
2019-12-24 06:00:00,45,8,43,6,84.23
2019-12-24 07:00:00,16,26,33,8,55.0
2019-12-24 08:00:00,29,41,46,14,55.0
2019-12-24 09:00:00,45,20,42,4,70.85
2019-12-24 10:00:00,42,12,37,5,73.64
2019-12-24 11:00:00,30,8,43,2,65.37
2019-12-24 12:00:00,15,40,45,3,55.0
2019-12-24 13:00:00,11,20,62,0,60.66
2019-12-24 14:00:00,17,9,48,14,63.84
2019-12-24 15:00:00,10,38,45,15,55.0
2019-12-24 16:00:00,15,35,44,7,55.0
2019-12-24 17:00:00,10,32,52,10,55.0
2019-12-24 18:00:00,36,9,40,4,84.71
2019-12-24 19:00:00,30,9,62,0,72.59
2019-12-24 20:00:00,27,14,45,9,76.28
2019-12-24 21:00:00,38,11,45,2,81.01
2019-12-24 22:00:00,23,25,32,15,60.45
2019-12-24 23:00:00,23,20,62,5,80.12
2019-12-25 00:00:00,15,34,47,13,67.46
2019-12-25 01:00:00,24,9,35,4,74.44
2019-12-25 02:00:00,14,32,36,2,58.55
2019-12-25 03:00:00,30,40,43,9,59.27
2019-12-25 04:00:00,45,10,58,3,85.23
2019-12-25 05:00:00,28,30,33,7,58.0
2019-12-25 06:00:00,19,24,34,5,55.0
2019-12-25 07:00:00,34,9,50,15,84.13
2019-12-25 08:00:00,39,16,48,9,74.21
2019-12-25 09:00:00,25,35,65,12,57.19
2019-12-25 10:00:00,17,38,57,10,55.0
2019-12-25 11:00:00,35,19,54,16,69.78
2019-12-25 12:00:00,15,9,42,7,56.15
2019-12-25 13:00:00,45,15,53,15,73.53
2019-12-25 14:00:00,20,37,51,16,55.0
2019-12-25 15:00:00,21,27,40,16,61.86
2019-12-25 16:00:00,35,21,43,12,62.31
2019-12-25 17:00:00,8,6,64,17,60.79
2019-12-25 18:00:00,15,34,49,13,55.0
2019-12-25 19:00:00,12,23,47,5,55.42
2019-12-25 20:00:00,22,26,59,2,63.28
2019-12-25 21:00:00,29,37,39,3,65.76
2019-12-25 22:00:00,14,26,38,10,59.38
2019-12-25 23:00:00,21,40,66,2,58.02
2019-12-26 00:00:00,37,26,59,4,76.17
2019-12-26 01:00:00,43,18,45,11,79.35
2019-12-26 02:00:00,8,40,65,5,60.96
2019-12-26 03:00:00,31,29,43,12,64.74
2019-12-26 04:00:00,8,34,54,17,55.0
2019-12-26 05:00:00,27,14,31,1,73.24
2019-12-26 06:00:00,41,30,55,11,67.59
2019-12-26 07:00:00,38,26,36,14,68.22
2019-12-26 08:00:00,16,9,38,2,61.92
2019-12-26 09:00:00,17,15,59,14,63.43
2019-12-26 10:00:00,37,39,37,9,57.63
2019-12-26 11:00:00,39,27,47,11,64.91
2019-12-26 12:00:00,18,34,64,0,55.0
2019-12-26 13:00:00,8,12,65,7,65.93
2019-12-26 14:00:00,24,14,46,6,67.07
2019-12-26 15:00:00,31,40,33,2,55.0
2019-12-26 16:00:00,24,21,40,13,60.24
2019-12-26 17:00:00,43,38,52,9,59.03
2019-12-26 18:00:00,38,35,42,15,67.42
2019-12-26 19:00:00,37,18,56,2,75.65
2019-12-26 20:00:00,8,41,66,13,55.0
2019-12-26 21:00:00,40,34,52,10,66.83
2019-12-26 22:00:00,36,10,53,11,80.76
2019-12-26 23:00:00,23,9,49,5,78.62
2019-12-27 00:00:00,30,10,36,12,80.8
2019-12-27 01:00:00,39,33,51,4,73.61
2019-12-27 02:00:00,42,11,64,13,78.62
2019-12-27 03:00:00,28,16,55,7,72.02
2019-12-27 04:00:00,9,22,57,8,59.29
2019-12-27 05:00:00,31,11,61,10,72.8
2019-12-27 06:00:00,33,18,44,1,63.49
2019-12-27 07:00:00,10,31,42,6,55.0
2019-12-27 08:00:00,39,41,65,3,66.63
2019-12-27 09:00:00,15,23,47,17,55.0
2019-12-27 10:00:00,41,33,57,7,63.87
2019-12-27 11:00:00,28,25,53,0,59.46
2019-12-27 12:00:00,20,23,34,0,55.0
2019-12-27 13:00:00,10,25,41,16,55.0
2019-12-27 14:00:00,8,41,42,2,55.0
2019-12-27 15:00:00,36,8,36,0,73.44
2019-12-27 16:00:00,22,24,58,3,57.43
2019-12-27 17:00:00,39,7,65,3,80.62
2019-12-27 18:00:00,16,38,65,1,55.0
2019-12-27 19:00:00,42,28,37,17,71.95
2019-12-27 20:00:00,43,7,46,1,81.41
2019-12-27 21:00:00,11,29,38,13,55.0
2019-12-27 22:00:00,32,22,32,15,72.13
2019-12-27 23:00:00,43,7,52,11,85.2
2019-12-28 00:00:00,20,42,61,2,55.0
2019-12-28 01:00:00,10,20,32,13,63.55
2019-12-28 02:00:00,41,6,53,5,81.38
2019-12-28 03:00:00,26,28,31,7,64.01
2019-12-28 04:00:00,9,19,61,4,63.48
2019-12-28 05:00:00,39,30,32,14,70.81
2019-12-28 06:00:00,33,12,46,10,81.69
2019-12-28 07:00:00,10,36,34,2,55.0
2019-12-28 08:00:00,17,21,45,7,55.0
2019-12-28 09:00:00,8,21,45,14,55.0
2019-12-28 10:00:00,44,35,49,16,66.54
2019-12-28 11:00:00,8,26,60,16,55.0
2019-12-28 12:00:00,38,6,66,2,78.47
2019-12-28 13:00:00,27,27,42,15,67.58
2019-12-28 14:00:00,30,29,64,10,60.3
2019-12-28 15:00:00,38,17,45,13,73.39
2019-12-28 16:00:00,42,12,34,6,80.79
2019-12-28 17:00:00,12,7,52,11,73.63
2019-12-28 18:00:00,8,37,56,4,55.0
2019-12-28 19:00:00,12,6,41,9,70.41
2019-12-28 20:00:00,33,27,51,4,64.33
2019-12-28 21:00:00,29,36,46,7,60.86
2019-12-28 22:00:00,11,19,35,7,58.04
2019-12-28 23:00:00,16,13,44,15,59.69
2019-12-29 00:00:00,28,32,45,11,57.45
2019-12-29 01:00:00,35,29,42,11,70.63
2019-12-29 02:00:00,21,6,63,5,77.31
2019-12-29 03:00:00,44,27,44,7,69.83
2019-12-29 04:00:00,45,6,53,8,92.29
2019-12-29 05:00:00,37,20,30,14,66.14
2019-12-29 06:00:00,25,17,41,3,66.59
2019-12-29 07:00:00,41,36,62,0,63.19
2019-12-29 08:00:00,35,42,63,9,57.69
2019-12-29 09:00:00,27,31,66,14,61.87
2019-12-29 10:00:00,24,33,32,13,55.0
2019-12-29 11:00:00,39,6,61,14,79.8
2019-12-29 12:00:00,29,8,39,7,70.33
2019-12-29 13:00:00,14,34,30,4,55.0
2019-12-29 14:00:00,45,21,33,11,74.2
2019-12-29 15:00:00,10,24,57,0,55.0
2019-12-29 16:00:00,34,31,51,16,61.14
2019-12-29 17:00:00,32,18,51,12,67.29
2019-12-29 18:00:00,30,31,62,9,64.11
2019-12-29 19:00:00,9,32,33,3,55.0
2019-12-29 20:00:00,26,14,33,4,68.58
2019-12-29 21:00:00,41,31,64,17,78.62
2019-12-29 22:00:00,17,12,52,0,63.73
2019-12-29 23:00:00,34,17,58,0,76.55
2019-12-30 00:00:00,40,34,49,6,66.24
2019-12-30 01:00:00,44,42,35,4,69.64
2019-12-30 02:00:00,27,8,49,12,74.34
2019-12-30 03:00:00,19,30,65,0,61.79
2019-12-30 04:00:00,34,27,34,14,62.2
2019-12-30 05:00:00,26,28,34,14,66.63
2019-12-30 06:00:00,31,35,42,4,60.29
2019-12-30 07:00:00,36,8,46,10,77.39
2019-12-30 08:00:00,34,33,53,12,64.92
2019-12-30 09:00:00,17,16,35,15,55.0
2019-12-30 10:00:00,36,11,64,13,71.79
2019-12-30 11:00:00,28,22,35,17,61.13
2019-12-30 12:00:00,43,6,37,2,70.5
2019-12-30 13:00:00,33,29,65,10,55.73
2019-12-30 14:00:00,41,26,43,13,63.37
2019-12-30 15:00:00,45,24,51,4,66.9
2019-12-30 16:00:00,45,7,46,3,79.87
2019-12-30 17:00:00,36,34,39,1,63.93
2019-12-30 18:00:00,30,7,48,17,78.45
2019-12-30 19:00:00,12,15,58,15,70.55
2019-12-30 20:00:00,22,20,30,2,64.26
2019-12-30 21:00:00,26,31,62,4,65.25
2019-12-30 22:00:00,37,21,36,8,74.2
2019-12-30 23:00:00,30,36,63,16,66.63
2019-12-31 00:00:00,24,40,65,14,62.73
2019-12-31 01:00:00,13,34,64,15,61.82
2019-12-31 02:00:00,35,7,54,14,87.31
2019-12-31 03:00:00,24,34,63,11,65.0
2019-12-31 04:00:00,9,13,61,5,71.13
2019-12-31 05:00:00,18,38,53,10,55.0
2019-12-31 06:00:00,41,42,63,8,62.24
2019-12-31 07:00:00,12,9,42,17,61.83
2019-12-31 08:00:00,23,9,60,8,69.96
2019-12-31 09:00:00,27,31,64,13,55.62
2019-12-31 10:00:00,11,11,53,3,57.89
2019-12-31 11:00:00,14,41,34,12,55.0
2019-12-31 12:00:00,43,25,37,8,69.41
2019-12-31 13:00:00,30,27,36,7,61.26
2019-12-31 14:00:00,15,37,49,13,55.0
2019-12-31 15:00:00,14,14,46,8,57.74
2019-12-31 16:00:00,24,26,60,1,68.89
2019-12-31 17:00:00,35,42,40,7,60.44
2019-12-31 18:00:00,35,6,36,17,80.31
2019-12-31 19:00:00,15,12,52,17,64.3
2019-12-31 20:00:00,35,11,35,11,79.04
2019-12-31 21:00:00,42,18,63,11,81.56
2019-12-31 22:00:00,16,10,33,4,66.25
2019-12-31 23:00:00,8,12,48,14,63.91
2020-01-01 00:00:00,44,37,65,10,72.13
2020-01-01 01:00:00,27,23,50,0,64.76
2020-01-01 02:00:00,37,19,59,17,73.57
2020-01-01 03:00:00,20,21,45,15,65.5
2020-01-01 04:00:00,19,41,57,1,55.0
2020-01-01 05:00:00,16,24,56,7,60.33
2020-01-01 06:00:00,16,23,49,13,55.0
2020-01-01 07:00:00,25,40,33,13,56.26
2020-01-01 08:00:00,12,7,65,3,74.49
2020-01-01 09:00:00,39,23,31,0,72.0
2020-01-01 10:00:00,27,33,43,17,60.79
2020-01-01 11:00:00,42,25,53,16,71.98
2020-01-01 12:00:00,27,38,58,13,55.48
2020-01-01 13:00:00,19,38,49,11,55.0
2020-01-01 14:00:00,27,18,44,12,60.96
2020-01-01 15:00:00,13,36,45,8,55.0
2020-01-01 16:00:00,39,15,66,12,79.24
2020-01-01 17:00:00,35,14,42,5,71.9
2020-01-01 18:00:00,13,42,61,1,55.0
2020-01-01 19:00:00,30,6,31,5,73.86
2020-01-01 20:00:00,28,19,54,5,69.25
2020-01-01 21:00:00,15,29,55,5,63.25
2020-01-01 22:00:00,12,21,55,8,65.34
2020-01-01 23:00:00,36,37,45,2,66.54
2020-01-02 00:00:00,18,15,55,7,68.78
2020-01-02 01:00:00,27,26,46,8,68.72
2020-01-02 02:00:00,17,10,51,3,64.03
2020-01-02 03:00:00,32,13,63,8,75.42
2020-01-02 04:00:00,9,12,54,12,59.46
2020-01-02 05:00:00,21,33,57,7,58.83
2020-01-02 06:00:00,28,13,65,0,77.63
2020-01-02 07:00:00,24,30,38,12,59.76
2020-01-02 08:00:00,31,18,51,10,66.47
2020-01-02 09:00:00,14,26,54,7,55.0
2020-01-02 10:00:00,24,38,55,0,55.0
2020-01-02 11:00:00,36,37,34,1,65.02
2020-01-02 12:00:00,20,6,58,1,67.79
2020-01-02 13:00:00,13,35,37,15,55.0
2020-01-02 14:00:00,40,41,45,5,55.0
2020-01-02 15:00:00,37,30,56,7,60.06
2020-01-02 16:00:00,33,12,39,12,71.54
2020-01-02 17:00:00,38,30,34,11,63.16
2020-01-02 18:00:00,37,29,54,1,68.85
2020-01-02 19:00:00,36,30,40,16,67.46
2020-01-02 20:00:00,27,21,60,4,72.47
2020-01-02 21:00:00,8,25,63,13,55.0
2020-01-02 22:00:00,30,30,42,14,62.2
2020-01-02 23:00:00,18,23,57,9,65.42
2020-01-03 00:00:00,37,34,38,2,64.84
2020-01-03 01:00:00,25,32,64,9,63.13
2020-01-03 02:00:00,42,17,39,4,79.46
2020-01-03 03:00:00,30,28,62,15,64.98
2020-01-03 04:00:00,28,33,59,13,63.65
2020-01-03 05:00:00,42,24,41,14,74.82
2020-01-03 06:00:00,26,32,60,14,60.44
2020-01-03 07:00:00,22,10,53,3,71.1
2020-01-03 08:00:00,22,20,54,0,55.0
2020-01-03 09:00:00,41,31,44,11,61.85
2020-01-03 10:00:00,36,39,38,11,59.3
2020-01-03 11:00:00,14,29,55,15,55.0
2020-01-03 12:00:00,26,30,31,11,55.0
2020-01-03 13:00:00,22,18,42,14,59.03
2020-01-03 14:00:00,32,31,35,6,57.56
2020-01-03 15:00:00,9,19,30,2,55.0
2020-01-03 16:00:00,35,7,30,0,81.0
2020-01-03 17:00:00,36,15,33,7,72.31
2020-01-03 18:00:00,16,28,64,0,55.0
2020-01-03 19:00:00,13,41,58,9,55.0
2020-01-03 20:00:00,31,24,66,7,71.8
2020-01-03 21:00:00,17,37,33,4,55.0
2020-01-03 22:00:00,43,34,66,10,81.54
2020-01-03 23:00:00,37,26,52,12,74.79
2020-01-04 00:00:00,44,35,59,0,74.42
2020-01-04 01:00:00,28,20,61,8,72.67
2020-01-04 02:00:00,43,22,39,16,80.66
2020-01-04 03:00:00,8,33,57,5,55.0
2020-01-04 04:00:00,19,29,53,14,55.0
2020-01-04 05:00:00,8,25,45,6,57.28
2020-01-04 06:00:00,33,22,48,4,73.68
2020-01-04 07:00:00,27,42,37,15,55.0
2020-01-04 08:00:00,18,8,36,6,56.41
2020-01-04 09:00:00,19,8,64,15,66.77
2020-01-04 10:00:00,32,23,57,11,65.52
2020-01-04 11:00:00,14,7,50,14,61.92
2020-01-04 12:00:00,27,18,55,14,62.54
2020-01-04 13:00:00,31,27,45,16,55.0
2020-01-04 14:00:00,17,20,39,9,55.0
2020-01-04 15:00:00,16,13,64,17,60.79
2020-01-04 16:00:00,21,16,66,1,61.74
2020-01-04 17:00:00,30,28,37,8,55.0
2020-01-04 18:00:00,17,41,59,7,55.0
2020-01-04 19:00:00,22,34,46,1,59.46
2020-01-04 20:00:00,28,26,56,15,62.6
2020-01-04 21:00:00,15,11,34,14,64.87
2020-01-04 22:00:00,29,14,47,13,71.69
2020-01-04 23:00:00,13,22,34,11,57.68
2020-01-05 00:00:00,13,15,60,10,68.43
2020-01-05 01:00:00,17,31,44,6,60.18
2020-01-05 02:00:00,18,19,39,12,68.61
2020-01-05 03:00:00,9,36,55,17,55.11
2020-01-05 04:00:00,44,15,65,4,81.07
2020-01-05 05:00:00,19,24,42,6,71.04
2020-01-05 06:00:00,38,32,56,1,72.16
2020-01-05 07:00:00,42,13,55,16,74.71
2020-01-05 08:00:00,38,34,48,9,62.32
2020-01-05 09:00:00,39,27,59,10,58.44
2020-01-05 10:00:00,11,29,34,4,55.0
2020-01-05 11:00:00,22,22,62,0,65.61
2020-01-05 12:00:00,36,40,44,14,65.89
2020-01-05 13:00:00,29,34,31,15,55.0
2020-01-05 14:00:00,8,13,66,6,58.35
2020-01-05 15:00:00,29,26,58,13,63.75
2020-01-05 16:00:00,38,39,60,10,68.18
2020-01-05 17:00:00,39,16,35,11,68.12
2020-01-05 18:00:00,22,25,57,3,71.73
2020-01-05 19:00:00,16,33,55,11,55.0
2020-01-05 20:00:00,19,16,63,2,62.58
2020-01-05 21:00:00,19,25,43,3,59.98
2020-01-05 22:00:00,21,26,64,6,61.37
2020-01-05 23:00:00,19,12,56,3,72.54
2020-01-06 00:00:00,25,12,39,16,66.94
2020-01-06 01:00:00,9,26,37,0,57.26
2020-01-06 02:00:00,18,12,63,16,74.15
2020-01-06 03:00:00,19,41,53,2,60.31
2020-01-06 04:00:00,13,25,34,15,59.77
2020-01-06 05:00:00,41,32,34,6,73.2
2020-01-06 06:00:00,33,20,60,16,68.73
2020-01-06 07:00:00,42,17,36,9,75.76
2020-01-06 08:00:00,29,24,38,8,55.0
2020-01-06 09:00:00,12,32,52,2,55.0
2020-01-06 10:00:00,42,20,61,7,73.85
2020-01-06 11:00:00,25,16,42,10,64.71
2020-01-06 12:00:00,34,11,54,17,65.25
2020-01-06 13:00:00,22,26,56,4,55.49
2020-01-06 14:00:00,26,31,52,1,55.55
2020-01-06 15:00:00,26,25,55,4,59.15
2020-01-06 16:00:00,18,15,38,4,64.1
2020-01-06 17:00:00,29,15,53,17,68.97
2020-01-06 18:00:00,35,19,30,2,70.2
2020-01-06 19:00:00,8,18,57,17,57.41
2020-01-06 20:00:00,12,13,59,2,69.86
2020-01-06 21:00:00,40,40,59,14,71.64
2020-01-06 22:00:00,29,18,31,7,69.81
2020-01-06 23:00:00,44,15,63,0,96.0
2020-01-07 00:00:00,30,28,46,11,66.07
2020-01-07 01:00:00,32,35,32,13,68.86
2020-01-07 02:00:00,42,23,49,15,74.38
2020-01-07 03:00:00,33,30,51,3,71.96
2020-01-07 04:00:00,20,9,44,11,74.42
2020-01-07 05:00:00,28,25,57,10,63.41
2020-01-07 06:00:00,16,8,50,7,67.82
2020-01-07 07:00:00,20,11,38,16,73.99
2020-01-07 08:00:00,33,27,52,7,61.93
2020-01-07 09:00:00,13,13,39,6,61.26
2020-01-07 10:00:00,33,7,34,9,74.08
2020-01-07 11:00:00,30,12,39,16,68.22
2020-01-07 12:00:00,19,34,63,15,55.0
2020-01-07 13:00:00,9,27,51,12,55.0
2020-01-07 14:00:00,34,20,41,1,66.89
2020-01-07 15:00:00,39,42,43,5,62.82
2020-01-07 16:00:00,35,20,61,0,71.97
2020-01-07 17:00:00,23,38,54,1,55.18
2020-01-07 18:00:00,32,18,58,14,73.93
2020-01-07 19:00:00,23,6,52,14,70.7
2020-01-07 20:00:00,21,10,66,1,80.07
2020-01-07 21:00:00,20,16,54,8,68.22
2020-01-07 22:00:00,16,12,44,5,67.99
2020-01-07 23:00:00,44,11,39,1,90.5
2020-01-08 00:00:00,33,20,31,6,74.91
2020-01-08 01:00:00,14,42,58,1,55.0
2020-01-08 02:00:00,40,13,64,13,85.97
2020-01-08 03:00:00,13,14,54,17,69.71
2020-01-08 04:00:00,30,42,48,7,59.15
2020-01-08 05:00:00,14,13,34,4,67.97
2020-01-08 06:00:00,21,36,53,8,55.0
2020-01-08 07:00:00,33,28,37,17,65.5
2020-01-08 08:00:00,45,40,53,2,68.17
2020-01-08 09:00:00,45,26,41,12,73.03
2020-01-08 10:00:00,42,27,62,1,60.76
2020-01-08 11:00:00,16,14,64,5,61.82
2020-01-08 12:00:00,11,27,38,7,55.0
2020-01-08 13:00:00,42,30,42,6,70.77
2020-01-08 14:00:00,43,42,64,3,60.66
2020-01-08 15:00:00,18,9,30,13,68.64
2020-01-08 16:00:00,8,11,49,12,55.3
2020-01-08 17:00:00,32,6,35,7,77.37
2020-01-08 18:00:00,10,35,46,7,55.0
2020-01-08 19:00:00,9,9,31,1,74.49
2020-01-08 20:00:00,43,39,35,11,71.83
2020-01-08 21:00:00,26,19,44,4,75.06
2020-01-08 22:00:00,12,16,32,5,72.18
2020-01-08 23:00:00,32,42,59,15,65.05
2020-01-09 00:00:00,22,32,51,11,62.22
2020-01-09 01:00:00,28,26,46,12,67.71
2020-01-09 02:00:00,42,38,47,4,70.63
2020-01-09 03:00:00,17,33,61,9,55.0
2020-01-09 04:00:00,32,29,61,0,68.53
2020-01-09 05:00:00,39,17,31,4,75.79
2020-01-09 06:00:00,24,42,55,14,55.0
2020-01-09 07:00:00,44,32,47,8,62.53
2020-01-09 08:00:00,25,40,58,11,55.0
2020-01-09 09:00:00,25,41,59,14,55.0
2020-01-09 10:00:00,41,26,56,16,75.57
2020-01-09 11:00:00,32,19,54,1,65.69
2020-01-09 12:00:00,41,41,37,10,55.0
2020-01-09 13:00:00,38,42,61,17,57.25
2020-01-09 14:00:00,35,10,55,3,77.46
2020-01-09 15:00:00,17,29,40,15,55.0
2020-01-09 16:00:00,23,28,38,10,55.0
2020-01-09 17:00:00,40,33,48,5,63.29
2020-01-09 18:00:00,31,42,42,14,55.52
2020-01-09 19:00:00,18,15,55,15,65.08
2020-01-09 20:00:00,20,42,45,2,55.0
2020-01-09 21:00:00,37,29,36,12,69.43
2020-01-09 22:00:00,14,9,44,16,64.23
2020-01-09 23:00:00,12,24,60,11,66.06
2020-01-10 00:00:00,37,10,60,9,87.11
2020-01-10 01:00:00,18,41,41,2,55.0
2020-01-10 02:00:00,37,34,59,8,66.06
2020-01-10 03:00:00,28,39,33,16,56.22
2020-01-10 04:00:00,45,28,66,14,75.55
2020-01-10 05:00:00,27,20,58,8,69.32
2020-01-10 06:00:00,40,21,31,5,72.88
2020-01-10 07:00:00,40,41,56,14,63.12
2020-01-10 08:00:00,16,11,48,17,68.99
2020-01-10 09:00:00,45,38,62,5,64.59
2020-01-10 10:00:00,36,21,38,14,60.42
2020-01-10 11:00:00,12,27,63,5,55.0
2020-01-10 12:00:00,8,30,62,14,55.0
2020-01-10 13:00:00,18,9,40,17,64.12
2020-01-10 14:00:00,8,11,45,11,57.26
2020-01-10 15:00:00,21,11,53,8,66.89
2020-01-10 16:00:00,45,34,38,5,65.72
2020-01-10 17:00:00,26,8,66,1,74.55
2020-01-10 18:00:00,8,28,37,0,55.0
2020-01-10 19:00:00,26,9,39,15,76.11
2020-01-10 20:00:00,16,34,48,11,55.0
2020-01-10 21:00:00,40,42,47,4,60.65
2020-01-10 22:00:00,11,21,31,9,55.0
2020-01-10 23:00:00,37,13,63,15,80.38
2020-01-11 00:00:00,24,22,38,11,71.3
2020-01-11 01:00:00,8,31,33,16,55.0
2020-01-11 02:00:00,33,32,49,2,60.66
2020-01-11 03:00:00,25,29,64,1,65.35
2020-01-11 04:00:00,37,27,30,11,64.98
2020-01-11 05:00:00,31,29,48,10,70.09
2020-01-11 06:00:00,37,14,63,12,80.08
2020-01-11 07:00:00,25,13,63,17,63.48
2020-01-11 08:00:00,8,40,36,1,55.0
2020-01-11 09:00:00,12,27,52,16,55.0
2020-01-11 10:00:00,25,37,60,1,55.0
2020-01-11 11:00:00,23,29,54,9,55.0
2020-01-11 12:00:00,38,22,54,14,69.8
2020-01-11 13:00:00,23,27,58,12,55.76
2020-01-11 14:00:00,40,31,46,4,60.42
2020-01-11 15:00:00,15,12,32,10,55.0
2020-01-11 16:00:00,22,23,53,16,56.67
2020-01-11 17:00:00,36,32,53,3,65.37
2020-01-11 18:00:00,12,9,61,16,59.21
2020-01-11 19:00:00,20,8,64,11,76.13
2020-01-11 20:00:00,36,11,42,1,74.7
2020-01-11 21:00:00,30,27,65,5,68.94
2020-01-11 22:00:00,37,14,30,15,74.78
2020-01-11 23:00:00,27,22,65,6,65.72
2020-01-12 00:00:00,40,10,35,17,83.32
2020-01-12 01:00:00,41,15,53,7,78.62
2020-01-12 02:00:00,45,6,55,6,84.58
2020-01-12 03:00:00,12,35,53,15,55.0
2020-01-12 04:00:00,30,23,66,14,74.97
2020-01-12 05:00:00,12,12,50,4,63.25
2020-01-12 06:00:00,16,25,34,14,59.94
2020-01-12 07:00:00,19,40,52,4,55.0
2020-01-12 08:00:00,32,36,40,16,61.04
2020-01-12 09:00:00,24,38,52,0,55.0
2020-01-12 10:00:00,40,21,44,11,62.52
2020-01-12 11:00:00,19,19,31,2,58.87
2020-01-12 12:00:00,31,17,53,12,66.08
2020-01-12 13:00:00,37,17,33,17,65.15
2020-01-12 14:00:00,45,40,42,12,63.09
2020-01-12 15:00:00,17,11,52,7,63.61
2020-01-12 16:00:00,35,37,62,14,62.47
2020-01-12 17:00:00,11,39,41,3,55.0
2020-01-12 18:00:00,28,37,41,9,60.12
2020-01-12 19:00:00,23,29,41,17,59.01
2020-01-12 20:00:00,44,37,51,6,72.6
2020-01-12 21:00:00,37,7,37,0,84.32
2020-01-12 22:00:00,43,36,49,7,72.45
2020-01-12 23:00:00,40,24,59,8,75.66
2020-01-13 00:00:00,23,41,32,14,58.64
2020-01-13 01:00:00,35,9,65,14,87.59
2020-01-13 02:00:00,9,40,49,6,55.0
2020-01-13 03:00:00,29,27,53,13,68.39
2020-01-13 04:00:00,9,9,52,2,68.3
2020-01-13 05:00:00,35,24,64,3,69.51
2020-01-13 06:00:00,44,7,54,10,89.81
2020-01-13 07:00:00,33,9,62,12,69.51
2020-01-13 08:00:00,39,25,40,14,67.59
2020-01-13 09:00:00,16,36,38,11,55.0
2020-01-13 10:00:00,45,10,53,2,76.09
2020-01-13 11:00:00,28,15,35,12,65.52
2020-01-13 12:00:00,33,20,34,7,59.55
2020-01-13 13:00:00,37,26,37,4,72.01
2020-01-13 14:00:00,32,6,40,6,66.99
2020-01-13 15:00:00,20,29,33,14,55.0
2020-01-13 16:00:00,31,24,56,3,61.02
2020-01-13 17:00:00,32,41,51,10,57.78
2020-01-13 18:00:00,40,17,37,1,78.41
2020-01-13 19:00:00,26,24,40,13,66.37
2020-01-13 20:00:00,27,9,64,2,82.44
2020-01-13 21:00:00,27,39,63,16,57.57
2020-01-13 22:00:00,12,36,34,15,55.0
2020-01-13 23:00:00,11,19,52,15,61.93
2020-01-14 00:00:00,8,23,41,6,60.2
2020-01-14 01:00:00,33,37,43,14,69.82
2020-01-14 02:00:00,23,16,52,2,65.12
2020-01-14 03:00:00,40,14,66,5,90.98
2020-01-14 04:00:00,34,14,51,2,76.71
2020-01-14 05:00:00,13,32,65,0,55.0
2020-01-14 06:00:00,11,13,60,6,61.07
2020-01-14 07:00:00,21,9,58,10,70.58
2020-01-14 08:00:00,42,12,59,15,76.32
2020-01-14 09:00:00,9,42,59,0,55.0
2020-01-14 10:00:00,15,38,39,7,55.0
2020-01-14 11:00:00,9,41,66,12,55.0
2020-01-14 12:00:00,23,16,63,3,67.19
2020-01-14 13:00:00,45,22,52,13,68.17
2020-01-14 14:00:00,33,24,56,10,74.64
2020-01-14 15:00:00,26,25,62,10,64.56
2020-01-14 16:00:00,13,6,35,2,64.83
2020-01-14 17:00:00,21,28,32,3,59.62
2020-01-14 18:00:00,27,7,66,15,69.25
2020-01-14 19:00:00,18,16,50,15,64.22
2020-01-14 20:00:00,34,16,56,8,83.82
2020-01-14 21:00:00,45,30,48,10,73.89
2020-01-14 22:00:00,15,39,49,9,55.0
2020-01-14 23:00:00,17,31,31,9,56.82
2020-01-15 00:00:00,12,22,40,12,68.03
2020-01-15 01:00:00,35,25,33,10,71.34
2020-01-15 02:00:00,25,24,45,2,63.11
2020-01-15 03:00:00,18,11,30,1,79.52
2020-01-15 04:00:00,16,41,59,15,55.0
2020-01-15 05:00:00,10,40,40,13,55.0
2020-01-15 06:00:00,26,14,57,3,68.1
2020-01-15 07:00:00,33,10,31,1,70.95
2020-01-15 08:00:00,16,12,31,3,57.98
2020-01-15 09:00:00,8,29,45,10,55.0
2020-01-15 10:00:00,25,7,59,10,75.01
2020-01-15 11:00:00,33,9,60,3,66.42
2020-01-15 12:00:00,21,29,50,3,60.31
2020-01-15 13:00:00,17,11,52,3,67.68
2020-01-15 14:00:00,13,8,55,7,65.56
2020-01-15 15:00:00,36,6,54,4,78.39
2020-01-15 16:00:00,40,32,57,8,68.13
2020-01-15 17:00:00,37,19,31,0,76.7
2020-01-15 18:00:00,27,16,45,16,62.74
2020-01-15 19:00:00,35,29,61,16,72.64
2020-01-15 20:00:00,23,12,46,6,69.09
2020-01-15 21:00:00,8,25,35,14,59.8
2020-01-15 22:00:00,21,23,54,9,64.91
2020-01-15 23:00:00,34,30,41,0,72.64
2020-01-16 00:00:00,32,29,48,5,63.28
2020-01-16 01:00:00,45,30,49,1,69.25
2020-01-16 02:00:00,45,13,55,12,85.07
2020-01-16 03:00:00,17,11,64,14,77.14
2020-01-16 04:00:00,8,25,55,11,59.07
2020-01-16 05:00:00,18,8,66,0,73.9
2020-01-16 06:00:00,41,22,30,4,75.41
2020-01-16 07:00:00,38,29,58,8,66.52
2020-01-16 08:00:00,11,36,45,2,55.0
2020-01-16 09:00:00,14,30,56,1,55.0
2020-01-16 10:00:00,29,42,33,5,55.0
2020-01-16 11:00:00,33,26,49,10,62.16
2020-01-16 12:00:00,45,22,31,1,67.59
2020-01-16 13:00:00,36,15,54,17,70.86
2020-01-16 14:00:00,16,30,38,8,55.0
2020-01-16 15:00:00,9,35,35,3,55.0
2020-01-16 16:00:00,32,17,32,0,67.16
2020-01-16 17:00:00,29,8,39,17,73.43
2020-01-16 18:00:00,43,6,65,10,80.97
2020-01-16 19:00:00,29,29,66,15,67.96
2020-01-16 20:00:00,27,30,32,13,60.35
2020-01-16 21:00:00,19,10,66,17,74.05
2020-01-16 22:00:00,11,6,51,16,67.61
2020-01-16 23:00:00,41,30,41,13,77.22
2020-01-17 00:00:00,39,20,64,15,82.65
2020-01-17 01:00:00,14,21,38,15,57.58
2020-01-17 02:00:00,34,15,36,4,77.53
2020-01-17 03:00:00,21,32,38,10,64.2
2020-01-17 04:00:00,24,33,35,17,55.0
2020-01-17 05:00:00,40,7,47,15,78.02
2020-01-17 06:00:00,39,9,35,1,80.42
2020-01-17 07:00:00,15,26,38,2,55.0
2020-01-17 08:00:00,19,28,43,3,55.0
2020-01-17 09:00:00,39,11,53,13,70.94
2020-01-17 10:00:00,42,11,61,7,79.72
2020-01-17 11:00:00,11,31,32,11,55.0
2020-01-17 12:00:00,39,22,53,2,66.49
2020-01-17 13:00:00,26,10,33,1,62.24
2020-01-17 14:00:00,30,28,66,13,65.88
2020-01-17 15:00:00,10,8,40,5,55.96
2020-01-17 16:00:00,33,14,61,0,66.15
2020-01-17 17:00:00,33,32,58,3,56.88
2020-01-17 18:00:00,33,14,42,5,74.9
2020-01-17 19:00:00,38,8,41,7,82.31
2020-01-17 20:00:00,43,41,41,16,69.92
2020-01-17 21:00:00,40,14,47,3,74.62
2020-01-17 22:00:00,36,25,46,10,71.1
2020-01-17 23:00:00,45,36,54,4,81.89
2020-01-18 00:00:00,33,42,47,8,59.87
2020-01-18 01:00:00,33,35,59,5,63.72
2020-01-18 02:00:00,28,18,47,6,70.84
2020-01-18 03:00:00,37,37,41,10,66.23
2020-01-18 04:00:00,10,6,42,10,67.53
2020-01-18 05:00:00,27,18,57,2,66.19
2020-01-18 06:00:00,24,13,35,2,64.04
2020-01-18 07:00:00,42,25,40,4,67.83
2020-01-18 08:00:00,10,38,41,16,55.0
2020-01-18 09:00:00,32,34,53,5,55.0
2020-01-18 10:00:00,15,42,34,10,55.0
2020-01-18 11:00:00,41,11,46,8,71.96
2020-01-18 12:00:00,40,33,54,6,60.18
2020-01-18 13:00:00,16,32,64,0,55.0
2020-01-18 14:00:00,41,22,46,7,67.66
2020-01-18 15:00:00,26,9,66,17,71.34
2020-01-18 16:00:00,44,9,52,16,77.17
2020-01-18 17:00:00,35,39,58,5,63.82
2020-01-18 18:00:00,9,16,38,9,59.17
2020-01-18 19:00:00,15,29,63,5,55.83
2020-01-18 20:00:00,23,40,39,16,55.0
2020-01-18 21:00:00,16,24,35,9,63.45
2020-01-18 22:00:00,13,13,32,16,63.28
2020-01-18 23:00:00,45,23,54,15,73.71
2020-01-19 00:00:00,41,14,53,5,85.8
2020-01-19 01:00:00,24,12,37,8,68.8
2020-01-19 02:00:00,16,36,62,10,59.63
2020-01-19 03:00:00,14,18,40,4,55.0
2020-01-19 04:00:00,42,31,52,14,69.09
2020-01-19 05:00:00,20,32,49,10,61.17
2020-01-19 06:00:00,8,26,51,3,55.0
2020-01-19 07:00:00,23,26,57,8,62.34
2020-01-19 08:00:00,25,12,64,14,64.75
2020-01-19 09:00:00,31,25,56,7,64.17
2020-01-19 10:00:00,20,33,63,12,55.0
2020-01-19 11:00:00,43,13,62,17,76.39
2020-01-19 12:00:00,32,14,43,6,74.92
2020-01-19 13:00:00,45,31,50,17,70.63
2020-01-19 14:00:00,21,42,37,7,55.0
2020-01-19 15:00:00,32,20,64,10,70.1
2020-01-19 16:00:00,21,36,65,13,55.0
2020-01-19 17:00:00,34,12,62,1,72.31
2020-01-19 18:00:00,36,27,57,12,61.58
2020-01-19 19:00:00,20,40,61,10,55.0
2020-01-19 20:00:00,43,22,59,11,73.22
2020-01-19 21:00:00,40,24,38,17,72.73
2020-01-19 22:00:00,41,11,39,8,76.46
2020-01-19 23:00:00,16,25,49,16,61.2
2020-01-20 00:00:00,35,27,45,10,70.78
2020-01-20 01:00:00,12,42,57,3,55.0
2020-01-20 02:00:00,12,13,57,11,73.15
2020-01-20 03:00:00,44,19,66,3,76.23
2020-01-20 04:00:00,13,29,59,16,61.82
2020-01-20 05:00:00,40,40,30,2,55.0
2020-01-20 06:00:00,24,14,42,8,67.13
2020-01-20 07:00:00,19,31,42,14,55.0
2020-01-20 08:00:00,10,38,53,0,55.0
2020-01-20 09:00:00,33,29,42,8,68.46
2020-01-20 10:00:00,35,21,66,9,67.02
2020-01-20 11:00:00,25,14,40,6,59.29
2020-01-20 12:00:00,38,16,46,12,72.15
2020-01-20 13:00:00,20,7,60,5,65.38
2020-01-20 14:00:00,28,11,43,6,68.36
2020-01-20 15:00:00,18,22,31,4,55.0
2020-01-20 16:00:00,30,11,42,11,66.94
2020-01-20 17:00:00,13,6,43,15,61.83
2020-01-20 18:00:00,26,31,52,3,63.64
2020-01-20 19:00:00,28,8,56,7,74.86
2020-01-20 20:00:00,29,11,50,4,70.96
2020-01-20 21:00:00,24,28,45,4,64.13
2020-01-20 22:00:00,32,40,48,17,62.62
2020-01-20 23:00:00,27,32,35,12,65.39
2020-01-21 00:00:00,18,7,36,17,71.16
2020-01-21 01:00:00,16,12,52,11,70.37
2020-01-21 02:00:00,32,33,62,11,70.17
2020-01-21 03:00:00,43,33,49,12,68.48
2020-01-21 04:00:00,36,20,32,11,76.73
2020-01-21 05:00:00,32,41,66,14,61.82
2020-01-21 06:00:00,43,38,41,5,61.38
2020-01-21 07:00:00,42,33,57,1,63.99
2020-01-21 08:00:00,27,33,63,8,59.29
2020-01-21 09:00:00,12,35,66,0,55.0
2020-01-21 10:00:00,32,11,34,0,73.01
2020-01-21 11:00:00,31,31,36,0,57.04
2020-01-21 12:00:00,18,40,53,1,55.0
2020-01-21 13:00:00,40,14,58,12,71.3
2020-01-21 14:00:00,41,6,60,10,80.2
2020-01-21 15:00:00,20,19,50,16,66.57
2020-01-21 16:00:00,26,15,35,5,65.65
2020-01-21 17:00:00,15,41,56,5,55.0
2020-01-21 18:00:00,14,22,54,8,56.48
2020-01-21 19:00:00,18,30,47,14,58.13
2020-01-21 20:00:00,21,42,53,16,60.58
2020-01-21 21:00:00,18,35,37,13,55.0
2020-01-21 22:00:00,13,33,60,9,57.64
2020-01-21 23:00:00,24,41,31,17,55.0
2020-01-22 00:00:00,31,31,61,3,68.13
2020-01-22 01:00:00,20,14,61,8,73.97
2020-01-22 02:00:00,28,32,55,4,60.05
2020-01-22 03:00:00,18,17,60,2,67.12
2020-01-22 04:00:00,34,18,63,7,77.68
2020-01-22 05:00:00,32,29,36,13,66.11
2020-01-22 06:00:00,44,17,50,5,80.38
2020-01-22 07:00:00,10,6,53,14,61.61
2020-01-22 08:00:00,40,42,64,10,63.38
2020-01-22 09:00:00,20,27,57,12,55.44
2020-01-22 10:00:00,10,30,51,4,55.0
2020-01-22 11:00:00,34,35,50,15,55.0
2020-01-22 12:00:00,14,29,35,3,55.0
2020-01-22 13:00:00,14,28,41,6,55.0
2020-01-22 14:00:00,45,35,46,14,70.77
2020-01-22 15:00:00,16,16,62,12,62.54
2020-01-22 16:00:00,28,36,61,5,59.37
2020-01-22 17:00:00,15,32,53,4,55.46
2020-01-22 18:00:00,12,12,33,7,67.48
2020-01-22 19:00:00,8,11,56,8,62.76
2020-01-22 20:00:00,8,38,46,1,55.0
2020-01-22 21:00:00,26,39,54,4,55.0
2020-01-22 22:00:00,24,42,46,2,60.42
2020-01-22 23:00:00,9,9,56,2,70.01
2020-01-23 00:00:00,21,39,38,6,55.9
2020-01-23 01:00:00,18,37,35,0,55.0
2020-01-23 02:00:00,29,34,38,12,64.19
2020-01-23 03:00:00,45,24,64,12,80.49
2020-01-23 04:00:00,34,24,32,3,71.39
2020-01-23 05:00:00,42,21,40,15,70.8
2020-01-23 06:00:00,15,7,42,10,60.06
2020-01-23 07:00:00,16,24,60,5,55.3
2020-01-23 08:00:00,36,14,43,3,67.27
2020-01-23 09:00:00,19,13,63,7,59.33
2020-01-23 10:00:00,40,8,66,17,85.1
2020-01-23 11:00:00,25,22,54,0,55.0
2020-01-23 12:00:00,15,7,42,0,64.5
2020-01-23 13:00:00,40,37,52,7,64.65
2020-01-23 14:00:00,28,38,54,16,58.47
2020-01-23 15:00:00,38,35,34,5,61.5
2020-01-23 16:00:00,25,17,60,13,71.95
2020-01-23 17:00:00,12,12,46,10,69.09
2020-01-23 18:00:00,33,24,61,3,68.36
2020-01-23 19:00:00,12,30,52,16,56.78
2020-01-23 20:00:00,33,6,61,2,86.82
2020-01-23 21:00:00,23,37,33,9,55.0
2020-01-23 22:00:00,38,22,31,11,73.34
2020-01-23 23:00:00,41,36,34,12,66.51
2020-01-24 00:00:00,23,8,62,15,78.27
2020-01-24 01:00:00,41,21,66,12,71.83
2020-01-24 02:00:00,12,22,66,11,68.22
2020-01-24 03:00:00,12,7,42,2,69.75
2020-01-24 04:00:00,45,32,39,5,73.14
2020-01-24 05:00:00,29,40,42,6,55.0
2020-01-24 06:00:00,25,26,60,6,58.77
2020-01-24 07:00:00,13,20,39,2,62.33
2020-01-24 08:00:00,18,29,50,1,55.0
2020-01-24 09:00:00,34,19,53,7,60.95
2020-01-24 10:00:00,39,19,43,13,69.77
2020-01-24 11:00:00,42,34,47,15,64.95
2020-01-24 12:00:00,23,27,54,16,58.31
2020-01-24 13:00:00,25,15,59,8,63.93
2020-01-24 14:00:00,14,21,37,16,57.97
2020-01-24 15:00:00,11,36,48,8,55.0
2020-01-24 16:00:00,24,25,35,8,60.34
2020-01-24 17:00:00,30,8,30,3,71.95
2020-01-24 18:00:00,11,37,53,11,55.0
2020-01-24 19:00:00,23,33,47,5,56.33
2020-01-24 20:00:00,32,15,39,8,71.6
2020-01-24 21:00:00,38,41,32,16,62.34
2020-01-24 22:00:00,43,41,64,9,67.71
2020-01-24 23:00:00,20,42,60,5,58.66
2020-01-25 00:00:00,22,19,64,12,67.24
2020-01-25 01:00:00,41,40,34,13,71.4
2020-01-25 02:00:00,34,35,30,10,60.85
2020-01-25 03:00:00,18,38,38,0,56.49
2020-01-25 04:00:00,34,26,33,4,70.63
2020-01-25 05:00:00,13,16,47,2,61.71
2020-01-25 06:00:00,25,14,53,17,68.49
2020-01-25 07:00:00,19,41,37,5,55.0
2020-01-25 08:00:00,45,24,44,8,68.46
2020-01-25 09:00:00,9,40,49,16,55.0
2020-01-25 10:00:00,40,26,41,17,64.55
2020-01-25 11:00:00,18,25,47,3,58.07
2020-01-25 12:00:00,9,8,51,15,56.16
2020-01-25 13:00:00,33,20,65,13,64.56
2020-01-25 14:00:00,33,26,41,11,55.0
2020-01-25 15:00:00,13,10,33,3,61.17
2020-01-25 16:00:00,9,11,62,12,61.89
2020-01-25 17:00:00,12,27,51,11,56.42
2020-01-25 18:00:00,23,15,47,8,70.06
2020-01-25 19:00:00,13,31,56,10,56.85
2020-01-25 20:00:00,34,23,66,3,75.05
2020-01-25 21:00:00,10,20,34,11,60.35
2020-01-25 22:00:00,37,10,61,2,84.73
2020-01-25 23:00:00,41,21,53,5,70.11
2020-01-26 00:00:00,35,26,51,8,67.21
2020-01-26 01:00:00,43,27,61,2,71.26
2020-01-26 02:00:00,43,15,41,16,85.54
2020-01-26 03:00:00,9,7,59,15,64.11
2020-01-26 04:00:00,20,40,51,8,55.0
2020-01-26 05:00:00,36,41,64,10,61.9
2020-01-26 06:00:00,20,39,47,5,55.0
2020-01-26 07:00:00,36,16,56,3,74.02
2020-01-26 08:00:00,37,28,48,17,56.04
2020-01-26 09:00:00,45,11,44,7,72.27
2020-01-26 10:00:00,20,39,43,17,55.0
2020-01-26 11:00:00,21,6,64,1,62.4
2020-01-26 12:00:00,8,23,61,1,55.61
2020-01-26 13:00:00,18,37,38,8,55.0
2020-01-26 14:00:00,18,32,62,14,56.19
2020-01-26 15:00:00,25,37,51,7,55.0
2020-01-26 16:00:00,24,24,33,15,58.06
2020-01-26 17:00:00,40,9,58,2,74.76
2020-01-26 18:00:00,37,6,36,15,81.43
2020-01-26 19:00:00,35,11,62,7,79.39
2020-01-26 20:00:00,8,8,46,5,72.25
2020-01-26 21:00:00,25,22,63,11,71.51
2020-01-26 22:00:00,35,7,47,14,79.47
2020-01-26 23:00:00,17,12,33,16,68.62
2020-01-27 00:00:00,24,21,58,1,71.64
2020-01-27 01:00:00,35,33,56,12,73.7
2020-01-27 02:00:00,38,30,41,5,75.68
2020-01-27 03:00:00,40,8,37,9,81.83
2020-01-27 04:00:00,24,39,61,8,55.0
2020-01-27 05:00:00,23,26,58,13,55.9
2020-01-27 06:00:00,22,18,41,7,59.74
2020-01-27 07:00:00,33,20,55,5,67.12
2020-01-27 08:00:00,23,37,38,8,57.87
2020-01-27 09:00:00,23,23,36,12,64.5
2020-01-27 10:00:00,14,15,54,15,62.79
2020-01-27 11:00:00,26,21,60,0,67.32
2020-01-27 12:00:00,17,8,63,10,61.92
2020-01-27 13:00:00,27,11,47,1,61.09
2020-01-27 14:00:00,41,17,35,11,66.78
2020-01-27 15:00:00,37,14,50,11,64.33
2020-01-27 16:00:00,26,18,55,15,61.19
2020-01-27 17:00:00,45,8,65,3,81.66
2020-01-27 18:00:00,45,28,34,14,71.42
2020-01-27 19:00:00,24,10,54,12,72.81
2020-01-27 20:00:00,37,14,48,11,74.94
2020-01-27 21:00:00,21,42,51,11,57.01
2020-01-27 22:00:00,41,6,33,9,81.77
2020-01-27 23:00:00,22,16,30,1,68.69
2020-01-28 00:00:00,17,24,52,14,60.35
2020-01-28 01:00:00,13,17,37,7,69.14
2020-01-28 02:00:00,40,17,52,1,80.77
2020-01-28 03:00:00,19,10,30,11,72.79
2020-01-28 04:00:00,38,21,59,17,71.57
2020-01-28 05:00:00,11,33,42,12,55.0
2020-01-28 06:00:00,27,27,46,4,65.83
2020-01-28 07:00:00,24,40,42,14,55.0
2020-01-28 08:00:00,24,31,45,15,62.01
2020-01-28 09:00:00,14,35,49,5,55.0
2020-01-28 10:00:00,10,21,53,9,55.13
2020-01-28 11:00:00,21,28,55,15,63.39
2020-01-28 12:00:00,25,27,66,2,63.76
2020-01-28 13:00:00,38,36,36,6,55.0
2020-01-28 14:00:00,25,24,62,8,61.08
2020-01-28 15:00:00,17,20,52,0,64.24
2020-01-28 16:00:00,17,8,41,3,62.47
2020-01-28 17:00:00,31,37,63,10,59.33
2020-01-28 18:00:00,24,22,56,4,64.09
2020-01-28 19:00:00,42,35,36,4,69.83
2020-01-28 20:00:00,24,31,36,5,55.0
2020-01-28 21:00:00,29,6,54,2,82.67
2020-01-28 22:00:00,10,30,56,11,55.0
2020-01-28 23:00:00,15,24,31,4,61.39
2020-01-29 00:00:00,40,14,53,11,82.37
2020-01-29 01:00:00,21,15,49,14,74.12
2020-01-29 02:00:00,23,29,65,8,66.18
2020-01-29 03:00:00,30,9,57,16,85.36
2020-01-29 04:00:00,10,28,63,3,61.78
2020-01-29 05:00:00,27,37,31,17,55.0
2020-01-29 06:00:00,21,9,58,5,77.03
2020-01-29 07:00:00,13,6,42,5,67.33
2020-01-29 08:00:00,23,8,50,17,70.85
2020-01-29 09:00:00,24,33,62,8,60.63
2020-01-29 10:00:00,15,37,62,13,55.0
2020-01-29 11:00:00,28,42,38,14,55.0
2020-01-29 12:00:00,36,7,38,8,74.52
2020-01-29 13:00:00,18,23,56,5,55.25
2020-01-29 14:00:00,44,7,62,8,90.12
2020-01-29 15:00:00,31,19,52,6,64.73
2020-01-29 16:00:00,37,17,32,7,71.28
2020-01-29 17:00:00,10,28,36,4,55.0
2020-01-29 18:00:00,37,39,57,16,68.7
2020-01-29 19:00:00,20,35,57,10,55.0
2020-01-29 20:00:00,34,8,63,14,75.57
2020-01-29 21:00:00,38,14,49,11,86.03
2020-01-29 22:00:00,17,16,45,6,68.44
2020-01-29 23:00:00,17,15,34,5,71.26
2020-01-30 00:00:00,10,19,58,17,67.3
2020-01-30 01:00:00,30,28,65,0,74.59
2020-01-30 02:00:00,37,33,31,5,66.21
2020-01-30 03:00:00,23,40,48,13,55.0
2020-01-30 04:00:00,14,32,43,9,55.0
2020-01-30 05:00:00,20,17,57,11,63.06
2020-01-30 06:00:00,23,12,58,0,70.62
2020-01-30 07:00:00,42,19,38,3,71.0
2020-01-30 08:00:00,12,35,65,10,55.0
2020-01-30 09:00:00,21,42,35,5,55.0
2020-01-30 10:00:00,32,20,58,8,72.4
2020-01-30 11:00:00,16,12,57,17,61.85
2020-01-30 12:00:00,41,6,36,11,72.34
2020-01-30 13:00:00,42,8,54,11,83.36
2020-01-30 14:00:00,22,29,40,3,55.0
2020-01-30 15:00:00,36,27,40,10,70.21
2020-01-30 16:00:00,36,29,33,17,62.37
2020-01-30 17:00:00,33,6,57,11,78.32
2020-01-30 18:00:00,15,22,59,14,66.81
2020-01-30 19:00:00,9,12,48,17,57.43
2020-01-30 20:00:00,21,18,58,16,64.02
2020-01-30 21:00:00,12,29,42,6,55.25
2020-01-30 22:00:00,19,16,50,5,68.51
2020-01-30 23:00:00,32,30,59,5,80.44
2020-01-31 00:00:00,30,16,45,13,70.63
2020-01-31 01:00:00,15,24,52,6,56.86
2020-01-31 02:00:00,8,22,35,14,55.0
2020-01-31 03:00:00,16,20,48,14,64.19
2020-01-31 04:00:00,25,10,61,11,76.05
2020-01-31 05:00:00,37,27,58,2,67.12
2020-01-31 06:00:00,21,42,41,12,55.0
2020-01-31 07:00:00,18,29,50,3,63.05
2020-01-31 08:00:00,28,33,52,9,57.82
2020-01-31 09:00:00,10,35,64,4,55.0
2020-01-31 10:00:00,16,7,60,1,72.09
2020-01-31 11:00:00,9,35,60,11,55.0
2020-01-31 12:00:00,27,14,57,8,62.78
2020-01-31 13:00:00,24,30,43,11,55.0
2020-01-31 14:00:00,30,42,43,8,55.0
2020-01-31 15:00:00,31,39,47,6,55.0
2020-01-31 16:00:00,23,21,45,0,61.38
2020-01-31 17:00:00,41,37,65,4,65.88
2020-01-31 18:00:00,42,28,62,15,70.64
2020-01-31 19:00:00,12,10,63,13,67.03
2020-01-31 20:00:00,42,14,52,8,81.36
2020-01-31 21:00:00,15,41,37,0,55.0
2020-01-31 22:00:00,17,39,35,17,55.0
2020-01-31 23:00:00,28,38,40,13,62.56
2020-02-01 00:00:00,9,20,54,0,55.0
2020-02-01 01:00:00,21,17,43,3,73.53
2020-02-01 02:00:00,15,35,54,3,55.0
2020-02-01 03:00:00,26,6,62,16,72.66
2020-02-01 04:00:00,38,39,42,17,63.54
2020-02-01 05:00:00,43,28,64,7,74.78
2020-02-01 06:00:00,16,29,48,3,57.59
2020-02-01 07:00:00,28,22,59,11,67.11
2020-02-01 08:00:00,26,42,32,4,55.0
2020-02-01 09:00:00,23,33,40,2,55.0
2020-02-01 10:00:00,32,7,64,4,71.82
2020-02-01 11:00:00,45,25,62,4,70.38
2020-02-01 12:00:00,23,37,51,0,55.0
2020-02-01 13:00:00,10,8,31,12,55.0
2020-02-01 14:00:00,42,33,32,6,59.69
2020-02-01 15:00:00,43,15,45,9,66.14
2020-02-01 16:00:00,20,24,63,9,62.0
2020-02-01 17:00:00,27,38,43,13,55.11
2020-02-01 18:00:00,40,24,62,13,62.6
2020-02-01 19:00:00,27,7,49,10,77.07
2020-02-01 20:00:00,26,6,34,15,73.27
2020-02-01 21:00:00,43,33,50,10,66.76
2020-02-01 22:00:00,39,40,43,0,60.38
2020-02-01 23:00:00,27,16,38,15,68.27
2020-02-02 00:00:00,14,40,54,13,55.0
2020-02-02 01:00:00,24,22,37,7,63.02
2020-02-02 02:00:00,33,8,63,6,87.81
2020-02-02 03:00:00,18,25,59,16,63.78
2020-02-02 04:00:00,28,42,58,7,65.56
2020-02-02 05:00:00,33,15,32,6,72.23
2020-02-02 06:00:00,11,41,65,13,55.0
2020-02-02 07:00:00,29,30,48,5,56.62
2020-02-02 08:00:00,36,20,57,7,68.64
2020-02-02 09:00:00,16,31,37,14,55.0
2020-02-02 10:00:00,28,20,58,4,65.85
2020-02-02 11:00:00,34,9,41,0,70.37
2020-02-02 12:00:00,9,38,56,6,55.0
2020-02-02 13:00:00,32,19,40,3,65.13
2020-02-02 14:00:00,17,26,64,6,55.0
2020-02-02 15:00:00,23,33,56,1,55.0
2020-02-02 16:00:00,32,9,46,10,69.39
2020-02-02 17:00:00,8,32,46,9,55.0
2020-02-02 18:00:00,8,19,30,4,55.0
2020-02-02 19:00:00,24,26,41,11,62.54
2020-02-02 20:00:00,44,22,59,2,76.69
2020-02-02 21:00:00,8,34,60,0,56.19
2020-02-02 22:00:00,37,12,66,8,73.36
2020-02-02 23:00:00,10,9,33,2,66.47
2020-02-03 00:00:00,26,21,39,15,64.13
2020-02-03 01:00:00,24,10,58,5,77.41
2020-02-03 02:00:00,25,14,43,7,71.66
2020-02-03 03:00:00,11,30,39,5,55.0
2020-02-03 04:00:00,36,36,40,7,65.6
2020-02-03 05:00:00,18,31,63,1,59.21
2020-02-03 06:00:00,37,17,61,16,74.18
2020-02-03 07:00:00,32,36,30,3,57.22
2020-02-03 08:00:00,28,21,61,7,66.35
2020-02-03 09:00:00,19,12,50,15,68.38
2020-02-03 10:00:00,32,33,61,7,58.4
2020-02-03 11:00:00,45,25,53,12,74.01
2020-02-03 12:00:00,43,19,55,1,72.05
2020-02-03 13:00:00,42,30,51,5,70.54
2020-02-03 14:00:00,16,32,57,13,55.0
2020-02-03 15:00:00,30,14,60,4,66.95
2020-02-03 16:00:00,23,10,48,7,63.31
2020-02-03 17:00:00,44,25,34,1,70.55
2020-02-03 18:00:00,44,7,33,9,78.48
2020-02-03 19:00:00,40,29,45,6,75.33
2020-02-03 20:00:00,14,22,47,15,57.07
2020-02-03 21:00:00,20,13,61,7,68.37
2020-02-03 22:00:00,35,28,31,14,71.17
2020-02-03 23:00:00,36,19,62,16,82.64
2020-02-04 00:00:00,21,20,32,15,70.11
2020-02-04 01:00:00,13,14,48,13,71.77
2020-02-04 02:00:00,13,31,45,10,57.11
2020-02-04 03:00:00,34,39,50,8,64.11
2020-02-04 04:00:00,25,28,31,1,70.69
2020-02-04 05:00:00,26,14,58,2,79.26
2020-02-04 06:00:00,38,36,34,6,66.3
2020-02-04 07:00:00,8,10,58,11,66.9
2020-02-04 08:00:00,36,16,50,0,76.12
2020-02-04 09:00:00,18,7,62,16,63.18
2020-02-04 10:00:00,43,37,66,17,64.78
2020-02-04 11:00:00,44,7,61,1,87.03
2020-02-04 12:00:00,27,26,46,1,62.47
2020-02-04 13:00:00,20,13,45,15,62.69
2020-02-04 14:00:00,16,13,54,3,68.13
2020-02-04 15:00:00,14,28,54,3,55.0
2020-02-04 16:00:00,45,35,59,3,71.11
2020-02-04 17:00:00,15,6,47,12,68.92
2020-02-04 18:00:00,24,11,47,2,72.95
2020-02-04 19:00:00,26,16,34,3,71.45
2020-02-04 20:00:00,33,40,36,7,66.14
2020-02-04 21:00:00,40,8,60,10,91.44
2020-02-04 22:00:00,29,12,66,17,76.98
2020-02-04 23:00:00,36,20,52,4,78.71
2020-02-05 00:00:00,29,18,42,4,79.0
2020-02-05 01:00:00,24,7,32,9,75.54
2020-02-05 02:00:00,13,25,31,7,55.0
2020-02-05 03:00:00,15,28,55,10,57.07
2020-02-05 04:00:00,24,12,53,4,69.96
2020-02-05 05:00:00,9,31,40,11,55.0
2020-02-05 06:00:00,20,8,36,16,66.39
2020-02-05 07:00:00,25,33,32,12,60.92
2020-02-05 08:00:00,25,15,55,13,66.81
2020-02-05 09:00:00,38,14,52,1,79.43
2020-02-05 10:00:00,44,13,42,16,72.0
2020-02-05 11:00:00,35,38,57,12,57.46
2020-02-05 12:00:00,11,24,61,11,55.0
2020-02-05 13:00:00,23,31,49,2,58.57
2020-02-05 14:00:00,35,13,39,9,75.85
2020-02-05 15:00:00,30,8,30,12,68.93
2020-02-05 16:00:00,25,7,59,11,76.69
2020-02-05 17:00:00,24,22,51,2,57.48
2020-02-05 18:00:00,23,18,42,0,69.61
2020-02-05 19:00:00,30,34,30,8,55.77
2020-02-05 20:00:00,14,35,60,12,57.66
2020-02-05 21:00:00,27,17,64,6,78.77
2020-02-05 22:00:00,15,22,47,12,67.47
2020-02-05 23:00:00,33,20,39,17,68.01
2020-02-06 00:00:00,40,30,52,16,71.93
2020-02-06 01:00:00,27,29,62,11,70.84
2020-02-06 02:00:00,22,30,51,13,65.87
2020-02-06 03:00:00,43,8,30,1,85.06
2020-02-06 04:00:00,33,18,37,1,63.91
2020-02-06 05:00:00,24,41,33,12,58.43
2020-02-06 06:00:00,9,18,45,14,63.58
2020-02-06 07:00:00,8,12,46,3,60.41
2020-02-06 08:00:00,16,13,49,10,63.73
2020-02-06 09:00:00,16,6,58,5,68.65
2020-02-06 10:00:00,35,34,34,1,64.42
2020-02-06 11:00:00,27,6,64,6,73.13
2020-02-06 12:00:00,45,28,39,8,66.51
2020-02-06 13:00:00,28,20,49,13,65.0
2020-02-06 14:00:00,42,9,37,15,76.43
2020-02-06 15:00:00,28,38,43,16,55.0
2020-02-06 16:00:00,21,33,60,1,55.0
2020-02-06 17:00:00,35,36,31,16,62.0
2020-02-06 18:00:00,25,40,47,9,59.66
2020-02-06 19:00:00,18,39,51,3,57.32
2020-02-06 20:00:00,25,31,51,11,66.37
2020-02-06 21:00:00,33,25,44,1,70.29
2020-02-06 22:00:00,22,31,43,8,62.35
2020-02-06 23:00:00,34,22,63,14,80.53
2020-02-07 00:00:00,45,12,38,17,87.4
2020-02-07 01:00:00,23,20,47,5,74.12
2020-02-07 02:00:00,19,23,43,3,60.79
2020-02-07 03:00:00,23,7,58,10,72.55
2020-02-07 04:00:00,39,37,59,2,65.4
2020-02-07 05:00:00,14,39,61,17,55.0
2020-02-07 06:00:00,44,21,33,5,68.14
2020-02-07 07:00:00,23,24,33,3,60.94
2020-02-07 08:00:00,39,37,43,4,62.23
2020-02-07 09:00:00,37,22,46,6,68.13
2020-02-07 10:00:00,37,31,32,13,61.5
2020-02-07 11:00:00,42,25,63,15,62.93
2020-02-07 12:00:00,15,16,63,13,56.81
2020-02-07 13:00:00,30,35,45,11,55.0
2020-02-07 14:00:00,11,13,58,4,58.48
2020-02-07 15:00:00,19,14,50,16,56.21
2020-02-07 16:00:00,9,31,54,17,55.0
2020-02-07 17:00:00,33,32,62,11,61.32
2020-02-07 18:00:00,31,41,33,14,59.51
2020-02-07 19:00:00,36,32,38,5,65.69
2020-02-07 20:00:00,14,6,45,8,72.72
2020-02-07 21:00:00,20,37,63,14,57.12
2020-02-07 22:00:00,33,21,51,7,73.08
2020-02-07 23:00:00,39,6,44,13,86.37
2020-02-08 00:00:00,41,27,31,15,71.42
2020-02-08 01:00:00,10,12,51,16,62.68
2020-02-08 02:00:00,23,21,39,5,59.77
2020-02-08 03:00:00,8,23,42,8,55.0
2020-02-08 04:00:00,39,8,66,6,86.07
2020-02-08 05:00:00,12,37,49,9,55.0
2020-02-08 06:00:00,39,24,35,13,65.49
2020-02-08 07:00:00,13,41,31,5,55.0
2020-02-08 08:00:00,8,23,44,4,55.0
2020-02-08 09:00:00,41,28,32,4,64.28
2020-02-08 10:00:00,24,36,45,13,55.0
2020-02-08 11:00:00,24,13,45,17,55.0
2020-02-08 12:00:00,32,39,62,1,55.0
2020-02-08 13:00:00,18,12,42,17,58.13
2020-02-08 14:00:00,34,42,40,0,55.0
2020-02-08 15:00:00,24,29,52,9,58.87
2020-02-08 16:00:00,18,25,53,2,55.0
2020-02-08 17:00:00,23,13,31,17,64.32
2020-02-08 18:00:00,8,27,33,13,59.17
2020-02-08 19:00:00,19,26,36,6,58.21
2020-02-08 20:00:00,30,42,58,12,57.82
2020-02-08 21:00:00,13,36,37,15,55.0
2020-02-08 22:00:00,12,23,66,3,63.95
2020-02-08 23:00:00,32,20,46,11,74.56
2020-02-09 00:00:00,24,20,64,5,66.15
2020-02-09 01:00:00,13,20,39,12,59.81
2020-02-09 02:00:00,36,6,45,10,79.29
2020-02-09 03:00:00,37,7,35,12,79.11
2020-02-09 04:00:00,9,33,61,11,59.52
2020-02-09 05:00:00,15,15,52,11,65.9
2020-02-09 06:00:00,22,21,32,1,60.49
2020-02-09 07:00:00,35,31,57,15,68.78
2020-02-09 08:00:00,10,28,62,3,55.0
2020-02-09 09:00:00,38,19,55,7,63.28
2020-02-09 10:00:00,20,33,59,9,58.57
2020-02-09 11:00:00,12,11,40,15,56.64
2020-02-09 12:00:00,40,23,45,11,57.39
2020-02-09 13:00:00,11,9,61,3,55.0
2020-02-09 14:00:00,12,25,52,5,55.73
2020-02-09 15:00:00,44,9,52,3,72.0
2020-02-09 16:00:00,27,40,58,10,58.86
2020-02-09 17:00:00,25,30,52,12,58.67
2020-02-09 18:00:00,34,15,34,12,73.77
2020-02-09 19:00:00,31,28,37,13,62.55
2020-02-09 20:00:00,31,18,58,12,74.36
2020-02-09 21:00:00,8,25,38,16,55.96
2020-02-09 22:00:00,28,12,54,16,75.0
2020-02-09 23:00:00,18,24,47,4,58.55
2020-02-10 00:00:00,38,9,52,5,85.08
2020-02-10 01:00:00,27,11,38,1,67.68
2020-02-10 02:00:00,12,27,41,4,61.47
2020-02-10 03:00:00,41,24,55,9,76.82
2020-02-10 04:00:00,18,16,36,11,66.81
2020-02-10 05:00:00,18,8,41,15,58.3
2020-02-10 06:00:00,43,21,66,10,72.2
2020-02-10 07:00:00,37,40,35,17,56.66
2020-02-10 08:00:00,40,32,51,9,67.94
2020-02-10 09:00:00,33,8,35,15,68.3
2020-02-10 10:00:00,42,40,56,14,70.99
2020-02-10 11:00:00,12,21,34,8,55.0
2020-02-10 12:00:00,30,27,51,15,56.19
2020-02-10 13:00:00,19,6,46,15,64.66
2020-02-10 14:00:00,23,17,55,5,59.1
2020-02-10 15:00:00,17,35,30,3,55.0
2020-02-10 16:00:00,15,18,49,2,63.04
2020-02-10 17:00:00,24,12,50,16,70.49
2020-02-10 18:00:00,42,9,38,7,82.01
2020-02-10 19:00:00,32,40,41,10,63.97
2020-02-10 20:00:00,21,36,56,4,59.55
2020-02-10 21:00:00,24,7,50,7,71.26
2020-02-10 22:00:00,28,40,51,7,63.23
2020-02-10 23:00:00,17,36,64,10,55.0
2020-02-11 00:00:00,27,19,44,3,70.33
2020-02-11 01:00:00,34,30,62,14,71.5
2020-02-11 02:00:00,17,15,66,7,69.95
2020-02-11 03:00:00,30,15,51,4,68.31
2020-02-11 04:00:00,34,32,37,0,62.12
2020-02-11 05:00:00,27,13,45,1,72.21
2020-02-11 06:00:00,19,19,31,4,59.6
2020-02-11 07:00:00,29,19,55,13,73.28
2020-02-11 08:00:00,38,11,40,15,80.73
2020-02-11 09:00:00,16,36,64,17,55.0
2020-02-11 10:00:00,29,30,54,5,60.13
2020-02-11 11:00:00,33,37,48,11,63.52
2020-02-11 12:00:00,20,25,36,4,55.0
2020-02-11 13:00:00,22,12,33,2,61.76
2020-02-11 14:00:00,41,16,54,9,77.63
2020-02-11 15:00:00,21,19,58,11,61.56
2020-02-11 16:00:00,30,40,39,13,60.17
2020-02-11 17:00:00,13,14,30,2,57.84
2020-02-11 18:00:00,43,31,41,13,67.74
2020-02-11 19:00:00,30,10,58,5,80.06
2020-02-11 20:00:00,36,41,51,5,63.94
2020-02-11 21:00:00,30,29,33,0,66.4
2020-02-11 22:00:00,21,21,34,3,58.6
2020-02-11 23:00:00,20,18,33,8,66.27
2020-02-12 00:00:00,34,19,58,3,81.18
2020-02-12 01:00:00,40,14,58,5,80.48
2020-02-12 02:00:00,12,28,45,9,61.57
2020-02-12 03:00:00,40,38,55,1,70.02
2020-02-12 04:00:00,39,14,30,15,77.37
2020-02-12 05:00:00,12,33,50,5,59.22
2020-02-12 06:00:00,12,26,40,13,55.0
2020-02-12 07:00:00,34,34,60,11,62.92
2020-02-12 08:00:00,40,34,48,13,64.18
2020-02-12 09:00:00,22,7,61,5,70.66
2020-02-12 10:00:00,32,6,50,3,77.64
2020-02-12 11:00:00,45,39,46,2,56.83
2020-02-12 12:00:00,20,11,65,4,69.59
2020-02-12 13:00:00,16,27,66,9,55.65
2020-02-12 14:00:00,45,33,46,11,68.69
2020-02-12 15:00:00,18,24,43,13,66.56
2020-02-12 16:00:00,25,6,53,17,70.62
2020-02-12 17:00:00,24,6,36,14,66.61
2020-02-12 18:00:00,27,30,44,6,62.7
2020-02-12 19:00:00,18,39,61,8,56.29
2020-02-12 20:00:00,33,18,63,17,79.46
2020-02-12 21:00:00,34,26,45,12,69.1
2020-02-12 22:00:00,15,40,44,7,55.0
2020-02-12 23:00:00,26,36,62,14,58.08
2020-02-13 00:00:00,10,25,37,2,55.0
2020-02-13 01:00:00,16,30,32,12,56.7
2020-02-13 02:00:00,45,41,32,17,67.35
2020-02-13 03:00:00,27,35,34,9,68.96
2020-02-13 04:00:00,31,21,62,11,65.7
2020-02-13 05:00:00,41,31,31,1,69.63
2020-02-13 06:00:00,35,18,42,10,69.17
2020-02-13 07:00:00,38,40,52,5,62.35
2020-02-13 08:00:00,35,9,52,17,73.56
2020-02-13 09:00:00,26,14,60,5,72.08
2020-02-13 10:00:00,32,18,66,5,73.04
2020-02-13 11:00:00,18,13,44,7,60.87
2020-02-13 12:00:00,41,28,38,12,70.73
2020-02-13 13:00:00,14,32,33,17,55.0
2020-02-13 14:00:00,41,38,62,6,68.04
2020-02-13 15:00:00,41,24,43,3,68.82
2020-02-13 16:00:00,13,28,63,13,58.13
2020-02-13 17:00:00,34,28,42,9,61.78
2020-02-13 18:00:00,45,6,57,8,82.19
2020-02-13 19:00:00,29,32,53,17,72.05
2020-02-13 20:00:00,20,6,56,8,69.73
2020-02-13 21:00:00,41,26,54,11,73.61
2020-02-13 22:00:00,27,42,41,17,55.0
2020-02-13 23:00:00,12,35,33,3,55.0
2020-02-14 00:00:00,17,24,30,16,57.15
2020-02-14 01:00:00,33,17,45,17,72.44
2020-02-14 02:00:00,25,36,62,8,62.73
2020-02-14 03:00:00,16,37,53,6,56.58
2020-02-14 04:00:00,38,19,54,2,71.55
2020-02-14 05:00:00,12,9,39,0,61.04
2020-02-14 06:00:00,16,27,47,17,60.46
2020-02-14 07:00:00,25,29,45,7,65.44
2020-02-14 08:00:00,9,40,35,12,55.0
2020-02-14 09:00:00,22,38,52,4,55.0
2020-02-14 10:00:00,42,14,43,5,78.04
2020-02-14 11:00:00,43,15,44,14,80.35
2020-02-14 12:00:00,41,42,52,11,55.0
2020-02-14 13:00:00,20,18,31,3,61.66
2020-02-14 14:00:00,10,22,64,0,55.0
2020-02-14 15:00:00,38,17,38,14,68.34
2020-02-14 16:00:00,22,20,55,1,62.25
2020-02-14 17:00:00,36,26,58,0,69.39
2020-02-14 18:00:00,12,16,35,5,63.41
2020-02-14 19:00:00,33,21,39,16,73.57
2020-02-14 20:00:00,30,19,45,11,64.25
2020-02-14 21:00:00,42,9,60,0,82.22
2020-02-14 22:00:00,11,35,53,16,55.0
2020-02-14 23:00:00,23,38,47,16,64.56
2020-02-15 00:00:00,45,24,61,12,68.07
2020-02-15 01:00:00,22,13,47,1,68.38
2020-02-15 02:00:00,33,29,62,0,63.02
2020-02-15 03:00:00,14,25,58,15,55.0
2020-02-15 04:00:00,35,26,36,14,71.57
2020-02-15 05:00:00,18,28,44,14,55.0
2020-02-15 06:00:00,29,32,30,8,55.0
2020-02-15 07:00:00,41,7,38,10,77.53
2020-02-15 08:00:00,33,9,30,3,78.92
2020-02-15 09:00:00,26,9,33,0,59.07
2020-02-15 10:00:00,15,11,30,3,60.26
2020-02-15 11:00:00,20,41,54,11,55.0
2020-02-15 12:00:00,40,33,45,7,60.48
2020-02-15 13:00:00,16,30,47,11,57.2
2020-02-15 14:00:00,32,31,58,7,56.64
2020-02-15 15:00:00,26,7,59,10,75.78
2020-02-15 16:00:00,20,13,49,17,68.17
2020-02-15 17:00:00,35,35,46,11,60.14
2020-02-15 18:00:00,21,23,54,17,55.18
2020-02-15 19:00:00,18,24,45,17,55.19
2020-02-15 20:00:00,28,33,46,11,55.0
2020-02-15 21:00:00,36,8,41,17,81.89
2020-02-15 22:00:00,40,35,37,4,69.07
2020-02-15 23:00:00,31,31,37,9,65.19
2020-02-16 00:00:00,33,20,54,1,73.62
2020-02-16 01:00:00,37,24,60,1,79.99
2020-02-16 02:00:00,18,8,45,2,72.15
2020-02-16 03:00:00,17,13,33,2,63.53
2020-02-16 04:00:00,26,15,52,7,71.15
2020-02-16 05:00:00,31,38,63,12,68.87
2020-02-16 06:00:00,32,10,49,17,76.55
2020-02-16 07:00:00,13,16,30,17,55.69
2020-02-16 08:00:00,37,10,33,3,72.78
2020-02-16 09:00:00,21,16,49,7,63.38
2020-02-16 10:00:00,41,6,61,7,76.83
2020-02-16 11:00:00,35,16,32,1,64.33
2020-02-16 12:00:00,45,32,57,0,65.37
2020-02-16 13:00:00,32,34,58,6,63.49
2020-02-16 14:00:00,28,20,31,15,63.83
2020-02-16 15:00:00,15,32,37,6,55.0
2020-02-16 16:00:00,23,28,30,6,58.54
2020-02-16 17:00:00,40,39,50,17,61.48
2020-02-16 18:00:00,22,35,36,6,55.0
2020-02-16 19:00:00,10,14,63,12,63.34
2020-02-16 20:00:00,17,27,33,17,55.0
2020-02-16 21:00:00,30,35,54,2,55.0
2020-02-16 22:00:00,31,17,59,9,75.47
2020-02-16 23:00:00,45,27,36,6,71.5
2020-02-17 00:00:00,43,20,39,2,72.49
2020-02-17 01:00:00,28,17,59,0,71.01
2020-02-17 02:00:00,29,13,33,11,77.7
2020-02-17 03:00:00,38,7,46,11,84.26
2020-02-17 04:00:00,9,33,39,10,55.0
2020-02-17 05:00:00,30,36,30,12,60.68
2020-02-17 06:00:00,26,30,46,12,56.72
2020-02-17 07:00:00,37,14,48,1,77.39
2020-02-17 08:00:00,38,6,42,0,79.89
2020-02-17 09:00:00,32,29,60,6,62.0
2020-02-17 10:00:00,32,13,33,10,68.09
2020-02-17 11:00:00,34,26,45,16,65.72
2020-02-17 12:00:00,30,41,36,17,55.0
2020-02-17 13:00:00,16,6,58,14,69.3
2020-02-17 14:00:00,18,27,50,5,56.41
2020-02-17 15:00:00,36,42,56,10,57.13
2020-02-17 16:00:00,31,18,33,2,72.32
2020-02-17 17:00:00,17,36,46,8,55.0
2020-02-17 18:00:00,41,36,31,1,62.01
2020-02-17 19:00:00,45,23,41,17,72.64
2020-02-17 20:00:00,31,17,64,8,75.78
2020-02-17 21:00:00,16,31,56,12,63.26
2020-02-17 22:00:00,43,28,32,1,69.42
2020-02-17 23:00:00,16,23,43,17,76.02
2020-02-18 00:00:00,24,13,62,9,73.04
2020-02-18 01:00:00,40,33,36,1,72.18
2020-02-18 02:00:00,27,13,58,6,76.35
2020-02-18 03:00:00,17,10,41,3,70.25
2020-02-18 04:00:00,11,8,47,1,64.37
2020-02-18 05:00:00,21,22,62,0,70.02
2020-02-18 06:00:00,33,10,54,12,73.57
2020-02-18 07:00:00,35,18,40,15,64.05
2020-02-18 08:00:00,16,14,30,11,56.3
2020-02-18 09:00:00,14,23,38,12,60.39
2020-02-18 10:00:00,34,34,45,0,64.54
2020-02-18 11:00:00,14,22,34,3,55.0
2020-02-18 12:00:00,10,26,62,0,55.09
2020-02-18 13:00:00,26,11,32,17,58.11
2020-02-18 14:00:00,29,10,50,13,70.38
2020-02-18 15:00:00,17,42,66,17,55.0
2020-02-18 16:00:00,16,28,42,16,57.85
2020-02-18 17:00:00,16,6,49,4,70.39
2020-02-18 18:00:00,21,26,32,9,63.31
2020-02-18 19:00:00,8,6,56,11,65.62
2020-02-18 20:00:00,8,8,66,13,67.02
2020-02-18 21:00:00,22,19,58,12,63.57
2020-02-18 22:00:00,8,30,35,8,55.0
2020-02-18 23:00:00,20,28,43,0,66.98
2020-02-19 00:00:00,30,35,56,16,67.99
2020-02-19 01:00:00,9,12,59,12,68.18
2020-02-19 02:00:00,31,13,44,15,82.42
2020-02-19 03:00:00,31,25,65,3,66.95
2020-02-19 04:00:00,29,38,37,1,63.05
2020-02-19 05:00:00,31,32,57,16,60.77
2020-02-19 06:00:00,38,30,48,14,74.28
2020-02-19 07:00:00,10,9,56,15,66.33
2020-02-19 08:00:00,14,38,52,7,55.0
2020-02-19 09:00:00,20,42,45,16,55.0
2020-02-19 10:00:00,34,27,60,4,73.85
2020-02-19 11:00:00,41,18,61,13,81.57
2020-02-19 12:00:00,42,30,60,8,68.99
2020-02-19 13:00:00,30,29,33,2,63.37
2020-02-19 14:00:00,23,40,45,12,55.0
2020-02-19 15:00:00,23,10,57,6,63.76
2020-02-19 16:00:00,10,25,62,2,58.05
2020-02-19 17:00:00,25,32,43,12,55.0
2020-02-19 18:00:00,27,18,57,13,75.06
2020-02-19 19:00:00,15,37,50,5,57.43
2020-02-19 20:00:00,37,8,38,17,82.11
2020-02-19 21:00:00,38,9,63,12,85.32
2020-02-19 22:00:00,19,35,46,0,62.82
2020-02-19 23:00:00,42,10,52,6,87.41
2020-02-20 00:00:00,12,21,40,17,60.45
2020-02-20 01:00:00,42,16,30,3,74.11
2020-02-20 02:00:00,37,31,46,17,74.15
2020-02-20 03:00:00,16,6,56,9,74.27
2020-02-20 04:00:00,32,19,42,12,83.14
2020-02-20 05:00:00,19,42,64,12,55.0
2020-02-20 06:00:00,38,19,57,9,75.88
2020-02-20 07:00:00,14,28,53,9,56.26
2020-02-20 08:00:00,17,42,59,10,55.0
2020-02-20 09:00:00,19,28,61,11,55.0
2020-02-20 10:00:00,15,33,56,13,55.0
2020-02-20 11:00:00,20,41,60,7,55.0
2020-02-20 12:00:00,30,28,56,7,59.39
2020-02-20 13:00:00,32,36,61,14,61.23
2020-02-20 14:00:00,29,24,33,13,61.06
2020-02-20 15:00:00,15,36,42,11,55.0
2020-02-20 16:00:00,15,29,62,8,59.38
2020-02-20 17:00:00,42,18,47,10,74.35
2020-02-20 18:00:00,17,26,30,10,55.0
2020-02-20 19:00:00,11,18,61,7,60.87
2020-02-20 20:00:00,25,20,54,3,65.62
2020-02-20 21:00:00,8,16,63,9,55.1
2020-02-20 22:00:00,21,24,30,7,63.34
2020-02-20 23:00:00,40,18,35,0,79.26
2020-02-21 00:00:00,18,29,48,17,64.81
2020-02-21 01:00:00,34,19,36,12,69.12
2020-02-21 02:00:00,26,24,49,2,67.73
2020-02-21 03:00:00,21,11,42,3,74.87
2020-02-21 04:00:00,33,20,37,10,68.28
2020-02-21 05:00:00,30,19,58,15,72.64
2020-02-21 06:00:00,20,41,31,8,55.42
2020-02-21 07:00:00,16,22,62,14,55.0
2020-02-21 08:00:00,42,6,35,2,79.62
2020-02-21 09:00:00,14,17,51,9,62.4
2020-02-21 10:00:00,44,32,66,14,65.38
2020-02-21 11:00:00,25,12,34,15,69.23
2020-02-21 12:00:00,45,12,64,4,80.07
2020-02-21 13:00:00,21,19,41,12,65.41
2020-02-21 14:00:00,29,19,57,0,67.11
2020-02-21 15:00:00,31,23,61,2,72.21
